147824451,0,0.87012910798122067,0,0.12987089201877935,0,0,0,0,0,0,0,8.8028169014084512e-005,0.93582746478873235,2.9342723004694835e-005,0.061590375586854457,0.00014671361502347418,0,0.00049882629107981223,5.868544600938967e-005,0,0.0017605633802816902,0,0,0.66414319248826292,0,0.33585680751173708,0,0,0,0,0,0,0,0.065404929577464785,0.11851525821596244,0.030927230046948358,0.62860915492957747,0.046977699530516434,0,0.017781690140845071,0.0034624413145539906,0.0013204225352112676,0.085710093896713621,0.0012910798122065727,0.054782863849765259,0.06740023474178404,0.021889671361502348,0.75099765258215967,0.0062500000000000003,8.8028169014084512e-005,0.013174882629107982,0.0034037558685446009,0.00026408450704225349,0.079225352112676062,0.0025234741784037557,0.05011737089201878,0.060886150234741782,0.042576291079812208,0.79741784037558683,0.008274647887323943,0.00014671361502347418,0.013468309859154929,0.0076291079812206572,0.0015258215962441314,0.014055164319248825,0.003902582159624413,5.868544600938967e-005,0.24941314553990609,0,0.6194542253521127,0.13107394366197184,0,0,0,0,0,0,0,0.38573943661971832,0,0.50944835680751177,0.10466549295774648,0,0,0,0,0.00014671361502347418,0,0.00011737089201877934,0.15554577464788732,0,0.80038145539906103,0.042194835680751171,0,2.9342723004694835e-005,0,0,0.0017312206572769953,0
147825989,0.00044014084507042255,0.5825410798122066,0.0078931924882629113,0.40595657276995306,0.0015551643192488263,0,2.9342723004694835e-005,0.00014671361502347418,0,0.00044014084507042255,0.00099765258215962446,0.0047241784037558689,0.52200704225352113,0.0022887323943661972,0.40134976525821597,0.0018779342723004694,0,0.029166666666666667,0.00032276995305164318,0,0.038262910798122066,0,0.0043720657276995305,0.34040492957746477,0.00014671361502347418,0.63166079812206577,0.00096830985915492959,0,0.0041079812206572773,0.00014671361502347418,0,0.018192488262910797,0,0.13327464788732393,0.050264084507042256,0.020657276995305163,0.57702464788732399,0.052992957746478872,2.9342723004694835e-005,0.029870892018779342,0.0012323943661971832,0.0033157276995305165,0.13028169014084506,0.001056338028169014,0.16775234741784037,0.007335680751173709,0.081836854460093894,0.55313967136150233,0.0055457746478873244,0.00014671361502347418,0.054929577464788736,0.0020833333333333333,0.0039612676056338027,0.12291666666666666,0.00035211267605633805,0.13802816901408452,0.0053990610328638498,0.040933098591549297,0.77147887323943665,0.0036384976525821598,0,0.018544600938967135,0.0035798122065727701,0.0023180751173708918,0.016079812206572772,0,0.10874413145539906,0.040316901408450706,0.0284037558685446,0.70123239436619722,0.086062206572769959,8.8028169014084512e-005,0.0065434272300469486,0.0013497652582159625,0.0018192488262910799,0.025088028169014086,0.00035211267605633805,0.14841549295774648,0.026819248826291081,0.021361502347417842,0.73609154929577469,0.065228873239436616,0,2.9342723004694835e-005,0.0016431924882629107,0.00029342723004694836,8.8028169014084512e-005,2.9342723004694835e-005,0.073386150234741779,0.015316901408450705,0.039172535211267609,0.79624413145539907,0.063585680751173712,0,0.003433098591549296,0.0032570422535211268,0.0011443661971830986,0.0044307511737089198,2.9342723004694835e-005
147826525,0.00014671361502347418,0.9771713615023474,0,0.022593896713615023,0,0,0,2.9342723004694835e-005,0,5.868544600938967e-005,0,0.0030223004694835682,0.93931924882629103,0.0010856807511737088,0.041901408450704225,0.00044014084507042255,0,0.0027582159624413146,5.868544600938967e-005,0,0.01141431924882629,0,0.0094190140845070418,0.9062793427230047,0.00014671361502347418,0.069571596244131451,0.0015551643192488263,0,0.0012323943661971832,0.00023474178403755868,0,0.011561032863849765,0,0.12004107981220657,0.20484154929577464,0.06895539906103286,0.5171654929577465,0.0017312206572769953,0,0.024295774647887323,0.0040492957746478871,0.0017312206572769953,0.056983568075117369,0.00020539906103286384,0.1119131455399061,0.072975352112676056,0.063409624413145543,0.59031690140845072,0.011678403755868545,0,0.050674882629107978,0.0017312206572769953,0.0011737089201877935,0.095862676056338025,0.00026408450704225349,0.16112089201877935,0.097183098591549291,0.0087441314553990609,0.69284037558685441,0.0044014084507042256,0,0.0085974178403755864,0.0010856807511737088,0.00017605633802816902,0.025850938967136149,0,0.14976525821596245,0.0036091549295774648,0.025997652582159626,0.78028169014084503,0.025821596244131457,0,0.0016138497652582161,0.0035798122065727701,0.0010269953051643193,0.0079518779342722997,0.00035211267605633805,0.14087441314553992,0.00020539906103286384,0.025117370892018778,0.7953345070422535,0.029606807511737089,0,0.0031396713615023473,0.0018485915492957746,0.00026408450704225349,0.0036091549295774648,0,0.082482394366197184,0.0013497652582159625,0.027053990610328638,0.84732981220657277,0.022535211267605635,0,0.0069542253521126763,0.0023767605633802816,0.00017605633802816902,0.0093309859154929575,0.00041079812206572768
2323210481,0.00086746987951807225,0.02274698795180723,0.026650602409638555,0.0078554216867469887,0,0,0.8469397590361446,0.047084337349397591,0,0.047855421686746988,0,0.0016867469879518072,0.029493975903614456,0.0039518072289156624,0.0087228915662650609,0,0,0.70833734939759041,0.084144578313253018,4.8192771084337347e-005,0.16361445783132531,0,0.013108433734939759,0.00077108433734939755,0.05195180722891566,0.063710843373493975,0.00062650602409638557,0,0.6826506024096386,0.0033734939759036144,0,0.18371084337349397,9.6385542168674694e-005,0.06607228915662651,0.0081927710843373493,0.026216867469879519,0.21648192771084337,0.00038554216867469878,0.0029879518072289156,0.55359036144578311,0.026843373493975902,0.0049156626506024099,0.092433734939759038,0.0018795180722891566,0.087566265060240969,0.0030843373493975902,0.064963855421686742,0.30679518072289158,0.00057831325301204817,4.8192771084337347e-005,0.36766265060240966,0.02380722891566265,0.01657831325301205,0.12828915662650603,0.00062650602409638557,0.20144578313253012,0.0052048192771084337,0.024337349397590361,0.3378313253012048,0,0,0.36395180722891568,0.021253012048192771,0,0.04597590361445783,0,0.43672289156626504,0.19012048192771083,0.026843373493975902,0.26862650602409638,0.00072289156626506026,0.00038554216867469878,0.008481927710843374,0.013638554216867469,0.0031807228915662652,0.051228915662650601,4.8192771084337347e-005,0.31624096385542166,0.12202409638554217,0.10173493975903615,0.3317590361445783,0.0011566265060240963,0,0.0058795180722891567,0.0061686746987951804,0.0040000000000000001,0.11079518072289157,0.00024096385542168674,0.52342168674698797,0.11397590361445784,0.060915662650602408,0.23532530120481929,0.0020722891566265062,0,0.0031807228915662652,0.00236144578313253,0.0055421686746987952,0.053204819277108434,0
2656405314,0.14722431279790704,0,0.023115794000645094,0.02788230656201842,0.016879905386517579,0,7.1676880622155326e-005,0,0,0.78482600437228967,0,0.0023653370605311256,0,0.0017560835752428055,0.0034763287101745332,0.00014335376124431065,0,0.0002867075224886213,0,0,0.99197218937031861,0,0,0,0,0.071891911264021793,0,0,0.028921621331039673,0,0,0.89918646740493857,0,0.20266637995914419,0,0.16503601763251263,0.15181163315772497,0.029208328853528295,0,0.00014335376124431065,0,0,0.45113428663584559,0,0.07275203383148765,0,0.16385334910224708,0.22943769487151919,0.014765437408163997,0,0.0018635988961760385,0,0,0.51722037056947279,0.00010751532093323298,0.14360463032648818,0,0.082141705192989994,0.11253270257678386,0.015912267498118481,0,0.010536501451456832,3.5838440311077663e-005,0,0.63516467763322937,7.1676880622155326e-005,0.50367344013188542,0,0.13862308712324839,0.19997849693581335,0.063649069992473925,0,0.0066301114575493675,7.1676880622155326e-005,0,0.087338279038096267,3.5838440311077663e-005,0.13428663584560799,0,0.16854818478299824,0.4681933842239186,0.028706590689173209,0,0.016664874744651111,0,0,0.18360032971365087,0,0.2461025696161703,0,0.13038024585170052,0.58642439881016373,0.027488083718596568,0,0.0050532200838619501,0,0,0.0045514819195068635,0
2782237974,0.26047384471029789,0.50344827586206897,0.0020642739854562515,0.22603800140745953,0,0,0.00079756040347173356,0.0026741731175228714,0,0.0045038705137227302,0,0.09490968801313629,0.42918132770349521,0.012104152005629839,0.37902885292047855,0.00098522167487684722,0,0.012760966455547737,0.0012667135819845179,0,0.06976307764485104,0,0.0054421768707482989,0.90279146141215105,0.0013605442176870747,0.08402533427163969,0,0,9.383063570255688e-005,0.0002345765892563922,0,0.0060520760028149193,0,0.40595824536711234,0.047712878254750173,0.070795214637579165,0.37138165611072016,9.383063570255688e-005,0,0.0020642739854562515,0.00065681444991789822,0,0.10133708655876143,0,0.17879427633122214,0,0.10903119868637109,0.55852685901946986,0.005536007506450856,0,0.0052076002814919068,0,0,0.14281022753929157,9.383063570255688e-005,0.32540464461646729,0.36471968097583862,0.10551254984752521,0.090921885995777621,0.00037532254281022752,0,0.001688951442646024,0.002017358667604973,0.004316209242317617,0.10504339666901243,0,0.18015482054890922,0,0.083603096410978184,0.20164203612479475,0.44391273750879662,0,0.0038939713816561108,0,0,0.07520525451559934,0.011588083509265776,0.053999530846821485,9.383063570255688e-005,0.15735397607318791,0.18822425521932912,0.41412151067323483,0,0.0080694346704198918,0.00028149190710767064,0.00075064508562045504,0.17471264367816092,0.0023926812104152007,0.52324653999530846,4.691531785127844e-005,0.036406286652592074,0.047290640394088673,0.3682852451325358,0,0.001688951442646024,0.00018766127140511376,0,0.022519352568613652,0.00032840722495894911
3063352289,0.70031477260392927,0.29431238467383047,0.00075979594051883204,0.0028763703462498643,0,0,0.00010854227721697601,0.00021708455443395202,0,0.0014110496038206881,0,0.086453923803321397,0.91175512862259855,0,0.0015195918810376641,0,0,0,0.00027135569304244004,0,0,0,0.76674264626071853,0.23048952567024855,0,0.00070552480191034403,0,0,0,0.00016281341582546403,0,0.0018994898512970802,0,0.65103657874742216,0.032725496580918265,0.085205687615326167,0.095462932812330398,0.016118528166720939,0.00037989797025941602,0.020840117225659396,0.00075979594051883204,0.0014653207424291761,0.089058938456528819,0.0069467057418864647,0.085205687615326167,0.19537609899055683,0.14213611201563009,0.24329751438185174,0.03706718766959731,0.00048844024747639206,0.094051883208509712,0.0043959622272875289,0.0070009768804949529,0.18267665255617063,0.0083034842070986645,0.73987843264951703,0.036253120590469985,0.039835015738630193,0.069195701725822206,0.010691414305872136,0.00010854227721697601,0.013513513513513514,0.00081406707912732006,0.0016824052968631281,0.086833821773580816,0.0011939650493867362,0.80256159774232061,0.015521545642027569,0,0.18034299359600564,0.0015738630196461521,0,0,0,0,0,0,0.43004450233365898,0.18886356235753826,0.00054271138608488008,0.36660154130033651,0.0084662976229241283,0,5.4271138608488005e-005,0.0039617931184196247,5.4271138608488005e-005,0.0014110496038206881,0,0.88928687723868449,0.012482361879952242,0.0009226093563442961,0.089167480733745794,0.0010311516335612721,0,0.00021708455443395202,0,0,0.0068924346032779764,0
3064190518,0.98165635515033101,0,0.01769239118636709,0.00043416910886790404,0.00021708455443395202,0,0,0,0,0,0,0.7945294692282644,0,0.067296211874525128,0.126668837512211,0.011505481384999457,0,0,0,0,0,0,0.70769564745468361,0,0.034028003907521982,0.2493216107673939,0.0089547378704005216,0,0,0,0,0,0,0.94388364267882341,0,0.018560729404102898,0.025833061977640293,0.00054271138608488008,0.00086833821773580808,0,0.0018452187126885922,0.0076522305437968091,0.00065125366330185612,0.00016281341582546403,0.37550200803212852,0.013947682622381418,0.02664712905676761,0.46521220015195919,0.00086833821773580808,0,0.0014653207424291761,0.002008032128514056,0,0.11434928904808422,0,0.30109627699989144,0.059752523607945293,0.0073266037121458806,0.42765657223488551,0.0011939650493867362,0,0.00081406707912732006,0.010582872028655162,0,0.19157711928796267,0,0.55861282969716708,0,0.33159665689786172,0.090252903505915555,0.0013567784652122002,0.0089004667317920325,5.4271138608488005e-005,0,0.0046130467817214809,0.00043416910886790404,0.0041788776728535768,0.80929121892977318,0.0024964723759904484,5.4271138608488005e-005,0.17214805166612396,0,0,0.00016281341582546403,0.00043416910886790404,0,0.015413003364810593,0,0.7976229241289482,0.018940627374362314,0.00037989797025941602,0.17388472810159558,0.00016281341582546403,0,0,0.0005969825246933681,0,0.0084120264843156409,0
3064190670,0.9920764137631608,0.0042331488114620642,0.0012482361879952242,0.0005969825246933681,0.00075979594051883204,0,0,0.0010854227721697602,0,0,0,0.87050906328014765,0.042494301530446109,0,0.081732334744382934,5.4271138608488005e-005,0,0.00010854227721697601,0.0047758601975469448,0,0.00032562683165092806,0,0.59448605231737761,0.078313253012048195,0.016227070443937914,0.22343427765114512,0.00048844024747639206,0,0.016606968414197329,0.0060783675241506564,0.00081406707912732006,0.063551503310539451,0,0.6821882123086942,0.047487246282427002,0.036036036036036036,0.22658200369043743,0.00032562683165092806,0,0,0.0068381634646694891,0.00054271138608488008,0,0,0.39986974926733965,0.24839900141104959,0.033539563660045589,0.27043308368609575,0.0011939650493867362,0,0.00043416910886790404,0.045587756431129924,0.00027135569304244004,0.00027135569304244004,0,0.39503961793118419,0.37175729946814284,0.0052643004450233363,0.20834690111798546,0.00043416910886790404,0,0,0.019157711928796266,0,0,0,0.12346684033431021,0,0.40236622164333008,0.25860197546944536,0.0009226093563442961,0.10186692716813199,0.019374796483230219,0.0010854227721697602,0.012319548464126777,0.078964506675350044,0.0010311516335612721,0.11700857483990014,0.010202974058395745,0.21165744057310323,0.20628459785086292,0.00065125366330185612,0.042385759253229134,0.12878541191794204,0.0013025073266037122,0.0024964723759904484,0.27406924997286441,0.0051557581678063607,0.33566699229349833,0.030066210789102356,0.14197329859980462,0.34918050580701182,0.0005969825246933681,0,0.031097362422663626,0.0064582654944100731,0.00037989797025941602,0.10387495929664604,0.00070552480191034403
3064190792,0.72245739715619228,0.017855204602192552,0.00016281341582546403,0.16308477151850645,0.00048844024747639206,0,0.00037989797025941602,0.0036361662867686966,0,0.091935308802778684,0,0.60089004667317925,0.036633018560729404,0.0050472158905893842,0.26218387061760556,0.00097688049495278412,0,0.0016281341582546401,0.0046673179203299683,0.0013567784652122002,0.086616737219146853,0,0.92244654292847061,0,5.4271138608488005e-005,0.074785629002496468,0,0,0.00010854227721697601,0,0,0.0026050146532074245,0,0.8467925757082384,0.00016281341582546403,0.033159665689786171,0.095028763703462499,0.00043416910886790404,0,0.0015738630196461521,0.00016281341582546403,0,0.022685335938347987,0,0.31797460110713122,0,0.15011396939107782,0.41549983718658418,0.0050472158905893842,0.00070552480191034403,0.014544665147074786,5.4271138608488005e-005,0.00097688049495278412,0.093997612069901232,0.0010854227721697602,0.6233582980570932,0.032779767719526759,0.043308368609573426,0.1162487788993813,0.0013025073266037122,0,0.0047758601975469448,0.018832085097145339,0.00043416910886790404,0.15885162270704439,0.00010854227721697601,0.88364267882340175,0.0005969825246933681,0.015575816780636059,0.096819711277542603,0.0029849126234668404,0,0,0.00037989797025941602,0,0,0,0.53755562791707368,0.018723542819928361,0.13508086399652663,0.30066210789102354,0.0012482361879952242,0,0.00021708455443395202,0.0065125366330185605,0,0,0,0.59383479865407574,0.071963529794855097,0.10642570281124498,0.16400738087485076,0.0067296211874525126,0,0.00010854227721697601,0.0035276240095517206,0,0.053402800390752195,0
318871072,0,0.41774118891754281,0,0.13730741255041989,3.3062223103881503e-005,0,0,0,0,0.4449183363089334,0,0.00013224889241552601,0.04298089003504596,0,0.069265357402631747,0,0,0.00062818223897374858,0,0,0.88699332143093301,0,0.0034715334259075581,0.0071414401904384053,0,0.068240428486411431,0,0,0,0.00042980890035045955,0,0.92071678899689213,0,0.055081663691066589,0.027144085168286716,0.035045956490114397,0.8524763605104807,0.008001057991139324,0,0.0091912980228790585,0.005984262381802552,0.00036368445414269656,0.0067116312900879459,0,0.15056536401507636,0.018283409376446472,0.0091582357997751773,0.80962771936785027,0.0018514844938173642,0,0.00069430668518151157,0.0010249289162203266,3.3062223103881503e-005,0.0085300535608014288,0.00023143556172717052,0.21589631686834623,0.030251934140051576,0.011902400317397342,0.69572836077497846,0.014183693711565165,0,0.002545791178998876,0.0014547378165707862,0,0.028036765192091515,0,0.0018845467169212459,0.0144812537195001,0.00079349335449315612,0.97983204390663226,0.0015869867089863122,0,3.3062223103881503e-005,0,0,0.0013886133703630231,0,0.16524499107319976,0.02635059181379356,0.012133835879124512,0.68756199166831977,0.09234278912914104,9.9186669311644515e-005,0.0011902400317397343,0.0038352178800502546,0.0012233022548436157,0.009257422469086821,0.00076043113138927457,0.37082589433313495,0.0081994313297626131,0.048733716855121338,0.42574224690868212,0.14015076373735369,0,0.0013224889241552603,0.0020167956093367716,0.00016531111551940753,0.0028433511869338096,0
3203944934,1,0,0,0,0,0,0,0,0,0,0,0.95980722891566261,9.6385542168674694e-005,0.001783132530120482,0.015469879518072289,0.021204819277108433,0,0,0.0016385542168674699,0,0,0,1,0,0,0,0,0,0,0,0,0,0,0.88212048192771086,0.0015903614457831326,0.0074216867469879518,0.084048192771084343,0.012867469879518072,0,0.00024096385542168674,0.008481927710843374,0,0.0032289156626506025,0,0.62130120481927709,0.00077108433734939755,0.017349397590361446,0.19204819277108434,0.16563855421686746,0,0,0.002891566265060241,0,0,0,0.91224096385542164,0.0013012048192771084,0,0.033108433734939761,0.052433734939759037,0,0,0.00091566265060240965,0,0,0,0.77927710843373499,0.011518072289156626,0.0082891566265060248,0.12062650602409639,0.07209638554216867,0,4.8192771084337347e-005,0.0036626506024096386,0,0.0044337349397590362,4.8192771084337347e-005,0.79272289156626508,0.00024096385542168674,0.019421686746987951,0.14833734939759036,0.037445783132530122,0,0,0.0018313253012048193,0,0,0,0.87995180722891564,0.0048192771084337354,0.002457831325301205,0.03474698795180723,0.051373493975903614,0.0026506024096385541,0.00024096385542168674,0.0013975903614457832,0.018313253012048194,0.0040000000000000001,4.8192771084337347e-005
3501135358,0.033492032004231967,0.75924089135753492,0.041063281095020832,0.086325464524234605,0.068571050717450246,0,0.00033062223103881507,0.0012563644779474972,0,0.0086292402301130725,0.0010910533624280897,0.087019771209416119,0.34659128479798984,0.099517291542683337,0.26221649143688419,0.16342656880248627,0,0.0017853600476096013,0.004364213449712359,3.3062223103881503e-005,0.026152218475170269,0.0088937380149441241,0.016035178205382531,0.81802552403623618,0.01712623156781062,0.067843681809164849,0.045460556767837071,0,0.00082655557759703767,0.0015208622627785491,3.3062223103881503e-005,0.030516431924882629,0.0026119156252066389,0.32615883091979103,0.0020498578324406533,0.25176882893605768,0.26221649143688419,0.15499570191099649,0,3.3062223103881503e-005,0.0010249289162203266,0.00016531111551940753,0.0013886133703630231,0.00019837333862328903,0.15681412418170998,3.3062223103881503e-005,0.27970640745883751,0.30324671030880118,0.19427362295840772,0,0.00046287112345434105,0.00023143556172717052,9.9186669311644515e-005,0.061859419427362297,0.003273160087284269,0.12404946108576341,0.015969053759174769,0.24690868213978709,0.31815777292865172,0.22369900152086225,0,0.00069430668518151157,0.0027772267407260463,9.9186669311644515e-005,0.064306023937049525,0.0033392845334920319,0.2290220194405872,0.0071745024135422865,0.29174105666865041,0.16977451563843152,0.16398862659525226,0.0068769424056073529,0.018349533822654234,0.01471268928122727,0.014977187066058321,0.019738147193017259,0.063644779474971894,0.13753884811214706,0.0032070356410765061,0.39406863717516366,0.11515572307081928,0.14768895060503867,0.0028764134100376908,0.026879587383455663,0.011670964755670171,0.009819480261852807,0.038319116577398664,0.11277524300733982,0.039145672154995703,0.0027441645176221651,0.38441446802883028,0.13466243470210937,0.19374462738874562,0.0027772267407260463,0.037393374330489983,0.0090921113535674131,0.013853071480526351,0.084870726707663824,0.097302122594723275
3591647297,0.1704225352112676,0.0027288732394366196,0.097857981220657281,0.63752934272300466,0.0082159624413145546,0,0.011913145539906102,0.063321596244131459,0.003902582159624413,0.0037265258215962442,0.00038145539906103286,0.3865316901408451,0.00017605633802816902,0.24753521126760564,0.15220070422535212,0.0073943661971830983,0.00017605633802816902,0.041314553990610327,0.075880281690140841,0.073415492957746478,0.0073943661971830983,0.0079812206572769957,0.0539612676056338,0.0044307511737089198,0.017018779342723004,0.75413732394366195,0.0096244131455399066,0,0.011326291079812206,0.02209507042253521,0.0012030516431924883,0.12576291079812207,0.00044014084507042255,0.25754107981220659,0.021038732394366197,0.12271126760563381,0.48383215962441317,0.016167840375586856,0.001056338028169014,0.031279342723004692,0.035710093896713618,0.018427230046948358,0.0078931924882629113,0.0043427230046948354,0.1613262910798122,0.024325117370892019,0.1334800469483568,0.40695422535211268,0.027288732394366196,0.020715962441314555,0.048327464788732392,0.040287558685446007,0.013321596244131456,0.097857981220657281,0.026115023474178403,0.22866784037558685,0.022593896713615023,0.13174882629107981,0.43799882629107983,0.018720657276995307,0.00035211267605633805,0.012646713615023474,0.032482394366197181,0.011179577464788733,0.05334507042253521,0.050264084507042256,0.26185446009389673,0.13943661971830987,0.24950117370892019,0.21698943661971831,0.033890845070422539,0.00055751173708920186,0.0036971830985915491,0.043691314553990612,0.022271126760563382,0.016197183098591549,0.011913145539906102,0.17573356807511736,0.12379694835680752,0.16076877934272302,0.33177816901408452,0.027963615023474178,0.00023474178403755868,0.026701877934272301,0.043075117370892022,0.018427230046948358,0.088468309859154923,0.0030516431924882629,0.34507042253521125,0.13318661971830986,0.18127934272300469,0.21132629107981221,0.020862676056338028,0.00017605633802816902,0.022505868544600939,0.043749999999999997,0.022388497652582159,0.017899061032863851,0.0015551643192488263
3592454182,0,1,0,0,0,0,0,0,0,0,0,0,1,0,0,0,0,0,0,0,0,0,0.016461267605633802,0.96875,0.0014671361502347417,0.0092136150234741789,0.0031103286384976526,0,0.00011737089201877934,0.00058685446009389673,0,0.00020539906103286384,8.8028169014084512e-005,0.033362676056338025,0.8552523474178404,0.023914319248826293,0.046156103286384975,0.015580985915492958,0.0016725352112676056,0.0074237089201877934,0.002112676056338028,0.002494131455399061,0.010622065727699531,0.0014084507042253522,0.23348004694835681,0.5311913145539906,0.024207746478873238,0.1760856807511737,0.015845070422535211,0.00052816901408450699,0.0031690140845070424,0.0014964788732394366,0.00093896713615023472,0.010974178403755868,0.0020833333333333333,0.54953051643192485,0.054225352112676053,0.13274647887323943,0.18213028169014084,0.043427230046948359,0.0014377934272300471,0.0085680751173708922,0.0091842723004694829,0.0040786384976525822,0.011913145539906102,0.0027582159624413146,0.024090375586854462,0.33659037558685445,0,0.10079225352112677,0.53832159624413145,0,0,0,0,0.00020539906103286384,0,0.029753521126760562,0.11182511737089201,0,0.12816901408450704,0.7300176056338028,0,0,0,0,0.00023474178403755868,0,0.049149061032863851,5.868544600938967e-005,8.8028169014084512e-005,0.012764084507042254,0.93794014084507038,0,0,0,0,0,0
3959518145,0.0091084337349397592,0.91937349397590362,0,0.069012048192771083,4.8192771084337347e-005,0,0,0.001108433734939759,0,0.0013493975903614457,0,0.020048192771084338,0.70968674698795176,0.00028915662650602408,0.19465060240963855,0.00067469879518072286,0,0.0030361445783132529,0.0019277108433734939,0,0.069686746987951811,0,0,1,0,0,0,0,0,0,0,0,0,0.14689156626506025,0.091421686746987946,0.056819277108433736,0.65137349397590361,0.01508433734939759,0,0.0021686746987951808,0.006265060240963855,0,0.018602409638554217,0.011373493975903615,0.1362409638554217,0.023132530120481928,0.033204819277108437,0.70197590361445783,0.0087228915662650609,0,0.0095421686746987953,0.00236144578313253,0,0.083566265060240966,0.0012530120481927711,0.027855421686746987,0.88072289156626504,0.00033734939759036143,0.083662650602409641,0.00048192771084337347,0,0.00057831325301204817,0.001108433734939759,0,0.0052530120481927714,0,0.27802409638554215,0.027951807228915663,0.21243373493975903,0.42009638554216866,0.041686746987951807,0,0.0036144578313253013,0.0045783132530120485,0.00028915662650602408,0.0029397590361445783,0.0083855421686746985,0.40896385542168673,0.0097831325301204822,0.040433734939759033,0.4910843373493976,0.038843373493975902,0,0.00028915662650602408,0.0039036144578313255,0,0.0063614457831325305,0.00033734939759036143,0.23301204819277108,0.31175903614457834,0.078072289156626506,0.34356626506024096,0.0020722891566265062,0,0.010795180722891566,0.011951807228915663,0.00062650602409638557,0.0081445783132530116,0
4273565028,0.0012030516431924883,0.018309859154929577,0,0.0053990610328638498,8.8028169014084512e-005,0,2.9342723004694835e-005,0,0,0.97497065727699528,0,0.022153755868544601,0.36590375586854462,0,0.12447183098591549,0.0017312206572769953,0,0.00014671361502347418,0.00073356807511737085,0,0.48485915492957748,0,0.0016138497652582161,0.0055751173708920186,0,0.021860328638497652,0.00014671361502347418,0,0,2.9342723004694835e-005,0,0.97077464788732393,0,0.11675469483568075,0.18870305164319248,0.00049882629107981223,0.32191901408450702,0.011091549295774649,0,0.0013791079812206573,0.0027288732394366196,2.9342723004694835e-005,0.35689553990610329,0,0.24231220657276994,0.2526701877934272,0.00076291079812206572,0.49201877934272298,0.0089201877934272297,0,2.9342723004694835e-005,0.00029342723004694836,0,0.0029929577464788732,0,0.1790199530516432,0.07526408450704225,0,0.35184859154929576,0.0067488262910798125,0,0.00014671361502347418,0.00035211267605633805,0,0.38661971830985914,0,0.36173708920187791,0.23468309859154929,0.015140845070422536,0.30061619718309857,0.049794600938967135,0,0.0029929577464788732,0.0082159624413145546,0.02646713615023474,0.00032276995305164318,2.9342723004694835e-005,0.26584507042253519,0.25598591549295774,0.017282863849765257,0.36426056338028168,0.088380281690140838,0,0.00076291079812206572,0.0017605633802816902,8.8028169014084512e-005,0.0056338028169014088,0,0.26115023474178406,0.21282276995305163,0.0022007042253521128,0.43415492957746477,0.072769953051643188,0,0.00067488262910798123,0.0050469483568075114,0.00020539906103286384,0.010974178403755868,0
4632864913,0,1,0,0,0,0,0,0,0,0,0,0.018080111876935371,0.90274031898245266,0.0013318682782272834,0.051909566143908369,0.0013651649851829655,0,0.0018313188825625146,0.0004994506043352313,0,0.022142310125528586,9.9890120867046251e-005,0,1,0,0,0,0,0,0,0,0,0,0.11274264975193954,0.74471414777078548,0.0091898911197682547,0.062264842007125495,0.010754836346685313,3.3296706955682086e-005,0.0012652748643159192,0.00099890120867046259,0.00023307694868977458,0.057636599740285684,0.00016648353477841042,0.24090167482435987,0.27965904172077383,0.035960443512136647,0.31548629840508774,0.0053607698198648154,0,0.009123297705856891,0.00083241767389205209,3.3296706955682086e-005,0.1111111111111111,0.0015316485199613759,0.047547697532714012,0.92921120101221988,0.016515166650018315,0.0045949455598841274,0.00023307694868977458,9.9890120867046251e-005,0,0.0014650551060500117,0.00023307694868977458,9.9890120867046251e-005,0,0.3919022408683781,0.27796090966603404,0.025238903872407018,0.21166716611727099,0.072486931042519895,0.0029967036260113876,0.0034628575233909367,0.0016981320547397863,0.00076582425998068793,0.0076915393067625614,0.0041287916625045787,0.23937002630439849,0.050777478107415175,0.06089967702194253,0.47574334898278559,0.091665834248992772,3.3296706955682086e-005,0.0092897812406353003,0.0015649452269170579,0,0.069656710951286921,0.00099890120867046259,0.36969333732893817,0.35091399460593348,0.04082176272766623,0.20953617687210735,0.023540771817667231,0,0.0017314287616954683,0.001165384743448873,3.3296706955682086e-005,0.002330769486897746,0.00023307694868977458
4818980893,0,0,0,0,0,0,0,0,0,1,0,0,0.60378231832308404,0,6.6124446207763005e-005,0,0,0,0,0,0.39615155723070822,0,0,1,0,0,0,0,0,0,0,0,0,0.024598293989287839,0.16841896449117238,0.0074390001983733389,0.18792567612246247,0.020829200555445349,0.00036368445414269656,0.00066124446207763013,0.0023474178403755869,0.002545791178998876,0.58057263770415923,0.0042980890035045956,0.033888778681478542,0.2970971368114792,0.012233022548436157,0.12811611452754082,0.004529524565231766,0,0.0015539244858824308,0.00019837333862328903,0,0.52238312504132778,0,0.0009257422469086821,0.98614692851947361,0.0036037823183230839,0.0047609601269589371,0.00029756000793493357,0,0.00019837333862328903,6.6124446207763005e-005,0,0.004000528995569662,0,0.11925543873570059,0.60437743833895397,0.021159822786484164,0.14682933280433777,0.10077365602063083,0.00039674667724657806,0.00013224889241552601,0.00072736890828539312,0.00066124446207763013,0.0029425378562454542,0.0027441645176221651,0.090160682404284861,0.52711102294518286,0.044634001190240032,0.19916683197778218,0.11826357204258414,0.00039674667724657806,0.004727897903855055,0.0021490445017522978,0.0011902400317397343,0.010249289162203266,0.0019506711631290087,0.042253521126760563,0.76211730476757256,0.025490974013092641,0.11826357204258414,0.031938107518349537,6.6124446207763005e-005,0.0043311512266084769,0.0048601467962705808,0.00056205779276598559,0.0092904846921907022,0.00082655557759703767
4819600430,0,1,0,0,0,0,0,0,0,0,0,0.024168485088937382,0.96746677246578061,0,0.0071414401904384053,0.0012233022548436157,0,0,0,0,0,0,0,1,0,0,0,0,0,0,0,0,0,0.081366131058652383,0.79795675461218007,0.00066124446207763013,0.11426304304701448,0.0032070356410765061,0,3.3062223103881503e-005,6.6124446207763005e-005,0,0.0024466045096872314,0,0.30992527937578523,0.41678238444753024,0.00033062223103881507,0.25897639357270386,0.012266084771540038,0,0,3.3062223103881503e-005,0,0.0016861733782979568,0,0.00082655557759703767,0.99828076439859814,3.3062223103881503e-005,0.00069430668518151157,0.00016531111551940753,0,0,0,0,0,0,0.60100509158235804,0.19582754744429015,0.045592805660252596,0.028400449646234213,0.12170204324538782,0,0,0.0009257422469086821,0.0056205779276598559,0,0.0009257422469086821,0.71629306354559286,0.014216755934669046,0.016398862659525226,0.14511009720293594,0.1058321761555247,0.00013224889241552601,0.00013224889241552601,0.00076043113138927457,0.00079349335449315612,0.00026449778483105202,6.6124446207763005e-005,0.41311247768299941,0.30529656814124184,0.16742709779805595,0.053825299213119092,0.058454010447662498,0.00033062223103881507,0,0.00089268002380480066,0.00026449778483105202,0.00036368445414269656,3.3062223103881503e-005
4840078099,0.00073356807511737085,0,0,0.011795774647887324,0,0,0,0,0,0.98747065727699534,0,0.062323943661971831,0,0,0.08224765258215963,0,0,0,0,0,0.85542840375586859,0,0.13450704225352111,0,0,0.42940140845070424,0,0,0,2.9342723004694835e-005,0,0.43606220657276995,0,0.038967136150234741,0,0,0.097564553990610328,0,0,0,0,0,0.8634683098591549,0,0.40472417840375585,0,0,0.50088028169014087,8.8028169014084512e-005,0,0,0,0,0.094307511737089206,0,0.20985915492957746,0,0,0.77526408450704221,2.9342723004694835e-005,0,0,0,0,0.014847417840375587,0,0.24659624413145539,0,8.8028169014084512e-005,0.62693661971830983,5.868544600938967e-005,0,0,0,0,0.12632042253521128,0,0.26247065727699531,0,5.868544600938967e-005,0.73368544600938967,0.00035211267605633805,0,0,0,0,0.003433098591549296,0,0.37655516431924885,0,0.00011737089201877934,0.62262323943661968,0,0,0,0,0,0.00070422535211267609,0
4840689318,8.8028169014084512e-005,0,0.0016138497652582161,0.20093896713615023,5.868544600938967e-005,0,0.0068661971830985919,0,0,0.79043427230046948,0,0,0,0,0.023796948356807512,0,0,5.868544600938967e-005,0,0,0.97614436619718314,0,0,0,0,0.0062500000000000003,0,0,0,0,0,0.99375000000000002,0,0.18348004694835682,0,0.12376760563380282,0.66100352112676053,0.010739436619718309,0,0.0023474178403755869,0,0,0.018661971830985915,0,0.11836854460093897,0,0.065258215962441316,0.30020539906103288,0.0015551643192488263,0,0.0020539906103286387,0,0,0.51255868544600935,0,0,0,0,0,0,0,0,0,0,1,0,0.49113849765258216,0,0.1068075117370892,0.37992957746478873,0.021919014084507041,0,0.00020539906103286384,0,0,0,0,0.43970070422535212,0,0.12482394366197183,0.42347417840375584,0.0095363849765258222,0,0,0,0,0.0024647887323943664,0,0.052376760563380281,0,0.010651408450704225,0.061238262910798119,0.0019072769953051643,0,0.00011737089201877934,0,0,0.87370892018779345,0
4999387083,0.0045465777118853471,0.9884852977514208,0.0033110946380034592,0.0014825796886582653,0.0013343217197924388,0,0,0,0,0.0006918705213738572,0.00014825796886582654,0.0013837410427477144,0.99446503582900914,0,0.0041018038052878679,4.9419322955275514e-005,0,0,0,0,0,0,0.027575982209043736,0.93214726958240668,0,0.039930812947862611,0.00029651593773165309,0,0,0,0,4.9419322955275514e-005,0,0.17509266123054115,0.70896960711638246,0.00064245119841858163,0.10358290091425748,0.0027674820854954288,0,0,0,0,0.0088460588089943164,9.8838645910551029e-005,0.22016308376575242,0.4827279466271312,0.031233012107734125,0.26019273535952558,0.00074128984432913266,0,0.00019767729182110206,0.00084012849023968369,0,0.0039041265134667656,0,0.37128737336298495,0.37365950086483818,0.026093402520385469,0.2191746973066469,0.0069187052137385718,0,0,0.00029651593773165309,0,0.0025698047936743265,0,0.23400049419322955,0.64279713367926861,0.0027180627625401532,0.081344205584383489,0.032765011119347667,0,0.0003459352606869286,0.0036076105757351126,0.00014825796886582654,0.0022732888559426736,0,0.29923400049419324,0.63474178403755865,0.0018779342723004694,0.034692364714603408,0.024808500123548308,0,4.9419322955275514e-005,0.00029651593773165309,0,0.0041018038052878679,0.00019767729182110206,0.34267358537188042,0.50541141586360272,0.019520632567333829,0.096170002470966146,0.0266370150728935,0,0.00029651593773165309,0.0013343217197924388,0.00024709661477637757,0.0067210279219174695,0.00098838645910551029
5031371665,0.033414278776104908,0.54505423344665693,0.30299498138254816,0.032831471588149586,0.021790513194107172,0.001975068803626356,0.0017484215638659544,0.0012303707301278939,0.0012303707301278939,0.0069613080783551889,0.050768981706329937,0.10574712643678161,0.54757973126113002,0.068285575522098102,0.21780799740974582,0.02528735632183908,9.7134531325886346e-005,0.0023312287518212726,0.0027521450542334468,0.00067994171928120446,0.014796826938643355,0.014634936053100211,0.062522259996762183,0.57487453456370408,0.12514165452485024,0.031050671847175006,0.16418973611785656,0.0025254978144730452,0.0041120284927958555,0.0061194754735308405,0.0022017160433867571,0.0021369596891694996,0.025125465436295936,0.099724785494576654,0.0089363768819815444,0.45047757811235228,0.25750364254492469,0.060482434838918568,0.0041767848470131135,0.0017160433867573256,0.0015865306783228105,0.0012627489072365226,0.0092601586530678317,0.10487291565484863,0.081754897199287677,0.0035939776590577953,0.18507366035292214,0.60339970859640601,0.042480168366520965,0.00016189088554314392,0.0017807997409745831,0.00016189088554314392,0,0.034709405860450057,0.046883600453294483,0.089363768819815448,0.19371863364092601,0.28936376881981546,0.19148453942043062,0.11992876801036102,0.0020074469807349845,0.0022664723976040151,0.0037882467217095679,0.0015865306783228105,0.017128055690464626,0.089363768819815448,0.094770924396956446,0.00084183260482434841,0.38724299821920027,0.15522098105876639,0.096681236846365551,0.037493929091792132,0.021207706006151853,0.0018779342723004694,0.0099401003723490373,0.016027197668771247,0.17869515946252226,0.059090173223247534,0.0024607414602557877,0.51737089201877939,0.25267929415573903,0.098008742107819333,0.015185365063946899,0.0058280718795531809,0.00025902541686903026,0.0013922616156710377,0.013631212562732718,0.034094220495386109,0.035713129350817552,0.002104581512060871,0.46974259349198638,0.27803140683179539,0.14787113485510767,0.004014893961469969,0.0056661809940100373,0.00025902541686903026,0.00055042901084668928,0.0066375263072689008,0.049409098267767522
5035085966,0.07334449587970715,0.019501625135427952,0.61568009455333395,0.077612528316753665,0.048622738763583834,0.070783676417479235,0.014215831117239569,0.0027578055747069833,0.025181391378574478,0.014970944548409337,0.037328868314783804,0.13815292688532124,0.15299254735874454,0.46977904724383596,0.094717489083686268,0.042187859089267539,0.022850389047572146,0.022193768672641914,0.0028562986309465183,0.0076496273679372267,0.020420893660330279,0.026199152959716341,0.072326734298565287,0.77743852391739721,0.025476870547293081,0.090449456646639739,0.018746511704258183,6.5662037493023412e-005,0.0039068912308348929,0.0027249745559604715,0.00088643750615581606,0.0057125972618930366,0.0022653402935093078,0.063528021274500149,0.004268032437046522,0.41780754456810792,0.029744902984339603,0.075839653304442034,0.17571161233133065,0.010768574148855839,0.00045963426245116388,0.024721757116123313,0.078892938047867622,0.11825732952493516,0.090285301552907191,0.00032831018746511706,0.42069667421780099,0.060606060606060608,0.076332118585639708,0.11924226008733051,0.0049903148494697793,0.00026264814997209365,0.0017728750123116321,0.043402606782888473,0.18208082996815392,0.099018352539479298,0.092452148790176963,0.26251682589710756,0.21809645753307724,0.095439771496109521,0.079254079254079249,0.013198069536097706,0.0013460717686069798,0.036540923864867528,0.017367608916904691,0.08476969040349322,0.24761154338619126,0.0005909583374372107,0.46390229488821039,0.11710824386880725,0.041892379920548936,0.063889162480711775,0.0095209954364883949,0.001116254637381398,0.019403132079188416,0.0038412291933418692,0.031123805771693096,0.14951245937161431,0.0027578055747069833,0.58511441610033155,0.11185528086936537,0.020749203847795397,0.044453199382776851,0.0021996782560162842,0.00026264814997209365,0.01021044683016514,0.002429495387241866,0.070455366230014124,0.1461308644407236,0.0017400439935651203,0.35020847696904034,0.22591023999474705,0.087494664959453697,0.082734167241209494,0.0071243310679930403,0.0031846088184116351,0.030204537246790768,0.006599034768048853,0.058669030500016414
5621347297,0,1,0,0,0,0,0,0,0,0,0,0,1,0,0,0,0,0,0,0,0,0,0,1,0,0,0,0,0,0,0,0,0,0.020663889439925941,0.84989750710837797,0.0090259869073596507,0.10411294055412286,0.0019506711631290087,0.0055544534814520926,0.0027772267407260463,0.0020498578324406533,0.0017522978245057197,0.0021821067248561795,3.3062223103881503e-005,0.0031409111948687428,0.90917807313363752,0.016200489320901939,0.059412814917675062,0.00039674667724657806,0.00066124446207763013,0.0030747867486609799,0.00062818223897374858,0.0015869867089863122,0.0054552668121404481,0.00026449778483105202,0.00013224889241552601,0.87218144548039411,0.023903987304106328,0.070488659657475375,0.00089268002380480066,0.0057197645969715005,0.011968524763605104,0.0016200489320901937,0.0034384712028036764,0.0092243602459829398,0.00042980890035045955,0.80185809693843813,0.015142498181577729,0.067017126231567817,0.05342855253587251,0.0047940223500628184,0.012662831448786617,0.011175031409111949,0.0060503868280103153,0.019705084969913376,0.0078688090987237974,0.00029756000793493357,0.81078489717648616,0.065793823976724189,0.044898498975071081,0.026813462937247901,0.009819480261852807,0.00069430668518151157,0.01382000925742247,0.0024466045096872314,0.0050254579117899887,0.018944653838524103,0.00095880447001256365,0.78767440322687299,0.082291873305561064,0.048303907954770881,0.031276863056271906,0.005091582357997752,0.0017522978245057197,0.021292071678899689,0.005818951266283145,0.004562586788335648,0.011340342524631356,0.00059512001586986714
5621491149,0.077332539839978842,0.18035442703167362,0.20601071216028566,0.090623553527739209,0.015440058189512662,0.038352178800502547,0.044964623421278847,0.0012563644779474972,0.01689479600608345,0.31713284401243141,0.01163790253256629,0.0058520134893870262,0.94769556304965941,0.025226476228261588,0.0041989023341929511,0.00052899556966210404,0.0013224889241552603,0.0016531111551940753,0.00095880447001256365,0.00095880447001256365,0.0091582357997751773,0.0024466045096872314,0.046320174568537986,0.80896647490577267,0.010778284731865371,0.07032334854195596,0.002545791178998876,0.00036368445414269656,0.002810288963829928,0.00089268002380480066,0.00026449778483105202,0.056635588176949019,9.9186669311644515e-005,0.13846459035905576,0.0046287112345434105,0.30400714144019042,0.12533888778681479,0.03322753421940091,0.046915294584407859,0.060239370495272102,0.0017853600476096013,0.036401507637373536,0.22578192157640681,0.023209680618924818,0.17456853798849434,0.4721616081465318,0.095053891423659331,0.095252264762282615,0.045096872313694372,0.019076902730939628,0.0096872313694372804,0.009257422469086821,0.01583680486675924,0.055180850360378231,0.0088276135687363616,0.46300337234675659,0.23920518415658268,0.10953514514315943,0.054023672551742376,0.041460027772267406,0.021887191694769555,0.01011704026978774,0.0095219202539178743,0.019275276069562919,0.023937049527210208,0.0080341202142432053,0.17103088011637901,0.11730476757257158,0.16382331547973286,0.1212061098988296,0.18617337829795674,0.044336441182305099,0.027606956291741057,0.025424849566884879,0.045460556767837071,0.089565562388414996,0.0080671824373470865,0.12008199431329762,0.71563181908351514,0.029227005223831249,0.01891159161542022,0.055809032599351979,0.0072406268597500498,0.011604840309462409,0.006546320174568538,0.018316471599550355,0.011604840309462409,0.0050254579117899887,0.2815578919526549,0.60226145606030546,0.033458969781128084,0.014084507042253521,0.029326191893142894,0.0031078489717648616,0.012199960325332276,0.0037690934338424917,0.0081002446604509695,0.0082986179990742585,0.0038352178800502546
5621491475,0.10718772730278384,0.26284467367585795,0.078952588772069038,0.088772069033921847,0.014977187066058321,0.086027904516299672,0.052899556966210411,0.021655756133042384,0.019804271639225022,0.25805065132579513,0.0088276135687363616,0.020068769424056075,0.81862064405210611,0.030218871916947696,0.035211267605633804,0.0024466045096872314,0.0023804800634794686,0.011803213648085698,0.0019176089400251273,0.0048601467962705808,0.071745024135422872,0.00072736890828539312,0.12547113667923032,0.75008265555775966,0.053792236990015209,0.041228592210540239,0.0025788534021027572,0.00033062223103881507,0.006546320174568538,0.0046287112345434105,0.0060173246049064341,0.0088276135687363616,0.0004959333465582226,0.13171989684586391,0.082721682205911529,0.099517291542683337,0.20048932090193744,0.10606361171725187,0.053626925874495801,0.065330952853269855,0.011373404747735238,0.022482311710639424,0.21893804139390333,0.0077365602063082725,0.11165112742180784,0.46647490577266415,0.063644779474971894,0.14686239502744164,0.059875686041129403,0.012100773656020631,0.031012365271440853,0.010778284731865371,0.020928387224756994,0.070091912980228793,0.0065793823976724192,0.52221781392580835,0.35796468954572508,0.041989023341929513,0.03607088540633472,0.010348475831514912,0.0015539244858824308,0.0054222045890365668,0.0074390001983733389,0.0048601467962705808,0.012067711432916749,6.6124446207763005e-005,0.23209680618924816,0.034880645374594989,0.032896911988362094,0.083978046683859026,0.3892084903788931,0.015671493751239832,0.13631554585730343,0.013952258149837995,0.046749983468888451,0.013092640349137076,0.0011571778086358526,0.17456853798849434,0.25838127355683393,0.024366858427560669,0.019539773854393969,0.45860609667394037,0.014811875950538914,0.0059181379355947895,0.0027111022945182834,0.0051577068042055144,0.026053031805858627,0.0098856047080605695,0.50591813793559481,0.3648416319513324,9.9186669311644515e-005,3.3062223103881503e-005,0.12894267010513788,9.9186669311644515e-005,0,3.3062223103881503e-005,0,3.3062223103881503e-005,0
5621934992,0.00039674667724657806,0.91496396217681675,0.033293658665608676,0.010712160285657607,0.0015869867089863122,0.0033062223103881507,0.022019440587185083,0.0012233022548436157,0.0029756000793493354,0.0088606757918402428,0.00066124446207763013,0.0009918666931164452,0.92346095351451429,0.020928387224756994,0.013456324803279773,0.00076043113138927457,0.0025788534021027572,0.015704555974343715,0.00079349335449315612,0.0034715334259075581,0.017291542683330028,0.00056205779276598559,0.012563644779474971,0.92660186470938311,0.026251405144481915,0.007637373536996628,0.0074059379752694568,0.0023804800634794686,0.0073398135290616943,0.0012233022548436157,0.0054883290352443301,0.0028433511869338096,0.00026449778483105202,0.064603583944984458,0.84507042253521125,0.035112080936322156,0.013291013687760365,0.013026515902929314,0.0042650267804007144,0.0099517291542683337,0.0010579911393242081,0.0044303378959201214,0.0081002446604509695,0.0010910533624280897,0.079481584341731137,0.78112808305230441,0.021225947232691927,0.067050188454671686,0.0075051246445811013,0.00089268002380480066,0.013059578126033195,0.0026119156252066389,0.0018845467169212459,0.022647622826158832,0.0025127289558949943,0.27511075844739802,0.54169146333399454,0.078621966541030222,0.031111551940752498,0.040897969979501424,0.0019837333862328904,0.0096211069232295179,0.0047609601269589371,0.0050254579117899887,0.008695364676320835,0.0024796667327911127,0.55494941479865101,0.42637042914765588,0,0.00029756000793493357,0.018382596045758117,0,0,0,0,0,0,0.57954770878793893,0.37046220987899225,0,0.00013224889241552601,0.04985783244065331,0,0,0,0,0,0,0.70511803213648083,0.26472922039277919,0,6.6124446207763005e-005,0.030086623024532171,0,0,0,0,0,0
5883064064,2.9527268432397319e-005,0.9513390616234092,0,0.00011810907372958928,0,0,0,0,0,0.048513302034428794,0,0.021997814982136002,0.66675524847196388,0,0.10570762098798241,0.0075589807186937138,0,0,2.9527268432397319e-005,0,0.19795080757079161,0,0,0.62848790858357695,0,0,0,0,0,0,0,0.37151209141642305,0,0.089172350665839908,0.23323589334750641,0.057223846221986001,0.21628724126731036,0.0064664717866950126,0,0.0001476363421619866,0.00094487258983671422,0.00011810907372958928,0.39640357870493403,0,0.27247763309416245,0.046977884075944137,0.021495851418785249,0.57324238934656158,0.041899193905571792,0,2.9527268432397319e-005,0.00020669087902678123,2.9527268432397319e-005,0.043641302743083241,0,0.037794903593468571,0.35852009330616824,0,0.060855700239170876,0.010895562051554611,0,2.9527268432397319e-005,0.00011810907372958928,0,0.53178610446747576,0,0.60333067587917444,0.0028050905010777454,0.042962175569138096,0.3162075176425429,0.029084359405911361,0,0.00035432722118876781,0.00076770897924233032,0.0015649452269170579,0.002893672306374937,2.9527268432397319e-005,0.58723831458351783,0.0044290902648595979,0.0082085806242064539,0.3162075176425429,0.081554315410281394,0,0.0001476363421619866,0.00035432722118876781,0.00082676351610712492,0.0010334543951339061,0,0.61345852895148667,0.06070806389700889,0.050550683556264207,0.182891900670269,0.047893229397348448,2.9527268432397319e-005,0.00041338175805356246,0.0015944724953494552,0.0010925089319987007,0.041367703073788641,0
5923049843,0,0,0.96458333333333335,0.00017605633802816902,0,0,0.013086854460093897,0,0,0.022153755868544601,0,0,0,0.95296361502347415,0.00029342723004694836,0,0,0.029372065727699532,0,0,0.017370892018779342,0,0,0,1,0,0,0,0,0,0,0,0,0,0,0.9173708920187793,0.00052816901408450699,0,0,0.06006455399061033,0,2.9342723004694835e-005,0.022007042253521125,0,0.00014671361502347418,0,0.91062206572769955,0.00073356807511737085,2.9342723004694835e-005,0,0.043515258215962443,0,5.868544600938967e-005,0.044894366197183101,0,0,0,0.99624413145539903,2.9342723004694835e-005,0,0,0.0036971830985915491,0,0,2.9342723004694835e-005,0,0,0,0.9943955399061033,5.868544600938967e-005,0,0,0.0049295774647887328,0,0,0.0006161971830985916,0,0.00014671361502347418,0,0.99266431924882625,0.00014671361502347418,0,0,0.0058978873239436619,0,0,0.0011443661971830986,0,5.868544600938967e-005,0,0.97526408450704227,0.00093896713615023472,0,0,0.0058685446009389668,0,8.8028169014084512e-005,0.017781690140845071,0
5923051589,0,0,0.9827464788732394,0,0,0,0.017253521126760565,0,0,0,0,0,0,0.91393779342723003,0,0,0,0.086062206572769959,0,0,0,0,0,0,0.99970657276995301,0,0,0,0.00029342723004694836,0,0,0,0,0.013673708920187794,0,0.83708920187793423,0.00099765258215962446,2.9342723004694835e-005,0,0.14583333333333334,0,0.00014671361502347418,0.0022300469483568074,0,0.0021713615023474177,0,0.7896420187793427,0.0011737089201877935,2.9342723004694835e-005,0,0.20425469483568076,0,8.8028169014084512e-005,0.0026408450704225352,0,0.0019366197183098592,0,0.92943075117370888,0.00079225352112676059,2.9342723004694835e-005,0,0.065580985915492954,0,0.00014671361502347418,0.0020833333333333333,0,0,0,0.99603873239436624,0.00044014084507042255,0,0,0.0017312206572769953,0,0,0.001789906103286385,0,0,0,0.99237089201877937,0.00067488262910798123,0,0,0.0027288732394366196,0,0,0.0041960093896713617,2.9342723004694835e-005,0,0,0.99310446009389675,0.00076291079812206572,0,0,0.0029049295774647888,0,0,0.0032276995305164321,0
5923082647,0,0,0.17954812206572771,0.00011737089201877934,0,0,0.7895833333333333,0,0,0.030751173708920186,0,0,0,0.070627934272300463,0.00029342723004694836,0,0,0.72359154929577463,0,0,0.20548708920187794,0,0,0,0.077112676056338023,2.9342723004694835e-005,0,0,0.69788732394366193,0,0,0.22497065727699531,0,0.007335680751173709,0,0.82538145539906105,0.0012910798122065727,2.9342723004694835e-005,0,0.15290492957746479,0,0.00032276995305164318,0.012734741784037558,0,0.0053697183098591547,0,0.88383215962441319,0.0014671361502347417,0,0,0.033098591549295772,0,8.8028169014084512e-005,0.076144366197183094,0,0.0014671361502347417,0,0.738556338028169,0.0028755868544600941,0,0,0.048122065727699531,0,0.00023474178403755868,0.20871478873239438,2.9342723004694835e-005,0.025000000000000001,0,0.97053990610328633,0.00099765258215962446,2.9342723004694835e-005,0,0.0021713615023474177,0,0.00023474178403755868,0.0010269953051643193,0,0.0020246478873239436,0,0.97473591549295779,0.001789906103286385,0,0,0.018104460093896713,0,8.8028169014084512e-005,0.0032570422535211268,0,0.00055751173708920186,0,0.9432218309859155,0.002112676056338028,0,0,0.047212441314553988,0,8.8028169014084512e-005,0.0067488262910798125,5.868544600938967e-005
5923611458,0,1,0,0,0,0,0,0,0,0,0,0,1,0,0,0,0,0,0,0,0,0,0,1,0,0,0,0,0,0,0,0,0,0.09865023474178404,0.47673122065727702,0.074119718309859153,0.26816314553990611,0.0054284037558685449,0,0.034301643192488261,0.005223004694835681,0.00055751173708920186,0.03629694835680751,0.00052816901408450699,0.10689553990610329,0.39055164319248825,0.1277582159624413,0.2585093896713615,0.00044014084507042255,0,0.022476525821596243,0.0029929577464788732,0.00035211267605633805,0.090023474178403756,0,0.057863849765258213,0.62957746478873244,0.022065727699530517,0.18069248826291079,0.00052816901408450699,0,0.00710093896713615,0.0030809859154929575,0.00011737089201877934,0.098943661971830979,2.9342723004694835e-005,0.046449530516431928,0.78879107981220653,0.0070715962441314558,0.064935446009389677,0.048210093896713616,2.9342723004694835e-005,0.0062500000000000003,0.0019659624413145538,0,0.035739436619718311,0.00055751173708920186,0.055311032863849766,0.81296948356807508,0.0090375586854460101,0.065580985915492954,0.021508215962441315,0,0.003198356807511737,0.0020539906103286387,0,0.030281690140845072,5.868544600938967e-005,0.061414319248826288,0.81848591549295779,0.010416666666666666,0.050469483568075117,0.026291079812206571,0.00020539906103286384,0.00049882629107981223,0.00044014084507042255,0,0.029900234741784038,0.0018779342723004694
5924634618,0,0.99989939637826963,6.7069081153588194e-005,3.3534540576794097e-005,0,0,0,0,0,0,0,0.026727028839704896,0.89986586183769279,0.033903420523138834,0.024983232729711601,0.0026156941649899397,0.006841046277665996,0.00077129443326626429,0.0019785378940308518,0.00010060362173038229,0,0.0022132796780684103,0,1,0,0,0,0,0,0,0,0,0,0.33983903420523137,0.43189134808853119,0.018879946344735075,0.17790073775989268,0.022568745808182428,0.0037558685446009389,0.00013413816230717639,0.0028169014084507044,6.7069081153588194e-005,0,0.0021462105969148222,0.24802146210596915,0.11133467471495641,0.24570757880617036,0.20949027498323272,0.0066398390342052313,0.13259557344064388,0.00040241448692152917,0.0028504359490274982,0.0016096579476861167,3.3534540576794097e-005,0.041314553990610327,0.087323943661971826,0.63812877263581491,0.11348088531187123,0.10315224681421864,0.008249496981891348,0.033702213279678067,0.00090543259557344068,0.00050301810865191151,0.0026156941649899397,0.00077129443326626429,0.011167002012072434,0.58953722334004022,0.24865861837692824,0.04909456740442656,0.070456069751844402,0.008618376928236084,0.025653923541247486,0.00013413816230717639,0.0023809523809523812,0.0037223340040241451,0,0.0017437961099932931,0.57826961770623742,0.02079141515761234,0.21951710261569415,0.10093896713615023,0.039235412474849095,0.033132126089872566,3.3534540576794097e-005,0.0033869885982562038,0.0015761234071093226,0,0.003118712273641851,0.31841046277665996,0.42062374245472839,0.081589537223340045,0.12940979208584844,0.010596914822266936,0.031120053655264924,0,0.0046277665995975853,0.00057008718980549971,0,0.0030516431924882629
610297465,0.0015551643192488263,0.57142018779342718,0,0.054577464788732391,0,0,0,0,0,0.37244718309859154,0,0.19841549295774649,0.022946009389671361,0.00035211267605633805,0.08870305164319249,0.0041079812206572773,0,8.8028169014084512e-005,0.0011150234741784037,0,0.68421361502347422,5.868544600938967e-005,0,0,0,0,0,0,0,0,0,1,0,0.25149647887323945,0.011179577464788733,0.054929577464788736,0.30566314553990609,0.0043720657276995305,0,0.02790492957746479,0.0031103286384976526,0.00026408450704225349,0.3410504694835681,2.9342723004694835e-005,0.68048708920187795,0.0012030516431924883,0.0040492957746478871,0.26185446009389673,0.0066901408450704223,0,0.0020246478873239436,0.00020539906103286384,0,0.043485915492957744,0,0.029489436619718309,0,0.0014671361502347417,0.050410798122065725,0.0030516431924882629,0,0.00058685446009389673,0.0022887323943661972,5.868544600938967e-005,0.91264671361502347,0,0.23257042253521126,0.00055751173708920186,0.26499413145539907,0.35428403755868543,0.099530516431924884,0.00017605633802816902,0.014759389671361502,0.0064553990610328642,0.005663145539906103,0.0030809859154929575,0.017928403755868544,0.47875586854460095,0.00093896713615023472,0.020892018779342724,0.42453051643192491,0.070070422535211271,0.00096830985915492959,0.00046948356807511736,0.00029342723004694836,0,0.00073356807511737085,0.0023474178403755869,0.49284037558685445,0.00044014084507042255,0.085035211267605632,0.34873826291079812,0.045598591549295776,0,0.0034624413145539906,0.003902582159624413,0.0011150234741784037,0.014700704225352112,0.0041666666666666666
6158123344,0.020112787176709172,0.00055560185571019809,0.098619329388560162,0.86465538794899577,0.0033058310414756783,0.0038336528044003665,0.0013056643609189655,0.0010834236186348862,0.0027780092785509906,0.00022224074228407924,0.0035280717837597579,0.0028613495569075201,8.3340278356529705e-005,0.19096035780759507,0.78992693835597416,0.00061116204128121787,0,0.0075839653304442039,2.7780092785509905e-005,0,0.0021946273300552824,0.0057504792066005502,0.0030002500208350697,2.7780092785509905e-005,0.10542545212101008,0.87351723754757338,0.00033336111342611882,0,0.0038336528044003665,0.00050004167013917831,0.00016668055671305941,0.0082784676500819512,0.0049170764230352529,0.34100063894213406,0.0053615579076034111,0.21585132094341195,0.38119843320276692,0.02602994694002278,0.008028446815012363,0.0056393588354585102,0.0029724699280495597,0.0033613912270466983,0.0028613495569075201,0.007695085701586243,0.051865433230546987,0.0022501875156263024,0.62610773119982222,0.21032308247909548,0.0086951690418645994,0.030919243270272522,0.0088340695057921494,0.0014445648248465151,0.0031391504847626192,0.0066950023613078866,0.049726366086062727,0.13634469539128261,0.0040836736394699556,0.63835875211823212,0.14881795705197656,0.021751812651054254,0.011973219990554769,0.010306414423424174,0.00097230324749284663,0.0027502291857654806,0.0055004583715309611,0.019140483929216325,0.46398310970358642,0.0071394838458760448,0.26718893241103425,0.16920854515654082,0.012862182959691085,0.029530238630997029,0.0012778842681334555,0.0040281134538989356,0.032669389115759645,0.0013890046392754953,0.010723115815206822,0.30502541878489875,0.0041947940106119956,0.039253271105925497,0.64583159707753424,0.0030002500208350697,0.00047226157735366837,8.3340278356529705e-005,0.00047226157735366837,8.3340278356529705e-005,0,0.0015834652887740646,0.50951468177903714,0.00063894213406672775,0.15487401727921771,0.29113537239214377,0.0061949606911687084,0.0086951690418645994,0.0027502291857654806,0.0015001250104175348,0.0091952107120037777,0.0018890463094146735,0.013612245464899853
6159404470,0.030036851935988693,0.74870008581957692,0.00058054419708213436,0.070624463627644005,0.0036347114947751021,0,0.0026755515169872282,0.0025493462567519813,0,0.1411984451511939,0,0.025518703619566863,0.84958857085163308,5.0482104094098645e-005,0.060830935433388862,0.0023978999444696854,0,0.00030289262456459186,0.00070674945731738102,0,0.060603765964965417,0,0,1,0,0,0,0,0,0,0,0,0,0.25324347518804585,0.036978141248927253,0.025594426775708012,0.43023373214195565,0.05088596092685143,0,0.0056792367105860976,0.00297844414155182,0,0.19385127972133878,0.00055530314503508501,0.19450754707456208,0.34555000252410523,0.0024736231006108333,0.28252309556262306,0.0090362966328436569,0,0.00075723156141147962,0.00030289262456459186,0,0.16467262355494977,0.00017668736432934525,0,0.99997475894795296,0,2.5241052047049323e-005,0,0,0,0,0,0,0,0.41471048513302033,0.020975314251097985,0.33997173002170733,0.14675147660154475,0.016987228027664194,2.5241052047049323e-005,0.008304306123479226,0.0034580241304457571,0.015851380685546975,0.032939572921399367,2.5241052047049323e-005,0.2361805240042405,0.04654449997475895,0.082487758089757182,0.45186531374627692,0.0065374324801857741,0,0.012847695491948105,0.0016911504871523046,0.00085819576959967692,0.16098742995608056,0,0.15881669948003432,0.27760109041344844,0.17199252864859407,0.22409006007370388,0.01592710384168812,0.001413498914634762,0.048084204149628954,0.00966732293401989,0.0055025493462567522,0.086551567469332125,0.00035337472865869051
621834333,0.0009918666931164452,0.96591284797989818,0.00026449778483105202,0.008001057991139324,0.00016531111551940753,0,0.00023143556172717052,3.3062223103881503e-005,0,0.024399920650664552,0,0,0.99980162666137673,0,9.9186669311644515e-005,0,0,0,0,0,9.9186669311644515e-005,0,0.0029425378562454542,0.99272631091714603,0.0018514844938173642,0.0021821067248561795,0.00029756000793493357,0,0,0,0,0,0,0.082920055544534813,0.38193480129603913,0.14719301725848047,0.2429412153673213,0.017093169344706737,0.0033062223103881507,0.018614031607485287,0.0016861733782979568,0.0098856047080605695,0.093863651391919586,0.00056205779276598559,0.06473583283739999,0.48234477286252725,0.089697811280830528,0.1612444620776301,0.054354294782781191,0.0038352178800502546,0.022912120610989881,0.0016200489320901937,0.016630298221252397,0.10156714937512398,0.0010579911393242081,0.17790782252198639,0.22475699266018648,0.24069298419625737,0.30453613700985255,0.035310454274945446,0,0.0046617734576472926,0.00072736890828539312,0.0026119156252066389,0.0086292402301130725,0.00016531111551940753,0.05600740593797527,0.35819612510745225,0.22151689479600609,0.23712226410103815,0.12583482113337302,0,0.00042980890035045955,0,0,0.00085961780070091911,3.3062223103881503e-005,0.0042650267804007144,0.74958672221120148,3.3062223103881503e-005,0.00033062223103881507,0.2457845665542551,0,0,0,0,0,0,0.16365800436421346,0.092805660252595387,0.49394961317198971,0.18666931164451497,0.062785161674270978,0,0,3.3062223103881503e-005,3.3062223103881503e-005,3.3062223103881503e-005,3.3062223103881503e-005
6461485355,0.00039674667724657806,0,0.005818951266283145,0.81180982609270647,0,0,0.11267605633802817,0,0,0.06929841962573563,0,0.01494412484295444,0,0.0034054089796997952,0.1483832572902202,0.00016531111551940753,0,0.174667724657806,0.00026449778483105202,0,0.6581035508827614,6.6124446207763005e-005,0.012993453679825431,0,0.0037029689876347284,0.74518944653838526,0.00013224889241552601,0,0.10126958936718905,3.3062223103881503e-005,0,0.13664616808834226,3.3062223103881503e-005,0.050717450241354226,0,0.0069430668518151162,0.92455200687694239,9.9186669311644515e-005,0,0.013853071480526351,0.00019837333862328903,0,0.0036368445414269655,0,0.26400185148449384,0,0.064306023937049525,0.54906433908616015,0.0021159822786484162,0,0.047444290154069958,0.00095880447001256365,0,0.071579713019903457,0.00052899556966210404,0.32367916418699993,0,0.083713548899027976,0.56275209945116711,0.0029094756331415725,0,0.0038352178800502546,0.00095880447001256365,0,0.021854129471665675,0.00029756000793493357,0.4453481452092839,0.00033062223103881507,0.010844409178073134,0.53574026317529588,0.0018845467169212459,0,0.00059512001586986714,0.0014878000396746677,6.6124446207763005e-005,0.0037029689876347284,0,0.28783971434239236,0.00016531111551940753,0.0080671824373470865,0.69761290749189975,0.0012894267010513786,0,0.00039674667724657806,0.00079349335449315612,0,0.0038021556569463729,3.3062223103881503e-005,0.42299808239105996,0.0019837333862328904,0.004727897903855055,0.56810817959399595,0.00056205779276598559,0,0.00023143556172717052,0.00039674667724657806,0,0.0009918666931164452,0
6897003235,0.00088581805297191952,0.68804440901172237,0.068650899105323765,0.0087105441875572082,0.0039566539699412411,0.0087695987244220033,0.0049901083650751472,2.9527268432397319e-005,0.00032479995275637051,0.20742906073759115,0.0082085806242064539,0,0.81182271828033192,5.9054536864794639e-005,0.00041338175805356246,8.8581805297191952e-005,0,0,0,0,0.18761626361945258,0,0,0.86030649304632834,0,0,0,0,0,0,0,0.13969350695367172,0,0.0071751262290725487,0.035255558508282402,0.27303865119437803,0.042637375616381729,0.019871851655003395,0.023090323914134705,0.023562760209053062,0.00020669087902678123,0.0020078542534030176,0.47630436708300117,0.0968494404582632,0.11831576460861605,0.24306847373549473,0.11249889272743378,0.10570762098798241,0.072282753122508633,0.007027489886910562,0.0055511264652906957,0.00026574541589157585,0.0010039271267015088,0.32970147931614846,0.0045767266070215846,0.2258245489709747,0.12138660052558538,0.1342309622936782,0.18303953701243098,0.043227920985029672,0.0077951988661528922,0.0078247261345852897,0.00059054536864794642,0.0017125815690790444,0.26314701626952491,0.011220362004310981,0.024300941919862994,0.0036613812856172677,0.35660082085806244,0.051672719756695309,0.26305843446422772,0.013877816163226741,0.016801015738034074,0.00076770897924233032,0.013818761626361946,0.14872885109398529,0.1067115481146839,0.0090353441403135792,0.047775120323618865,0.040393303215519531,0.074497298254938435,0.77878170490447929,0.0080018897451796731,0.0045176720701567896,0.001299199811025482,0.0037499630909144594,0.024359996456727789,0.0075885079871261113,0.13786281631086308,0.051023119851182568,0.019547051702247024,0.080137006525526328,0.65184397791360327,0.0001476363421619866,0.0017421088375114417,0.00026574541589157585,0.002244072400862196,0.049842029113886674,0.0053444355862639148
7416181910,0.00070422535211267609,0.0083333333333333332,0.00011737089201877934,0.010739436619718309,0.00070422535211267609,0,0.00011737089201877934,0.00038145539906103286,0,0.97884389671361505,5.868544600938967e-005,0.0095070422535211262,0.1874706572769953,2.9342723004694835e-005,0.05357981220657277,0.0017018779342723004,0,8.8028169014084512e-005,0.00026408450704225349,0,0.7473298122065728,2.9342723004694835e-005,0,0,0,0,0,0,0,0,0,1,0,0.032599765258215965,0.051936619718309859,0.051261737089201877,0.44718309859154931,0.052083333333333336,0.0012617370892018778,0.010240610328638497,0.003902582159624413,0.0049002347417840377,0.34410211267605634,0.00052816901408450699,0.12007042253521127,0.079137323943661977,0.0048122065727699533,0.60190727699530522,0.015757042253521127,0,0.00023474178403755868,0.002846244131455399,0,0.17523474178403756,0,0.0017018779342723004,0.0018485915492957746,0.017458920187793426,0.0031690140845070424,0.00011737089201877934,0.0010856807511737088,0.0024647887323943664,0.00041079812206572768,0.0034037558685446009,0.96833920187793432,0,0.15771713615023475,0.023180751173708922,0.10193661971830986,0.41003521126760561,0.29574530516431924,0.0012030516431924883,0.00090962441314553996,0.004254694835680751,0.0036971830985915491,0.00049882629107981223,0.00082159624413145535,0.31707746478873239,0.018632629107981219,0.090845070422535215,0.40786384976525819,0.14542253521126761,0.001789906103286385,0.001056338028169014,0.0049295774647887328,0.0083333333333333332,0.0021713615023474177,0.0018779342723004694,0.2500586854460094,0.032922535211267603,0.30733568075117373,0.23430164319248825,0.13400821596244131,0.0028169014084507044,0.0027582159624413146,0.0031396713615023473,0.011590375586854461,0.019072769953051644,0.0019953051643192489
86613645,0.20205399061032864,0.008538732394366198,0.049354460093896713,0.38494718309859155,0.056308685446009386,0,0.023796948356807512,0.0046068075117370894,0.00017605633802816902,0.27021713615023474,0,0.13303990610328639,0.0051643192488262908,0.037118544600938969,0.62731807511737092,0.023738262910798121,0,0.0084507042253521118,0.0012910798122065727,5.868544600938967e-005,0.16382042253521126,0,0.1335093896713615,0.0031690140845070424,0.036238262910798125,0.49184272300469484,0.026026995305164318,0,0.012676056338028169,0.0035798122065727701,0.00020539906103286384,0.2927523474178404,0,0.26352699530516432,0.015757042253521127,0.010299295774647887,0.54938380281690136,0.012059859154929577,0,0.018133802816901409,0.0046361502347417836,5.868544600938967e-005,0.12614436619718311,0,0.16804577464788734,0.010387323943661972,0.0060446009389671365,0.71681338028169017,0.0041960093896713617,0,0.0044307511737089198,0.0011150234741784037,0,0.088967136150234744,0,0.018838028169014084,0.0043133802816901412,0.0034624413145539906,0.82130281690140849,0.0027875586854460093,0,0.012441314553990611,0.0019072769953051643,2.9342723004694835e-005,0.13491784037558685,0,0.0087441314553990609,0.025293427230046947,0.0084507042253521118,0.9429577464788732,0.0023474178403755869,0,0.0012617370892018778,0.0039906103286384978,0,0.0069542253521126763,0,0.023591549295774648,0.0078638497652582153,0.010240610328638497,0.9374413145539906,0.0036091549295774648,0,0.0026408450704225352,0.002846244131455399,2.9342723004694835e-005,0.011737089201877934,0,0.29882629107981223,0.00710093896713615,0.039994131455399061,0.52954812206572766,0.003550469483568075,0,0.034771126760563383,0.01795774647887324,0.042458920187793424,0.025792253521126761,0
