1456619939,0.0008075842696629213,0.00064606741573033704,0.00086727528089887646,0.00092345505617977524,0.0010919943820224718,0.0019030898876404494,0.0017380617977528091,0.0014396067415730336,0.0014220505617977529,0.0016257022471910113,0.0021629213483146067,0.0017485955056179775,0.00012991573033707866,1.75561797752809e-005,0.00021067415730337079,0.00055126404494382024,0.00034058988764044945,0.00037570224719101126,0.00048103932584269663,0.00069873595505617978,0.0011797752808988763,0.0013237359550561797,0.0013061797752808989,0.00085323033707865174,0.00081109550561797757,0.0011762640449438201,0.00097963483146067424,0.00059339887640449441,0,3.5112359550561801e-005,2.1067415730337078e-005,3.5112359550561801e-005,0,0,0,0,0.00034761235955056181,0.00021769662921348315,4.2134831460674156e-005,1.75561797752809e-005,0.00028441011235955056,0.00017907303370786516,1.0533707865168539e-005,7.0224719101123598e-006,0.00022471910112359551,0.00016151685393258426,4.9157303370786517e-005,2.8089887640449439e-005,1.75561797752809e-005,2.1067415730337078e-005,1.0533707865168539e-005,0,0,0,0,0,0.00088483146067415734,0.00037921348314606741,1.0533707865168539e-005,0,0,0,0,0
1466324044,0.0017092136150234742,0.0014928110328638498,0.0018302523474178405,0.0026078345070422535,0.0022924002347417842,0.00071889671361502353,0.00012837441314553992,3.3010563380281687e-005,0.0028022300469483568,0.0025821596244131454,0.0018229166666666667,6.9688967136150232e-005,0.0012617370892018778,0.0015404929577464788,0.0008766138497652582,0,0.0002750880281690141,0.0012287265258215962,0.0010123239436619718,1.8339201877934273e-005,0.00030443075117370891,0.00023474178403755868,0.00010636737089201878,0,0.0016065140845070423,0.00095363849765258215,0.00016138497652582159,0,0.002244718309859155,0.0015918427230046947,0.00022740610328638499,0,0,4.4014084507042256e-005,7.3356807511737087e-006,0,3.6678403755868544e-006,3.3010563380281687e-005,3.3010563380281687e-005,0,7.3356807511737091e-005,6.9688967136150232e-005,5.134976525821596e-005,0,0.00012470657276995306,8.8028169014084512e-005,0,0,0.00071889671361502353,0.00059419014084507039,9.5363849765258215e-005,0,0,0,0,0,0,0,0,0,6.9688967136150232e-005,7.7024647887323949e-005,3.6678403755868544e-006,0
1470839513,2.1955503512880562e-005,0.0006550058548009368,0.001368559718969555,0.0035860655737704919,0.0033043032786885247,0.00028542154566744732,0,0,0.00025980679156908666,0.0012624414519906324,0.00066964285714285715,0,0,7.6844262295081974e-005,7.3185011709601873e-006,0,8.4162763466042161e-005,0.00038788056206088992,0.00028542154566744732,0,3.6592505854800937e-006,3.6592505854800937e-006,0,0,7.3185011709601873e-006,3.6592505854800937e-005,1.4637002341920375e-005,0,0,0,0,0,0,0,0,0,0,0,0,0,0,0,0,0,0,0,0,0,0,0,0,0,0,0,0,0,0,0,0,0,0,0,0,0
1471693220,1.4637002341920375e-005,0.0005379098360655738,0.001053864168618267,0.00052693208430913349,0.0018406030444964871,0.0012441451990632319,4.3911007025761124e-005,0,0.00061109484777517565,0.0014344262295081967,0.0023602166276346604,3.2933255269320843e-005,0.00014637002341920375,0.00031469555035128807,9.5140515222482436e-005,1.8296252927400468e-005,5.8548009367681499e-005,0.00049765807962529279,0.0001756440281030445,7.3185011709601873e-006,0,2.9274004683840749e-005,2.9274004683840749e-005,7.3185011709601873e-006,0.00021955503512880562,0.00032933255269320842,0.00023785128805620608,0,7.3185011709601873e-006,0,0,0,0,0,0,0,0,0.00077576112412177983,0.00016100702576112412,0,0,0,0,0,0,3.6592505854800937e-006,7.3185011709601873e-006,0,0,0,0,0,0,0,0,0,0,0,0,0,0,0,0,0
1471705688,1.4637002341920375e-005,0,4.7570257611241218e-005,0.001324648711943794,0.00010977751756440281,3.6592505854800937e-006,0,0,0.00019394028103044496,0.00092944964871194381,0.00053059133489461363,0,0,5.8548009367681499e-005,1.8296252927400468e-005,0,0,0.0017015515222482435,2.1955503512880562e-005,0,0,1.0977751756440281e-005,1.8296252927400468e-005,0,0.0002488290398126464,0.00075380562060889931,0.00057816159250585481,0,3.6592505854800937e-006,2.9274004683840749e-005,3.6592505854800937e-006,0,0,0,0,0,0,0.0017381440281030445,3.6592505854800937e-006,0,0,7.3185011709601873e-006,0,0,0,0,0,0,0,0,0,0,0,0,0,0,0,0,0,0,0,0,0,0
1520960765,7.3849502487562184e-005,0.00024875621890547262,0.0010494402985074627,0.0034553793532338308,0.0031288868159203981,0.00045475746268656714,3.8868159203980097e-006,0,0.00052472014925373134,0.0028451492537313432,0.0024797885572139305,0,0.00020600124378109452,0.00071517412935323381,0.00045475746268656714,0,0,0.00065298507462686569,0.00071906094527363182,0,1.9434079601990049e-005,0.00037702114427860697,0.0002720771144278607,0,0.00025652985074626865,0.00069185323383084572,0.00020600124378109452,0,9.7170398009950254e-005,6.6075870646766169e-005,3.8868159203980097e-006,0,0,1.166044776119403e-005,1.166044776119403e-005,0,0,0,0,0,0,0,0,0,2.332089552238806e-005,7.3849502487562184e-005,1.9434079601990049e-005,0,0,0,0,0,0,0,0,0,0,0,0,0,0,0,0,0
1898786060,0.0014384920634920636,0.0016510770975056688,0.001927437641723356,0.00044997165532879819,0.00014526643990929705,6.3775510204081638e-005,3.1887755102040819e-005,3.5430839002267575e-006,0.0018140589569160999,0.0016404478458049887,0.0011160714285714285,0.00030824829931972786,0.00097080498866213157,0.00065547052154195015,2.4801587301587302e-005,3.5430839002267575e-006,0.00091411564625850338,0.0012932256235827664,0,0,0.0009389172335600907,0.00091411564625850338,0.00023384353741496598,2.4801587301587302e-005,0.0010026927437641723,0.0017431972789115646,0.0018601190476190475,0.00075467687074829933,0.00016298185941043084,0.00010983560090702948,0.00015235260770975057,2.834467120181406e-005,3.897392290249433e-005,1.0629251700680271e-005,0,0,7.794784580498866e-005,0.00034367913832199546,0,0,7.4404761904761911e-005,3.5430839002267575e-005,1.0629251700680271e-005,0,4.6060090702947848e-005,4.9603174603174603e-005,7.794784580498866e-005,1.0629251700680271e-005,4.9603174603174603e-005,0.00010983560090702948,6.7318594104308387e-005,3.5430839002267575e-006,0,0,0,0,0,0,0,0,0,0,0,0
2507282668,0.00020491803278688525,0.000234192037470726,0.00036958430913348948,0.00037324355971896957,0.00050497658079625297,0.0010465456674473067,0.0014637002341920376,0.00069159836065573767,0.00031469555035128807,0.00061109484777517565,0.0019028103044496487,0.0021333430913348947,0.00013905152224824357,0.00016100702576112412,0.00037324355971896957,0.00043911007025761124,0.00017198477751756441,0.00027810304449648715,0.00046106557377049182,0.00028908079625292741,0.00015368852459016395,0.00025614754098360657,0.00027444379391100701,0.00029274004683840749,0.00016466627634660421,0.00037690281030444966,0.0013466042154566746,0.0014710187353629976,9.5140515222482436e-005,0.00011343676814988291,0.00013905152224824357,0.00015368852459016395,2.9274004683840749e-005,4.025175644028103e-005,4.7570257611241218e-005,9.1481264637002349e-005,8.7822014051522248e-005,0.00034031030444964873,0.00063305035128805617,8.7822014051522248e-005,3.2933255269320843e-005,4.025175644028103e-005,5.1229508196721311e-005,5.4888758782201405e-005,0.00011343676814988291,0.00023053278688524591,0.00010977751756440281,8.4162763466042161e-005,5.1229508196721311e-005,0.000117096018735363,8.7822014051522248e-005,2.9274004683840749e-005,1.4637002341920375e-005,0,0,0,3.6592505854800937e-006,0.0011673009367681498,0.0015515222482435597,3.6592505854800937e-006,4.3911007025761124e-005,7.6844262295081974e-005,5.8548009367681499e-005,1.8296252927400468e-005
2528557800,0.0007027027027027027,0.0018138138138138139,0.0028828828828828829,0.00079279279279279274,0.00061261261261261267,0.00077477477477477482,0.001009009009009009,0.0009129129129129129,0,0,0,0,0,0,0,0,0,0,0,0,0,0,0,0,0,0,0,0,0,0,0,0,0,0,0,0,0,0,0,0,0,0,0,0,0,0,0,0,0,0,0,0,0,0,0,0,0,0,0,0,0,0,0,0
3412482753,3.2552083333333333e-005,2.170138888888889e-005,0.00011393229166666667,0.00080837673611111106,0.00014105902777777776,0,0,0,0.00056423611111111106,0.0024034288194444446,0.0015787760416666667,0,5.4253472222222224e-006,0.00011935763888888888,7.0529513888888882e-005,0,0,0.0010470920138888889,4.3402777777777779e-005,0,0,6.5104166666666666e-005,3.7977430555555556e-005,0,0.00076497395833333333,0.0025933159722222221,0.0019151475694444444,0,3.7977430555555556e-005,4.8828125000000003e-005,1.6276041666666666e-005,0,0,1.6276041666666666e-005,5.4253472222222224e-006,0,0,0.00070529513888888888,0,0,0,0,0,0,0,1.0850694444444445e-005,1.6276041666666666e-005,0,0,0,0,0,0,0,0,0,0,0,0,0,0,0,0,0
3412484295,0.00010245901639344262,0.00030005854800936767,0.001331967213114754,0.0026017271662763467,0.0010428864168618268,8.0503512880562061e-005,0,0,0.00058913934426229513,0.001639344262295082,0.00070623536299765813,0,0.00011343676814988291,0.00015368852459016395,3.6592505854800937e-005,0,1.8296252927400468e-005,0.0004500878220140515,0.00015002927400468383,0,4.025175644028103e-005,6.9525761124121787e-005,4.025175644028103e-005,0,0.00032933255269320842,0.00022321428571428571,4.025175644028103e-005,0,0.00030371779859484775,3.6592505854800937e-006,0,0,3.6592505854800937e-006,0,0,0,0,0.0010245901639344263,1.8296252927400468e-005,0,0,3.6592505854800937e-006,0,0,2.1955503512880562e-005,1.0977751756440281e-005,0,0,0,0,0,0,0,0,0,0,0,1.4637002341920375e-005,0,0,0,0,0,0
3412487979,2.1955503512880562e-005,0.00079039812646370029,0.0016283665105386418,0.0035860655737704919,0.0032494145199063232,0.00035494730679156908,0,0,0.00034031030444964873,0.0013466042154566746,0.00069891686182669784,0,3.6592505854800937e-005,2.5614754098360656e-005,3.6592505854800937e-006,0,0.0001244145199063232,0.00036958430913348948,0.00021955503512880562,0,1.0977751756440281e-005,7.3185011709601873e-006,3.6592505854800937e-006,0,1.4637002341920375e-005,4.025175644028103e-005,2.1955503512880562e-005,0,0,0,0,0,0,0,0,0,0,0,0,0,0,0,0,0,0,0,0,0,0,0,0,0,0,0,0,0,0,0,0,0,0,0,0,0
3463639485,0.00029947916666666664,5.5338541666666664e-005,3.9062500000000001e-005,9.1145833333333337e-005,0.00011067708333333333,0.00014322916666666667,0.00020833333333333335,0.00053385416666666663,0.00055989583333333336,0.00018880208333333333,0.00023111979166666666,0.00043945312500000001,6.5104166666666666e-005,2.2786458333333334e-005,8.7890624999999997e-005,0.000244140625,0.00010091145833333333,8.7890624999999997e-005,0.00017578124999999999,0.00037760416666666666,0.00058919270833333339,0.00025390625000000001,0.00017903645833333332,0.00034505208333333333,0.00094401041666666667,0.0016471354166666668,0.0008463541666666667,0.00063476562500000002,7.8125000000000002e-005,1.953125e-005,4.2317708333333335e-005,0.00022460937500000001,0,6.5104166666666671e-006,2.6041666666666668e-005,2.6041666666666668e-005,1.6276041666666666e-005,4.5572916666666669e-005,8.7890624999999997e-005,0.00013671875000000001,8.1380208333333329e-005,0.00015299479166666668,0.00015950520833333333,0.00013020833333333333,0.00053059895833333333,0.00037434895833333336,0.00021484375,5.5338541666666664e-005,0.00063802083333333332,0.0026302083333333334,0.0021940104166666666,0.00093749999999999997,0,0,0,0,0,1.953125e-005,1.3020833333333334e-005,0,9.7656250000000002e-006,5.5338541666666664e-005,2.2786458333333334e-005,3.2552083333333335e-006
3464437698,0.00014648437499999999,0.00023763020833333335,0.00093098958333333337,0.0011555989583333333,0.00087890625000000002,0.00087565104166666661,0.0012467447916666666,0.0016471354166666668,0.00034505208333333333,0.0015104166666666666,0.0014778645833333334,0.001689453125,9.1145833333333337e-005,0.0011295572916666667,0.0011230468749999999,0.0013151041666666667,0.000107421875,0.00066731770833333335,0.00047200520833333334,0.00055338541666666665,0.00025065104166666665,0.00082031249999999997,0.00037760416666666666,0.00040039062499999998,0.00056640624999999996,0.0013346354166666667,0.00064453125000000003,0.00048177083333333335,7.1614583333333334e-005,0.00057942708333333338,0.00063476562500000002,0.00059895833333333329,1.6276041666666666e-005,0.00034505208333333333,0.00038085937500000001,0.00021484375,7.1614583333333334e-005,0.00032877604166666667,0.00028320312499999998,0.00019205729166666666,8.1380208333333329e-005,0.00031575520833333331,0.00019205729166666666,0.00010416666666666667,0.00015950520833333333,0.00031575520833333331,9.4401041666666665e-005,3.5807291666666667e-005,0.00070312499999999997,0.0017122395833333334,0.0013476562499999999,0.00019531250000000001,0,6.5104166666666671e-006,3.2552083333333333e-005,2.6041666666666668e-005,9.7656250000000002e-006,2.9296874999999999e-005,4.2317708333333335e-005,6.5104166666666671e-006,0,2.2786458333333334e-005,1.6276041666666666e-005,1.3020833333333334e-005
3464438252,0.00092773437499999996,0.00059570312499999999,0.00022786458333333334,0.00032877604166666667,0.00033528645833333332,7.8125000000000002e-005,9.7656250000000002e-006,0,0.0027083333333333334,0.00069986979166666667,0.00054036458333333334,5.2083333333333337e-005,0.00019531250000000001,0.00021809895833333333,0.00015950520833333333,0,0.00020507812499999999,0.00022786458333333334,0.00018880208333333333,0,0.00095703124999999998,0.00024739583333333335,0.00016927083333333334,0,0.0028710937499999999,0.0015983072916666667,0.00091796874999999995,0.00034830729166666669,0.00014322916666666667,0.0001171875,6.1848958333333339e-005,3.2552083333333335e-006,2.2786458333333334e-005,2.6041666666666668e-005,9.7656250000000002e-006,0,9.7656250000000002e-006,0.0001171875,5.5338541666666664e-005,0,3.2552083333333335e-006,1.953125e-005,0,0,0.00012044270833333334,4.2317708333333335e-005,3.2552083333333335e-006,0,0.00058919270833333339,0.0011751302083333334,0.00073893229166666671,0.00020833333333333335,0,0,0,0,0,0,0,0,0,0,0,0
3660006281,0,3.6678403755868544e-006,2.2007042253521128e-005,0.0015331572769953052,0.00049882629107981223,0,0,0,0.0001210387323943662,0.00043280516431924883,0.00013571009389671361,0,0,1.4671361502347417e-005,3.6678403755868544e-006,0,0,0.00028975938967136148,0.00012837441314553992,0,0,3.6678403755868544e-006,1.8339201877934273e-005,0,0.00047315140845070425,0.0024024354460093897,0.0014891431924882628,0,0,3.6678403755868544e-006,0,0,0,0,0,0,0,0,0,0,0,0,0,0,0,0,0,0,0,0,0,0,0,0,0,0,0,0,0,0,0,0,0,0
3660006755,0.00022007042253521127,0.00062353286384976526,0.0019439553990610329,0.0019072769953051643,0.00056117957746478874,0.0013057511737089203,0.00036678403755868543,3.6678403755868544e-006,0.00048048708920187791,0.0016395246478873239,0.00050616197183098589,0.00011370305164319249,7.3356807511737087e-006,7.3356807511737087e-006,1.1003521126760564e-005,0,7.3356807511737087e-006,0.00035944835680751176,0.00034477699530516433,6.6021126760563374e-005,0,3.3010563380281687e-005,0,0,7.3356807511737087e-006,0.00048415492957746479,4.7681924882629108e-005,2.2007042253521128e-005,1.4671361502347417e-005,0,0,0,0,0,0,0,0,0,0,0,0,0,0,0,0,0,0,0,0,0,0,0,0,0,0,0,0,0,0,0,0,0,0,0
3660007157,0.00082526408450704224,0.00081792840375586858,0.00036678403755868543,0.00066387910798122068,0.0011663732394366197,0.00053917253521126765,3.6678403755868544e-006,0,1.1003521126760564e-005,9.5363849765258215e-005,0.00063453638497652581,3.3010563380281687e-005,2.2007042253521128e-005,0.00039245892018779341,0.0003301056338028169,0,0.00098664906103286391,0.0023547535211267605,0.0011700410798122067,0,3.6678403755868544e-006,0,3.6678403755868544e-006,0,0,0,1.8339201877934273e-005,7.3356807511737087e-006,0,0,0,0,0,0,0,0,0,0.00085460680751173711,0.00011370305164319249,0,0,0,0,0,0,0,0,0,0,0,0,0,0,0,0,0,0,0,0,0,0,0,0,0
3660007641,3.6678403755868545e-005,3.3010563380281687e-005,0.00070422535211267609,0.0019256161971830986,0.00034844483568075116,0,0,0,0.00017238849765258216,0.0010893485915492958,0.00017238849765258216,0,0,2.567488262910798e-005,0,0,1.8339201877934273e-005,0.00013571009389671361,0,0,2.9342723004694835e-005,0.00013571009389671361,1.4671361502347417e-005,0,0.00033377347417840378,0.0016468603286384977,3.6678403755868544e-006,0,0,0,0,0,0,0,0,0,0,0,0,0,0,0,0,0,0,0,0,0,0,0,0,0,0,0,0,0,0,0,0,0,0,0,0,0
3660804546,0.0020429870892018781,0.0020613262910798122,0.0020686619718309858,0.0029819542253521126,0.0028315727699530515,0.0019476232394366197,0.001412118544600939,0.00071522887323943664,0.0006565434272300469,0.00078491784037558682,0.00057585093896713618,0.00023474178403755868,0,3.6678403755868544e-006,1.1003521126760564e-005,0,4.7681924882629108e-005,9.9031690140845074e-005,0.00014671361502347418,0,7.3356807511737087e-006,3.6678403755868544e-006,7.3356807511737087e-006,0,0.00035944835680751176,0.00046948356807511736,0.00039245892018779341,2.2007042253521128e-005,0.00013937793427230046,7.3356807511737087e-006,3.6678403755868544e-006,0,0,0,0,0,0,0,0,0,0,0,0,0,3.6678403755868544e-006,0,0,0,0,0,0,0,0,0,0,0,0,0,0,0,0,0,0,0
3660804874,0.00017605633802816902,9.1696009389671357e-005,0.00013204225352112675,0.00022373826291079813,3.6678403755868545e-005,0,0,0,0.00071889671361502353,0.0027875586854460093,0.0017385563380281691,0,0,0,0,0,0,0,0,0,0,0,0,0,0.00013937793427230046,0.0017605633802816902,0.00041079812206572768,0,0,0,0,0,0,0,0,0,0,0,0,0,0,0,0,0,0,0,0,0,0,0,0,0,0,0,0,0,0,0,0,0,0,0,0,0
3660805024,0.00017605633802816902,0.0003301056338028169,0.00015038145539906104,0.00021273474178403756,0.0010159917840375588,0.0011517018779342724,1.1003521126760564e-005,0,0.00088028169014084509,0.0012177230046948356,0.00071889671361502353,3.6678403755868544e-006,3.6678403755868544e-006,1.4671361502347417e-005,3.6678403755868544e-006,0,0.00017972417840375588,0.00026408450704225349,0.00038145539906103286,0,9.9031690140845074e-005,5.134976525821596e-005,1.4671361502347417e-005,0,0.0010490023474178404,0.0014744718309859155,0.00046948356807511736,1.1003521126760564e-005,0.00020173122065727701,1.1003521126760564e-005,0,0,0,0,0,0,3.6678403755868545e-005,0.00013571009389671361,0,0,0,3.6678403755868544e-006,0,0,0,0,0,0,0,3.6678403755868544e-006,0,0,0,0,0,0,0,0,0,0,0,0,0,0
3660805386,0.001536825117370892,0.0017422241784037559,0.00066387910798122068,0.0014194542253521127,0.00049149061032863846,0.00057218309859154929,0.00017238849765258216,7.3356807511737087e-006,9.9031690140845074e-005,0.00028242370892018781,0.00077391431924882627,0.00052816901408450699,3.6678403755868544e-006,1.1003521126760564e-005,0,0,0.00012470657276995306,0.00019806338028169015,1.4671361502347417e-005,0,1.8339201877934273e-005,0,0,0,3.6678403755868544e-006,0,0.00018705985915492957,0.00031910211267605635,0,0,7.3356807511737087e-006,7.3356807511737087e-006,0,0,0,0,0,0,0,0,0,0,0,0,7.3356807511737087e-006,0,0,0,0,0,0,0,0,0,0,0,0,0,0,0,0,0,0,0
3660805716,1.4671361502347417e-005,0.0003301056338028169,0.0014084507042253522,0.00049515845070422534,0.00013937793427230046,0.00048782276995305163,0.00016138497652582159,0,0.00027142018779342721,0.0012690727699530516,3.6678403755868545e-005,1.1003521126760564e-005,3.3010563380281687e-005,0.00029709507042253519,5.868544600938967e-005,0,0.00020539906103286384,0.001360768779342723,0.00078858568075117371,2.2007042253521128e-005,0,0,0,0,1.1003521126760564e-005,0.00030443075117370891,0,0,3.6678403755868544e-006,1.8339201877934273e-005,0,0,0,0,0,0,1.1003521126760564e-005,0.00099398474178403746,0.00063820422535211269,0,0,0,0,0,0,0,0,0,0,0,0,0,0,0,0,0,0,0.0001540492957746479,9.9031690140845074e-005,0,0,0,0,0
3660806248,0,7.3356807511737087e-006,4.4014084507042256e-005,0.0014964788732394366,0.00061986502347417837,0,0,0,6.6021126760563374e-005,0.0010453345070422534,0.00058318661971830984,0,0,6.6021126760563374e-005,7.3356807511737087e-006,0,0,0.00024941314553990611,0,0,2.2007042253521128e-005,0.00021640258215962441,4.0346244131455397e-005,0,0.00020539906103286384,0.0021273474178403755,0.00045114436619718309,0,0,3.6678403755868544e-006,0,0,0,0,0,0,0,0,0,0,0,0,0,0,0,0,0,0,0,6.2353286384976529e-005,0,0,0,0,0,0,0,0,0,0,0,0,0,0
3660806416,0.00032894736842105262,0.0010103383458646617,0,0,0,0,0,0,0.0015801221804511278,0,0,0,1.174812030075188e-005,0,0,0,0,0,0,0,2.9370300751879698e-005,0,0,0,0.00047579887218045111,0.00046405075187969927,0,0,2.9370300751879698e-005,0,0,0,0,0,0,0,0,0,0,0,0,0,0,0,0,0,0,0,1.174812030075188e-005,0.0022145206766917293,0,0,0,0,0,0,0,0,0,0,0,0,0,0
4013962839,0,0,0.00031641791044776117,8.3582089552238807e-005,0,0,0,0,0,0.00038208955223880596,0.00011343283582089552,0,0,0.00017910447761194031,5.9701492537313431e-006,0,0.00013731343283582089,0.0003880597014925373,0,0,5.9701492537313431e-006,0.00010149253731343284,0,0,4.7761194029850745e-005,0.0016358208955223881,0.0012597014925373135,0.00045373134328358209,5.9701492537313431e-006,0.00011940298507462687,1.7910447761194031e-005,1.1940298507462686e-005,0,0,0,0,0.00098507462686567163,0.0019104477611940299,0,0,1.1940298507462686e-005,1.7910447761194031e-005,0,0,0,0,0,0,1.7910447761194031e-005,0.00057910447761194033,0.00074626865671641792,0.00022089552238805971,0,0,0,0,0.00077014925373134326,0.0016895522388059702,0,0,0,0,0,0
482552072,9.9415204678362579e-005,0.00038596491228070175,0.0008654970760233918,0.0010467836257309941,0.00076023391812865494,0.00092982456140350874,0.00079532163742690063,0.00020467836257309941,0.00011111111111111112,0.00033333333333333332,0.0012339181286549707,0.00085964912280701758,5.8479532163742694e-006,0,1.1695906432748539e-005,2.9239766081871346e-005,0.00028070175438596489,0.0019181286549707602,0.0015146198830409358,9.9415204678362579e-005,5.8479532163742694e-006,4.6783625730994155e-005,8.187134502923976e-005,4.093567251461988e-005,4.6783625730994155e-005,0.00015204678362573098,0.00023391812865497077,3.5087719298245611e-005,0,0,0,0,0,0,0,0,5.8479532163742693e-005,0.0011286549707602339,0.0013216374269005848,1.7543859649122806e-005,1.1695906432748539e-005,5.8479532163742694e-006,2.9239766081871346e-005,0,0,0,0,0,0,0,0,0,0,0,0,0,0,0,0,0,0,0,0,0
482552170,1.7910447761194031e-005,0.00010149253731343284,0.00044776119402985075,0.00088955223880597017,0.0011582089552238807,0.0016000000000000001,0.0015522388059701492,0.00044179104477611942,0.00029253731343283583,0.0012776119402985076,0.0017014925373134329,0.0015164179104477612,0,5.9701492537313431e-006,6.5671641791044776e-005,7.7611940298507459e-005,0,0.0002865671641791045,0.00037014925373134329,0.00023283582089552238,5.9701492537313431e-006,0.00011940298507462687,0.0002447761194029851,0.0002626865671641791,0.00027462686567164177,0.00074626865671641792,0.00063880597014925379,0.00020298507462686568,0,0,5.9701492537313431e-006,0,0,0,0,0,0,0.0003880597014925373,0.00022686567164179104,5.9701492537313431e-006,0,2.3880597014925373e-005,1.1940298507462686e-005,0,5.9701492537313431e-006,5.9701492537313431e-006,1.1940298507462686e-005,1.1940298507462686e-005,0,0,0,0,0,0,0,0,0.00094925373134328362,0.0013731343283582089,0,0,0,0,0,0
482560719,7.1641791044776124e-005,0.00018507462686567165,0.00043582089552238808,0.0004895522388059702,0.00042388059701492536,0.0007940298507462687,0.00035223880597014923,0,0.0002447761194029851,0.00091343283582089551,0.0030865671641791045,0.00090149253731343284,2.9850746268656717e-005,3.5820895522388062e-005,8.3582089552238807e-005,1.7910447761194031e-005,1.1940298507462686e-005,0.0003462686567164179,0.00010149253731343284,0,2.3880597014925373e-005,0.00019104477611940298,0.00022686567164179104,2.3880597014925373e-005,6.5671641791044776e-005,0.00026865671641791044,0.00049552238805970154,8.9552238805970156e-005,0,0,0,5.9701492537313431e-006,0,5.9701492537313431e-006,5.9701492537313431e-006,0,0,0.00078208955223880593,0,0,0,0.00014925373134328358,0,0,1.7910447761194031e-005,5.9701492537313431e-006,5.9701492537313435e-005,5.9701492537313431e-006,5.9701492537313431e-006,5.9701492537313431e-006,0,0,0,0,0,0,0,0.00011343283582089552,0,0,5.9701492537313431e-006,1.1940298507462686e-005,0,0
482560809,0.00015577889447236182,0.00017587939698492463,0.00054271356783919603,0.0010653266331658291,0.0017437185929648242,0.00013567839195979901,0.0001306532663316583,0.00011557788944723618,0.00049748743718592962,0.001100502512562814,0.0010804020100502513,0.0006381909547738693,4.020100502512563e-005,7.0351758793969855e-005,0.00011557788944723618,1.5075376884422111e-005,5.0251256281407036e-005,0.00024623115577889447,0.00074371859296482414,4.020100502512563e-005,5.0251256281407036e-005,0.00017085427135678393,0.00018090452261306533,0.00018090452261306533,0.0012613065326633167,0.0013919597989949749,0.0010552763819095478,0.00048241206030150754,0.00094472361809045226,0.0007537688442211055,5.0251256281407036e-005,5.0251256281407038e-006,0,0,1.5075376884422111e-005,0,4.5226130653266333e-005,0.00072864321608040201,0.00064824120603015076,2.5125628140703518e-005,5.0251256281407038e-006,2.5125628140703518e-005,2.5125628140703518e-005,0,0.00012060301507537688,0.00014572864321608041,8.0402010050251261e-005,0,0.00063316582914572862,0.00063316582914572862,0.00038190954773869348,0,0,0,0,0,3.5175879396984927e-005,3.0150753768844221e-005,1.5075376884422111e-005,0,0.00017085427135678393,0.0001306532663316583,5.5276381909547739e-005,0
482560871,3.5820895522388062e-005,1.1940298507462686e-005,0.00035223880597014923,0.00057910447761194033,0.00060298507462686567,0.0014507462686567164,0.0015223880597014926,8.3582089552238807e-005,0.00033432835820895523,0.0012059701492537313,0.0030149253731343285,0.0021014925373134328,0,0,0,0,0,9.552238805970149e-005,4.1791044776119404e-005,5.9701492537313431e-006,0,3.5820895522388062e-005,5.9701492537313435e-005,1.7910447761194031e-005,0.00038208955223880596,0.00064477611940298512,0.00048358208955223881,2.3880597014925373e-005,0,0,0,0,0,0,0,0,0,5.9701492537313431e-006,0,0,0,0,5.9701492537313431e-006,5.9701492537313431e-006,2.9850746268656717e-005,2.3880597014925373e-005,2.3880597014925373e-005,0,3.5820895522388062e-005,3.5820895522388062e-005,1.1940298507462686e-005,0,0,0,0,0,0,0,0,0,3.5820895522388062e-005,1.7910447761194031e-005,0,0
482560965,0.00055652173913043473,0.00083478260869565221,0.00070144927536231882,0.00073623188405797099,0.00091014492753623184,0.00051014492753623188,0.00036521739130434785,0.0001565217391304348,0.00069565217391304353,0.00066086956521739135,0.0005971014492753623,0.00080579710144927533,0.00027246376811594202,6.3768115942028984e-005,1.1594202898550725e-005,0,0.00041159420289855071,0.00048695652173913045,0.0016463768115942028,1.1594202898550725e-005,3.4782608695652171e-005,1.1594202898550725e-005,1.1594202898550725e-005,1.7391304347826085e-005,0.00012173913043478261,0.00016231884057971014,0.00012173913043478261,0.0002144927536231884,0.00036521739130434785,0.00034782608695652176,0,0,0,0,0,0,1.7391304347826085e-005,4.6376811594202899e-005,0.00062608695652173918,0,0,0,0,0,5.7971014492753624e-006,5.7971014492753624e-006,0,0,0,0,0,0,0,0,0,0,0,0,0,0,0,0,0,0
482561217,4.8780487804878051e-005,5.4200542005420052e-006,2.7100271002710027e-005,0.00016260162601626016,0.00026016260162601624,0.0010189701897018971,0.00082926829268292681,0.00032520325203252032,0.00018428184281842817,0.00017344173441734417,0.00072628726287262877,0.0003848238482384824,0.00016802168021680218,6.504065040650406e-005,0.00057452574525745253,0.00011382113821138211,5.4200542005420052e-006,0.00016802168021680218,0.0014146341463414634,0.0016368563685636855,0,0,4.8780487804878051e-005,1.084010840108401e-005,0.0005799457994579946,0.0007533875338753388,0.00098102981029810294,0.00060162601626016256,0.00063414634146341466,0.00078590785907859079,0.00055826558265582654,1.084010840108401e-005,1.084010840108401e-005,2.7100271002710027e-005,0.00043902439024390245,0,0,3.7940379403794039e-005,0.00044444444444444447,0.00051490514905149051,0,0,5.4200542005420052e-006,2.1680216802168021e-005,0,0,1.6260162601626015e-005,1.084010840108401e-005,0.00056910569105691057,0.0015392953929539296,0.0010243902439024391,1.6260162601626015e-005,0,0,0,0,0,0,0,0,0,0,5.4200542005420052e-006,1.6260162601626015e-005
5283861614,4.7762008733624454e-005,4.7762008733624454e-005,0.00020128275109170305,0.00030021834061135373,0.00023881004366812226,0.00012622816593886463,0.00012622816593886463,0.00020810589519650654,8.5289301310043664e-005,0.00029339519650655024,0.00022516375545851528,0.00014669759825327512,9.2112445414847165e-005,0.0002899836244541485,0.00016716703056768558,0.00012281659388646289,3.4115720524017465e-005,0.0003138646288209607,0.00032068777292576419,0.00019787117903930131,1.3646288209606987e-005,0.00022516375545851528,0.00015010917030567686,4.4350436681222711e-005,0.0001091703056768559,0.00012622816593886463,5.7996724890829693e-005,2.046943231441048e-005,0.00071301855895196506,0.00026269104803493449,2.7292576419213974e-005,1.023471615720524e-005,2.3881004366812227e-005,3.4115720524017468e-006,1.023471615720524e-005,0,6.8231441048034936e-006,0.00012963973799126637,0.0011633460698689956,0.00093477074235807857,0,0.00011599344978165939,5.4585152838427949e-005,2.7292576419213974e-005,0,6.8231441048034936e-006,0,0,0.00076078056768558947,0.0006891375545851528,0,0,0.00036162663755458517,1.7057860262008733e-005,0,0,0,0,0.0019753002183406114,0.0012008733624454149,0,0,0,0
5554711281,0.0010393415178571429,0.0014753069196428571,0.0013881138392857143,0.0010079520089285715,0.00069056919642857147,0.00022670200892857144,0.00010811941964285714,0.0011160714285714285,0.0015729631696428572,0.0017333984374999999,0.0014334542410714285,0.0021344866071428569,0.00032435825892857141,0.00048828125,0.00026157924107142856,5.2315848214285711e-005,0.0010672433035714285,0.00047433035714285714,8.3705357142857144e-005,2.7901785714285713e-005,0.0006103515625,0.00040108816964285713,0.0001255580357142857,0.00016392299107142856,0.0003731863839285714,0.0013636997767857142,0.0013950892857142857,0.0015764508928571429,2.0926339285714286e-005,0.00026157924107142856,0.00032087053571428571,9.7656250000000005e-005,0,3.4877232142857142e-006,3.4877232142857142e-006,0,0.00027204241071428572,0.00011160714285714285,6.9754464285714284e-006,3.4877232142857142e-006,0.00011160714285714285,2.4414062500000001e-005,0,0,0,6.9754464285714284e-006,0,0,0,0,3.4877232142857142e-006,1.0463169642857143e-005,0,0,0,0,1.743861607142857e-005,2.4414062500000001e-005,0,0,0,0,0,0
5697622375,0.0012260210396039604,0.0013768564356435643,0.0013884591584158415,0.00091661509900990094,0.00024365717821782178,0.00017017326732673266,0.00034421410891089107,0.0022470606435643563,0.0014928836633663367,0.0016243811881188118,0.0011370668316831682,0.0025061881188118812,0.00090114480198019806,0.00078511757425742579,0.00017017326732673266,0.00051438737623762379,0.0011331992574257425,0.00059947400990099009,0.00035581683168316831,0.00041383044554455444,0.00085860148514851486,0.00064975247524752479,0.00051825495049504953,0.00055693069306930688,0.00066909034653465352,0.0012414913366336634,0.0011796101485148514,0.0022431930693069305,0.00012376237623762376,0.0004525061881188119,0.00032874381188118814,0.0023940284653465346,3.8675742574257426e-006,7.7351485148514852e-006,0,3.8675742574257426e-006,0.0001624381188118812,0.00011602722772277227,0.0001624381188118812,7.3483910891089106e-005,0.00017790841584158415,0.00044090346534653467,0.00050665222772277229,0.00025525990099009902,1.1602722772277228e-005,0.0003171410891089109,0.00045637376237623765,0.00039062500000000002,3.8675742574257426e-006,0.0001005569306930693,0.00011602722772277227,5.8013613861386136e-005,0,0,0,0,0,0,0,0,0,0,0,0
6668604021,0.0034404342723004695,0.0036091549295774648,0.0035798122065727701,0.003433098591549296,0.0031800176056338029,0.0026775234741784038,0.0019476232394366197,0.00099031690140845069,0,0,0,0,0,0,0,0,0,0,0,0,0,0,0,0,0,0,0,0,0,0,0,0,0,0,0,0,0,0,0,0,0,0,0,0,0,0,0,0,0,0,0,0,0,0,0,0,0,0,0,0,0,0,0,0
6799796904,0.0025322014051522247,0.0023638758782201404,0.00025980679156908666,5.8548009367681499e-005,7.6844262295081974e-005,2.5614754098360656e-005,1.0977751756440281e-005,2.1955503512880562e-005,0.00095506440281030447,0.00032567330210772833,0.00015002927400468383,3.6592505854800937e-006,0.00020125878220140516,1.0977751756440281e-005,7.3185011709601873e-006,2.1955503512880562e-005,0.0011965749414519905,0.00013539227166276346,0.0001207552693208431,6.9525761124121787e-005,0.00019028103044496487,8.7822014051522248e-005,3.2933255269320843e-005,7.3185011709601873e-006,8.7822014051522248e-005,0.00021589578454332553,0.00014637002341920375,3.6592505854800937e-006,0,0,0,0,1.4637002341920375e-005,3.6592505854800937e-006,0,0,0.00064036885245901635,0.00043179156908665107,0.00029639929742388758,0.00040251756440281032,0,0,7.3185011709601873e-006,0,7.3185011709601873e-006,7.3185011709601873e-006,0,0,0,0,0,0,0,0,0,0,0.00022687353629976582,0.00038788056206088992,0.00011343676814988291,0,0,0,0,0
6813488268,0.0021498935037273697,0.0025492545260915869,0.0029486155484558041,0.0032614483493077742,0.0034777689030883918,0.0035709531416400426,0.0036608093716719915,0.0029319755058572951,0,0,0,0,0,0,0,0,0,0,0,0,0,0,0,0,0,0,0,0,0,0,0,0,0,0,0,0,0,0,0,0,0,0,0,0,0,0,0,0,0,0,0,0,0,0,0,0,0,0,0,0,0,0,0,0
6935044335,0.00035211267605633805,0.00050249413145539911,0.00053917253521126765,0.00060152582159624416,0.0007445715962441314,0.00090228873239436619,0.00087294600938967132,0.00097931338028169014,0.00011003521126760564,0.0001540492957746479,0.00016138497652582159,8.8028169014084512e-005,0.00018705985915492957,0.0002090669014084507,0.00014671361502347418,4.7681924882629108e-005,0.0015258215962441314,0.002596830985915493,0.0032900528169014084,0.0026555164319248827,0.00014671361502347418,0.00026408450704225349,0.00048048708920187791,0.00043647300469483566,4.7681924882629108e-005,6.9688967136150232e-005,8.8028169014084512e-005,2.567488262910798e-005,4.7681924882629108e-005,7.3356807511737091e-005,4.7681924882629108e-005,7.3356807511737087e-006,3.6678403755868545e-005,6.9688967136150232e-005,3.3010563380281687e-005,1.1003521126760564e-005,0.00050616197183098589,0.0013937793427230046,0.0014744718309859155,0.0010783450704225353,0,7.3356807511737087e-006,7.3356807511737087e-006,3.6678403755868544e-006,2.2007042253521128e-005,2.567488262910798e-005,1.8339201877934273e-005,3.6678403755868544e-006,1.1003521126760564e-005,2.2007042253521128e-005,2.2007042253521128e-005,7.3356807511737087e-006,0,0,0,0,0,0,0,0,3.6678403755868544e-006,7.3356807511737087e-006,7.3356807511737087e-006,0
6959600465,0.0015409270216962525,0.00157482741617357,0.0014577169625246548,0.0016487919132149901,0.0022127712031558187,0.0027983234714003945,0.0031619822485207099,0.0018768491124260356,0,0,0,0,0,0,0,0,0,0,0,0,0,0,0,0,0,0,0,0,0,0,0,0,0,0,0,0,0,0,0,0,0,0,0,0,0,0,0,0,0,0,0,0,0,0,0,0,0,0,0,0,0,0,0,0
7513131722,9.1481264637002349e-005,0.00047936182669789225,0.00073916861826697896,0.00055620608899297429,0.00028908079625292741,0.00022687353629976582,0.00015368852459016395,3.2933255269320843e-005,0.00033665105386416865,0.00072819086651053865,0.00073185011709601879,0.00090749414519906329,0.00038056206088992974,0.00045374707259953164,0.00027444379391100701,0.00017930327868852458,0.00049399882903981265,0.00079405737704918032,0.00043911007025761124,6.5866510538641686e-005,6.5866510538641686e-005,0.00027810304449648715,9.8799765807962536e-005,4.3911007025761124e-005,0.00040251756440281032,0.00070989461358313816,0.00060743559718969551,0.00087090163934426231,0.00036226580796252925,0.00035494730679156908,9.1481264637002349e-005,5.1229508196721311e-005,6.9525761124121787e-005,0.00013173302107728337,0.00014637002341920375,2.9274004683840749e-005,0.00010611826697892272,0.00058913934426229513,0.0014637002341920376,7.3185011709601873e-006,1.8296252927400468e-005,0.0001207552693208431,6.2207259953161599e-005,0,3.6592505854800937e-006,3.6592505854800937e-005,5.1229508196721311e-005,3.2933255269320843e-005,0.00023785128805620608,5.1229508196721311e-005,0,0,2.1955503512880562e-005,1.0977751756440281e-005,3.6592505854800937e-006,0,0,0.0010319086651053863,0.0012404859484777518,0,0,0,0,0
8206311563,8.0503512880562061e-005,0.00032567330210772833,0.00055254683840749415,0.00060743559718969551,0.00049033957845433251,0.00027810304449648715,0.00015734777517564403,0.00061841334894613582,0.00061841334894613582,0.00073916861826697896,0.00044276932084309133,0.00014271077283372366,0.000508635831381733,0.00064402810304449649,0.00037324355971896957,0.0002488290398126464,0.00031103629976580798,0.00075380562060889931,0.00046106557377049182,0.00031103629976580798,0.00023785128805620608,0.00053059133489461363,0.00032567330210772833,0.000234192037470726,0.00073550936768149882,0.002034543325526932,0.0022467798594847776,0.00063305035128805617,0.0012843969555035128,0.0022028688524590163,0.0022906908665105388,0.0002415105386416862,1.0977751756440281e-005,9.5140515222482436e-005,0.0001207552693208431,0.00013539227166276346,7.3185011709601873e-006,0.00025248829039812648,0.00027444379391100701,0.00015002927400468383,0,5.1229508196721311e-005,0.00010977751756440281,5.1229508196721311e-005,5.1229508196721311e-005,0.00027078454332552692,0.00025614754098360657,0.000117096018735363,0.00078307962529274001,0.0023528981264637002,0.0023821721311475409,0.000625731850117096,0,1.8296252927400468e-005,7.3185011709601873e-006,0,0,0,3.6592505854800937e-006,0,0,3.6592505854800937e-006,1.0977751756440281e-005,7.3185011709601873e-006
8206313713,0.00081235362997658081,0.0010611826697892273,0.00088553864168618266,0.0013722189695550351,0.00077942037470725997,0.00022687353629976582,0.00027810304449648715,0.00040983606557377049,0.00061841334894613582,0.00075014637002341917,0.00075746487119437934,0.00055986533957845433,0.00041715456674473067,0.00076478337236533963,0.00054156908665105384,0.0002488290398126464,0.00047204332552693208,0.0009770199063231851,0.00053059133489461363,0.00059279859484777516,8.0503512880562061e-005,6.9525761124121787e-005,5.1229508196721311e-005,0.00021589578454332553,0.00010611826697892272,0.00020857728337236533,0.00070257611241217799,0.0011014344262295082,0.00013173302107728337,0.00054156908665105384,0.0014344262295081967,0.0011929156908665106,0,1.4637002341920375e-005,1.8296252927400468e-005,7.3185011709601873e-006,0.0003073770491803279,0.00038422131147540983,0.00040983606557377049,0.00039885831381733023,5.4888758782201405e-005,2.9274004683840749e-005,7.3185011709601873e-006,0,3.6592505854800937e-006,0,3.6592505854800937e-006,1.8296252927400468e-005,5.1229508196721311e-005,0.00074648711943793914,0.0016173887587822013,0.0014929742388758783,0,1.4637002341920375e-005,2.9274004683840749e-005,0,0,0,0,0,0,0,0,0
8206319839,0.0014929742388758783,0.0013026932084309133,0.000234192037470726,8.7822014051522248e-005,2.5614754098360656e-005,1.8296252927400468e-005,7.3185011709601873e-006,3.2933255269320843e-005,0.0017600995316159251,0.0011819379391100702,0.00015734777517564403,8.4162763466042161e-005,0.0013722189695550351,0.00035860655737704917,5.4888758782201405e-005,1.8296252927400468e-005,0.001090456674473068,0.00016100702576112412,5.8548009367681499e-005,1.4637002341920375e-005,0.00085992388758782199,0.00010977751756440281,2.5614754098360656e-005,2.5614754098360656e-005,0.0024553571428571428,0.0031762295081967213,0.0015112704918032788,0.00093676814988290398,0.0023565573770491805,0.0030262002341920374,0.00057084309133489464,0,0.00010245901639344262,5.8548009367681499e-005,7.3185011709601873e-006,0,4.025175644028103e-005,6.9525761124121787e-005,7.3185011709601873e-005,2.9274004683840749e-005,3.6592505854800937e-006,7.3185011709601873e-006,1.0977751756440281e-005,0,2.9274004683840749e-005,2.9274004683840749e-005,1.4637002341920375e-005,3.6592505854800937e-006,0.0010392271662763466,0.0031579332552693208,0.0020382025761124124,0.00048668032786885248,0.00013539227166276346,0.00069891686182669784,0,0,3.6592505854800937e-006,7.3185011709601873e-006,3.6592505854800937e-006,0,0,0,0,0
8206468955,4.7570257611241218e-005,5.8548009367681499e-005,0.00033665105386416865,0.00079039812646370029,0.00030371779859484775,0.00010977751756440281,4.3911007025761124e-005,3.6592505854800937e-006,0.0005964578454332553,0.0018808548009367682,0.0019284250585480094,0.0018259660421545668,0,9.5140515222482436e-005,5.4888758782201405e-005,3.6592505854800937e-006,3.6592505854800937e-006,0.00021223653395784545,8.4162763466042161e-005,0,2.5614754098360656e-005,1.0977751756440281e-005,1.4637002341920375e-005,0,0.00032201405152224824,0.0010794789227166275,0.0013392857142857143,0.00095506440281030447,0,3.6592505854800937e-006,2.9274004683840749e-005,1.0977751756440281e-005,0,0,0,0,2.1955503512880562e-005,0.00021589578454332553,3.6592505854800937e-006,0,0,7.3185011709601873e-006,0,0,0,0,0,0,0,0,0,0,0,0,0,0,9.8799765807962536e-005,0.00075746487119437934,0,0,0,0,0,0
8206473003,0.00010245901639344262,0.00029639929742388758,0.00057084309133489464,0.00068062060889929746,0.00025980679156908666,0.00049033957845433251,0.00054522833723653398,6.2207259953161599e-005,0.00075014637002341917,0.0014307669789227165,0.0021296838407494144,0.0016612997658079626,9.5140515222482436e-005,0.00025248829039812648,0.00040251756440281032,0.00012807377049180329,0.00010245901639344262,0.00028908079625292741,6.2207259953161599e-005,0,8.4162763466042161e-005,0.00021223653395784545,0.00015368852459016395,1.8296252927400468e-005,0.00035494730679156908,0.00087456088992974234,0.00099531615925058559,0.00065866510538641683,2.1955503512880562e-005,6.2207259953161599e-005,9.1481264637002349e-005,1.0977751756440281e-005,1.4637002341920375e-005,3.6592505854800937e-005,4.7570257611241218e-005,0,0.00028176229508196723,0.00034396955503512882,1.8296252927400468e-005,0,7.3185011709601873e-005,0.00014271077283372366,1.4637002341920375e-005,0,7.3185011709601873e-006,8.0503512880562061e-005,9.1481264637002349e-005,3.6592505854800937e-006,0,0,0,0,0,0,0,0,0.00054156908665105384,0.00075380562060889931,0,0,0,0,0,0
8206481555,0.00045410156250000002,0.00020507812499999999,0.00026123046875000002,0.00056884765625000002,0.00089355468750000003,1.953125e-005,2.4414062500000001e-006,0,0.00042236328125,0.00038330078125000002,0.00022949218749999999,6.3476562500000002e-005,0.00050537109374999996,0.00065429687500000004,0.00040771484374999998,0,0.00043701171875000001,0.00069091796875000002,0.0015771484375,0,0,2.685546875e-005,1.4648437499999999e-005,0,0.00020019531249999999,0.00089599609374999998,0.0012255859374999999,0.00060546875,0.00025634765625000001,5.6152343750000002e-005,2.1972656249999999e-005,1.7089843750000002e-005,4.1503906250000003e-005,4.8828125000000003e-005,0,0,0.00018310546875,0.00022460937500000001,0.00079833984375,0,0,0,0,0,0,7.3242187499999997e-006,0,0,2.1972656249999999e-005,0.00031005859375,0.00041503906249999999,9.7656250000000005e-005,0,0,0,0,0,0,0,0,0,0,0,0
8206483517,0.00061841334894613582,0.00057816159250585481,0.0003329918032786885,0.000234192037470726,0.00035128805620608899,0.00027444379391100701,0.00086724238875878217,0.00046838407494145199,0.00046838407494145199,0.0007135538641686183,0.0016173887587822013,0.00076478337236533963,0.00066598360655737701,0.00037324355971896957,0.00024516978922716626,1.0977751756440281e-005,0.00054888758782201401,6.9525761124121787e-005,0.00042447306791569089,0.00082333138173302112,0,7.3185011709601873e-006,1.0977751756440281e-005,1.4637002341920375e-005,2.5614754098360656e-005,0.0006550058548009368,0.001288056206088993,0.00025614754098360657,0.00035860655737704917,0.00055254683840749415,4.7570257611241218e-005,0,0,0,0,0,0,0,0.00011343676814988291,3.6592505854800937e-005,0,0,0,0,0,0,0,0,0,1.8296252927400468e-005,0,0,0,0,0,0,0,0,0,0,0,0,0,0
8207411140,0.000234192037470726,0.0010465456674473067,0.00092944964871194381,0.00037324355971896957,0.00025980679156908666,0.0015917740046838408,0.00083430913348946133,0,0.00051961358313817332,0.00055620608899297429,0.0012185304449648712,0.00072453161592505851,0.00021589578454332553,5.1229508196721311e-005,5.1229508196721311e-005,0,0.000234192037470726,8.7822014051522248e-005,0.0005671838407494145,9.8799765807962536e-005,3.6592505854800937e-006,1.4637002341920375e-005,0,0,0.00027444379391100701,0.00047936182669789225,0.00011343676814988291,3.6592505854800937e-006,0.00034031030444964873,0.00032201405152224824,0,0,0,0,0,0,0,0,0,0,0,0,0,0,0,0,0,0,0,0,3.6592505854800937e-006,0,0,0,0,0,0,0,0,0,0,0,0,0
8207416048,2.1955503512880562e-005,4.025175644028103e-005,0.00022687353629976582,0.00036226580796252925,0.00081235362997658081,0.00080137587822014049,0.00013173302107728337,0,0.0029237412177985948,0.0037104800936768149,0.0037104800936768149,0.003403103044496487,3.6592505854800937e-006,0.00010245901639344262,0.00011343676814988291,1.0977751756440281e-005,0,0,0,0,0,3.6592505854800937e-006,0,0,0.00029274004683840749,0.0011307084309133489,0.00055254683840749415,5.4888758782201405e-005,0,0,0,0,0,0,0,0,0,0,0,0,0,0,0,0,0,0,0,0,0,0,0,0,0,0,0,0,0,0,0,0,0,0,0,0
8207419216,0.00017930327868852458,0.00014637002341920375,5.1229508196721311e-005,5.4888758782201405e-005,0.00010977751756440281,0.00020857728337236533,6.2207259953161599e-005,0,0.00063305035128805617,0.002301668618266979,0.0033152810304449649,0.0013612412177985949,6.9525761124121787e-005,5.4888758782201405e-005,6.9525761124121787e-005,7.3185011709601873e-006,7.6844262295081974e-005,3.2933255269320843e-005,0.00010245901639344262,0.000117096018735363,0,6.9525761124121787e-005,9.5140515222482436e-005,1.8296252927400468e-005,0.00066964285714285715,0.0021516393442622952,0.0027993266978922717,0.00058548009367681499,3.2933255269320843e-005,4.7570257611241218e-005,0.00019759953161592507,1.8296252927400468e-005,7.3185011709601873e-006,1.8296252927400468e-005,0,0,0,0,4.3911007025761124e-005,0.00018662177985948478,0,0,0,0,7.3185011709601873e-006,7.3185011709601873e-006,3.6592505854800937e-006,0,0,0,0,0,0,0,0,0,0,0,0,0,0,0,0,0
8207565612,0.00040983606557377049,0.00074648711943793914,0.0014380854800936768,0.0030701112412177987,0.0011233899297423888,0.0010794789227166275,0.0010319086651053863,0.00082333138173302112,0,0,0,0,7.3185011709601873e-006,0,0,0,0,0,0,0,0,0,0,0,0,0,0,0,0,0,0,0,0,0,0,0,0,0,0,0,0,0,0,0,0,0,0,0,0,0,0,0,0,0,0,0,0,0,0,0,0,0,0,0
8207567382,3.6592505854800937e-006,0,3.6592505854800937e-006,0.00016466627634660421,0.00018662177985948478,3.2933255269320843e-005,3.6592505854800937e-006,0,2.5614754098360656e-005,7.6844262295081974e-005,0.00025248829039812648,9.1481264637002349e-005,7.3185011709601873e-006,1.4637002341920375e-005,3.6592505854800937e-006,0,0,0.00043179156908665107,0.0001756440281030445,0,7.3185011709601873e-006,1.0977751756440281e-005,1.8296252927400468e-005,0,0.00016100702576112412,0.00060377634660421548,0.00099165690866510545,0.001017271662763466,0,0,3.6592505854800937e-006,4.025175644028103e-005,0,0,0,0,0,0.0026749121779859487,0.00117096018735363,0,0,0,0,0,0,0,0,0,9.8799765807962536e-005,0.00025980679156908666,0.00016100702576112412,8.0503512880562061e-005,0,0,0,0,0,3.6592505854800937e-006,0,0,0,0,0,0
8239543852,0.00078708022388059701,0.00073460820895522388,0.0015683302238805969,0.0018773320895522389,0.001212686567164179,0.00026236007462686567,6.4132462686567162e-005,4.664179104477612e-005,0.0011543843283582089,0.0015041977611940298,0.0011077425373134328,0.00046058768656716416,0.00030317164179104476,0.00042560634328358209,9.9113805970149247e-005,1.7490671641791046e-005,0.00083955223880597014,0.0021688432835820894,0.00085121268656716419,1.166044776119403e-005,0.00094449626865671641,0.0022329757462686566,0.0013351212686567163,0.00036730410447761194,0.001212686567164179,0.00086870335820895519,0.00054221082089552235,0.00033815298507462689,0.00052472014925373134,3.4981343283582092e-005,0,0,0.0001166044776119403,0.00013409514925373135,0,0,0.0011135727611940299,0.0017957089552238805,0.00030317164179104476,0,0.00021571828358208956,0.0010844216417910447,0.00025652985074626865,5.830223880597015e-006,0.00016907649253731344,0.00020988805970149254,0.00054221082089552235,0.00016907649253731344,0.00033232276119402987,0.0003148320895522388,0,0,0,0,0,0,0.00087453358208955227,0.00083372201492537318,0,0,2.332089552238806e-005,5.830223880597015e-006,0,0
8265282369,0.0014708039906103287,0.00024574530516431923,0.0001210387323943662,7.7024647887323949e-005,4.4014084507042256e-005,9.1696009389671357e-005,0.00013937793427230046,0.0010159917840375588,0.0019219483568075116,0.00080692488262910803,0.00027875586854460093,0.00018705985915492957,0.00034477699530516433,5.5017605633802818e-005,0.00010269953051643192,0.00016138497652582159,0.00042546948356807511,2.9342723004694835e-005,3.3010563380281687e-005,0.00016505281690140845,0.0011443661971830986,0.00012837441314553992,5.868544600938967e-005,9.5363849765258215e-005,0.0022740610328638496,0.0025418133802816902,0.0015294894366197182,0.00016505281690140845,0.00038879107981220658,0.00071889671361502353,0.00065287558685446013,5.868544600938967e-005,7.3356807511737087e-006,3.3010563380281687e-005,2.567488262910798e-005,2.2007042253521128e-005,0,2.2007042253521128e-005,2.567488262910798e-005,1.8339201877934273e-005,0,3.3010563380281687e-005,2.567488262910798e-005,1.8339201877934273e-005,0.0002090669014084507,6.2353286384976529e-005,3.6678403755868545e-005,3.6678403755868545e-005,0.0020649941314553992,0.0027728873239436622,0.0020246478873239436,8.4360328638497653e-005,0,1.1003521126760564e-005,2.567488262910798e-005,3.6678403755868544e-006,0,7.3356807511737087e-006,0,3.6678403755868544e-006,0,1.8339201877934273e-005,2.567488262910798e-005,3.6678403755868544e-006
8265282695,7.3356807511737087e-006,0.00046581572769953053,0.0012433978873239437,0.00066387910798122068,0.00025308098591549295,0,0,0,0.00024941314553990611,0.00071889671361502353,0,0,0.00014304577464788732,0.00047315140845070425,9.9031690140845074e-005,0,5.5017605633802818e-005,0.00092429577464788729,0.00018339201877934271,0,1.8339201877934273e-005,9.1696009389671357e-005,0,0,0,0,0,0,0,0,0,0,3.6678403755868544e-006,0,0,0,3.6678403755868544e-006,0.00095730633802816904,0.0019769659624413144,0,0,3.6678403755868544e-006,0,0,0,0,0,0,0,0,0,0,0,0,0,0,0,0,0,0,0,0,0,0
8265284569,0.00065287558685446013,0.0012030516431924883,0.0031433392018779343,0.0029966255868544601,0.0011553697183098591,3.6678403755868544e-006,0,0,0.0002420774647887324,0.0015991784037558685,8.8028169014084512e-005,0,0.00013204225352112675,0.00031176643192488263,1.4671361502347417e-005,0,0.00089128521126760564,0.0016945422535211267,0.00060152582159624416,0,6.9688967136150232e-005,9.5363849765258215e-005,0,0,3.6678403755868545e-005,1.8339201877934273e-005,0,0,0,0,0,0,0,0,0,0,0.00012837441314553992,0.00054284037558685442,0.00052083333333333333,0,3.6678403755868544e-006,0,0,0,0,0,0,0,0,0,0,0,0,0,0,0,0,0,0,0,0,0,0,0
8265285037,0.00053550469483568076,0.0017605633802816902,0.0022043720657276993,0.00063820422535211269,3.6678403755868544e-006,0,0,0,0.00077391431924882627,0.0015735035211267606,8.4360328638497653e-005,0,0.00080325704225352114,0.00083993544600938967,0,0,0.0013754401408450703,0.0015111502347417841,0,0,0.00023840962441314554,0.00015038145539906104,0,0,0.00035211267605633805,0.0012580692488262911,0.0012213908450704226,0.00059052230046948361,7.3356807511737087e-006,1.4671361502347417e-005,3.6678403755868544e-006,0,1.1003521126760564e-005,0,0,0,0.00047315140845070425,0.00016138497652582159,0,0,1.4671361502347417e-005,0,0,0,1.8339201877934273e-005,3.6678403755868544e-006,0,0,8.0692488262910795e-005,0.00036678403755868543,0.00075557511737089206,0.00031910211267605635,0,0,0,0,0.00045848004694835681,0.0011223591549295775,0,0,0,0,0,0
8265313507,0.0036898474178403756,0.0036128227699530517,0.003550469483568075,0.0034734448356807512,0.0030369718309859154,0.0023437499999999999,0.0014634683098591549,0.00048048708920187791,0.0034110915492957744,0.0031506748826291078,0.0018449237089201878,0.00074823943661971829,0.0036935152582159626,0.0037118544600938967,0.0036348298122065728,0.0027325410798122065,0.00058318661971830984,0.00071522887323943664,0.00074823943661971829,0.00026041666666666666,0.00034110915492957744,0.00011737089201877934,4.0346244131455397e-005,0,4.0346244131455397e-005,3.3010563380281687e-005,7.3356807511737087e-006,0,0.00077758215962441316,0.0013020833333333333,0.0011590375586854459,0.00053917253521126765,0.00015771713615023473,0.00082893192488262912,0.001056338028169014,0.0003631161971830986,1.4671361502347417e-005,7.3356807511737087e-006,1.8339201877934273e-005,3.6678403755868544e-006,3.6678403755868544e-006,2.567488262910798e-005,0,0,0,1.1003521126760564e-005,0,0,0,0,0,0,0,0,0,0,0,0,0,0,0,0,0,0
8266350592,0.00043280516431924883,0.00012837441314553992,7.3356807511737087e-006,0,0,0,0,0,0.00031176643192488263,0,0,0,0.0010453345070422534,0.00013204225352112675,0,0,0.00018705985915492957,0.00040713028169014084,0,0,0,0,0,0,0,0,0,0,7.3356807511737087e-006,0,0,0,0.00013204225352112675,1.1003521126760564e-005,0,0,6.9688967136150232e-005,0.0011150234741784037,0.0020613262910798122,0,0,0,0,0,0,0,0,0,0,0,0,0,0,0,0,0,0,0,0,0,0,0,0,0
8266352422,0.00090228873239436619,0.001184712441314554,0.00041446596244131456,0.00035944835680751176,0.0003301056338028169,0.00041446596244131456,0.00047681924882629108,0.0017458920187793426,0.0014634683098591549,0.00094997065727699527,0.00052816901408450699,0.00023474178403755868,0.00082159624413145535,0.00023107394366197182,0.00013571009389671361,9.9031690140845074e-005,9.9031690140845074e-005,4.0346244131455397e-005,0.00024941314553990611,0.00067855046948356811,0.00056117957746478874,0.0001540492957746479,0.00019072769953051643,0.00033377347417840378,0.001309419014084507,0.0014194542253521127,0.00046948356807511736,1.4671361502347417e-005,0.0010159917840375588,0.0011113556338028169,0.00034477699530516433,1.8339201877934273e-005,7.3356807511737087e-006,7.3356807511737087e-006,0,0,1.1003521126760564e-005,1.1003521126760564e-005,1.4671361502347417e-005,7.3356807511737087e-006,2.567488262910798e-005,5.5017605633802818e-005,4.7681924882629108e-005,5.134976525821596e-005,8.8028169014084512e-005,3.3010563380281687e-005,3.3010563380281687e-005,1.1003521126760564e-005,0.0011443661971830986,0.0013204225352112676,0.00032276995305164318,0,0,3.6678403755868544e-006,0,0,7.3356807511737087e-006,1.1003521126760564e-005,3.6678403755868544e-006,0,0,3.6678403755868544e-006,0,0
8266352580,1.1003521126760564e-005,0.00016505281690140845,0.0013681044600938968,0.0011773767605633802,3.6678403755868544e-006,0,0,0,3.6678403755868545e-005,0.00014671361502347418,0,0,0,0.00013204225352112675,0,0,1.8339201877934273e-005,0.0020356514084507041,0.0013020833333333333,0,3.6678403755868544e-006,1.4671361502347417e-005,0,0,0,0,0,0,0,0,0,0,0,0,0,0,1.4671361502347417e-005,0.0014524647887323944,0.001665199530516432,0,0,0,0,0,0,0,0,0,0,0,0,0,0,0,0,0,0,0,0,0,0,0,0,0
8266353320,0.00058685446009389673,0.0002420774647887324,0.0014011150234741784,0.0016908744131455399,0.0013864436619718311,4.4014084507042256e-005,1.8339201877934273e-005,0,0.00072990023474178408,0.00084360328638497656,0.00048782276995305163,0.00014304577464788732,0.00073356807511737085,0.0012177230046948356,0.00050249413145539911,2.2007042253521128e-005,0.00035211267605633805,0.0013791079812206573,0.00072623239436619719,1.4671361502347417e-005,0.00020173122065727701,0.00028975938967136148,0.00010269953051643192,1.1003521126760564e-005,0.00077024647887323939,0.00041446596244131456,0.00042546948356807511,0.00031543427230046946,0.00071889671361502353,0.00030443075117370891,0.00021273474178403756,0.00017238849765258216,0.00010636737089201878,0.00010636737089201878,6.2353286384976529e-005,1.8339201877934273e-005,0.00027875586854460093,0.00049149061032863846,0.00010636737089201878,0,0.00011737089201877934,7.3356807511737091e-005,5.5017605633802818e-005,0,0.00014671361502347418,0.00012470657276995306,6.9688967136150232e-005,1.1003521126760564e-005,0.00071156103286384976,0.00035944835680751176,0.00021640258215962441,0.00011370305164319249,3.6678403755868544e-006,1.1003521126760564e-005,3.6678403755868544e-006,0,0.00012837441314553992,0.001661531690140845,6.6021126760563374e-005,0,0.00012470657276995306,0.00013571009389671361,5.5017605633802818e-005,3.6678403755868544e-006
8266353458,0.00016138497652582159,0.0015404929577464788,0.0033890845070422533,0.0034917840375586853,0.0016431924882629107,0.00033744131455399061,7.3356807511737087e-006,0,0.00098298122065727691,0.0036971830985915491,0.0022557218309859155,9.5363849765258215e-005,0.00017605633802816902,0.0010343309859154929,0.00029709507042253519,0,0.0010636737089201877,0.0024537852112676058,0.00037045187793427231,0,0.00063086854460093892,0.0022740610328638496,0.00070422535211267609,3.6678403755868544e-006,0.00027142018779342721,0.0026958626760563379,0.0027802230046948357,0.00095730633802816904,5.5017605633802818e-005,0.00067488262910798123,0.0007445715962441314,0.00013571009389671361,0,0,0,0,0.00012837441314553992,0.00084727112676056334,3.6678403755868544e-006,0,2.567488262910798e-005,0.00012470657276995306,3.6678403755868544e-006,0,6.6021126760563374e-005,0.00038879107981220658,0.00018339201877934271,0,0,5.5017605633802818e-005,0.00038879107981220658,0.00014671361502347418,0,0,0,0,0,0,0,0,0,0,0,0
8266353664,2.567488262910798e-005,0.0001210387323943662,0.00045481220657276998,0.001360768779342723,0.002244718309859155,0.0014451291079812206,1.1003521126760564e-005,0.00026041666666666666,5.134976525821596e-005,0.00043647300469483566,0.0015918427230046947,0.00039979460093896713,6.2353286384976529e-005,0.00053550469483568076,0.00092062793427230051,0.00019072769953051643,0.00010636737089201878,0.0014671361502347417,0.0015441607981220658,3.6678403755868544e-006,1.4671361502347417e-005,0.00016505281690140845,0.00025674882629107983,2.567488262910798e-005,7.3356807511737087e-006,0.00017238849765258216,0.00073723591549295774,0.00049149061032863846,0,2.567488262910798e-005,0.00021273474178403756,0.00028242370892018781,1.1003521126760564e-005,0.00010269953051643192,6.2353286384976529e-005,3.6678403755868544e-006,2.567488262910798e-005,0.00092062793427230051,0.00078125000000000004,0,3.6678403755868544e-006,5.134976525821596e-005,0.00010269953051643192,3.6678403755868544e-006,0,2.567488262910798e-005,0.00011737089201877934,6.2353286384976529e-005,0,1.8339201877934273e-005,9.1696009389671357e-005,0.00012470657276995306,0,3.6678403755868544e-006,0,0,7.3356807511737087e-006,0.001008656103286385,0.00038879107981220658,0,0,0,0,0
8266380588,0.0031323356807511737,0.00024941314553990611,0.00012837441314553992,0.00010269953051643192,4.7681924882629108e-005,4.4014084507042256e-005,2.2007042253521128e-005,2.2007042253521128e-005,0.00090228873239436619,0.00014304577464788732,4.4014084507042256e-005,1.1003521126760564e-005,0.00023474178403755868,0.00018339201877934271,0.00013571009389671361,8.0692488262910795e-005,0.00019072769953051643,7.3356807511737091e-005,5.5017605633802818e-005,4.4014084507042256e-005,0.00039979460093896713,3.3010563380281687e-005,1.8339201877934273e-005,3.6678403755868544e-006,0.00064553990610328636,0.00044380868544600938,0.00014671361502347418,4.7681924882629108e-005,1.4671361502347417e-005,1.8339201877934273e-005,2.567488262910798e-005,3.6678403755868544e-006,4.0346244131455397e-005,0.00011370305164319249,0.00013571009389671361,7.7024647887323949e-005,3.6678403755868544e-006,2.567488262910798e-005,4.4014084507042256e-005,4.4014084507042256e-005,0,0,0,0,0.00013204225352112675,1.1003521126760564e-005,3.6678403755868544e-006,0,0.00043280516431924883,0.00072623239436619719,0.00046948356807511736,0.00010636737089201878,7.3356807511737087e-006,0,1.4671361502347417e-005,0,0,3.6678403755868544e-006,3.6678403755868544e-006,0,1.1003521126760564e-005,7.3356807511737087e-006,3.6678403755868544e-006,0
8266380726,0.0028865903755868547,0.00078125000000000004,0.00056851525821596241,0.00031543427230046946,9.9031690140845074e-005,8.8028169014084512e-005,6.9688967136150232e-005,5.134976525821596e-005,0.0010416666666666667,0.00020539906103286384,4.4014084507042256e-005,7.3356807511737087e-006,0.00080325704225352114,0.00074823943661971829,0.00044747652582159626,0.00019806338028169015,0.00041079812206572768,0.0002750880281690141,0.00014671361502347418,8.0692488262910795e-005,0.00049882629107981223,3.6678403755868545e-005,1.4671361502347417e-005,7.3356807511737087e-006,0.00068955399061032866,0.00043647300469483566,6.9688967136150232e-005,0,7.3356807511737087e-006,1.4671361502347417e-005,3.3010563380281687e-005,0,0.00014671361502347418,0.00043280516431924883,0.0003961267605633803,0.00020173122065727701,2.2007042253521128e-005,9.9031690140845074e-005,0.0001540492957746479,5.868544600938967e-005,3.6678403755868544e-006,3.6678403755868544e-006,0,0,0.0002420774647887324,1.1003521126760564e-005,0,0,0.00060886150234741782,0.00079592136150234737,0.00042180164319248828,0,7.3356807511737087e-006,1.8339201877934273e-005,2.9342723004694835e-005,3.6678403755868544e-006,0,1.1003521126760564e-005,1.4671361502347417e-005,3.6678403755868544e-006,1.8339201877934273e-005,3.6678403755868544e-006,0,0
8266380842,0.0024134389671361502,7.3356807511737087e-006,0,0,0,0,0,0,0.00021273474178403756,2.2007042253521128e-005,0,0,3.6678403755868545e-005,0,0,0,7.7024647887323949e-005,0,0,0,8.8028169014084512e-005,0,0,0,0.00061252934272300471,0.0014451291079812206,0.00011003521126760564,8.4360328638497653e-005,0,0,0,0,0,0,0,0,0,0,0,0,0,0,0,0,2.567488262910798e-005,2.2007042253521128e-005,3.6678403755868544e-006,0,0.00075190727699530517,0.0014194542253521127,0.00016138497652582159,0.0001210387323943662,0,0,0,0,0,0,0,0,0,3.6678403755868544e-006,0,0
8266381148,0.0036421654929577464,2.2007042253521128e-005,2.567488262910798e-005,1.8339201877934273e-005,1.8339201877934273e-005,1.4671361502347417e-005,1.4671361502347417e-005,3.6678403755868545e-005,0.0011993838028169013,2.9342723004694835e-005,1.4671361502347417e-005,2.2007042253521128e-005,1.1003521126760564e-005,0,1.4671361502347417e-005,2.2007042253521128e-005,3.3010563380281687e-005,0,0,7.3356807511737087e-006,0.0003301056338028169,0,0,0,0.0002090669014084507,5.134976525821596e-005,2.567488262910798e-005,2.2007042253521128e-005,0,0,3.6678403755868544e-006,7.3356807511737087e-006,0,0,0,0,0,0,0,0,1.4671361502347417e-005,0,0,0,4.7681924882629108e-005,3.6678403755868544e-006,3.6678403755868544e-006,0,1.8339201877934273e-005,4.7681924882629108e-005,4.7681924882629108e-005,2.2007042253521128e-005,0,0,0,0,0,0,0,0,3.6678403755868544e-006,0,0,0
984108753,0.0011965749414519905,0.001324648711943794,0.0014271077283372366,0.00061475409836065579,0.00023053278688524591,0.0002415105386416862,0.001090456674473068,0.00093310889929742384,0.00091481264637002346,0.0010062939110070258,0.00042813231850117098,0.00060011709601873534,0.0016210480093676815,0.0014454039812646371,0.00049033957845433251,0.0010465456674473067,0.0017271662763466043,0.0013612412177985949,0.001017271662763466,0.0012185304449648712,0.00014271077283372366,6.5866510538641686e-005,2.5614754098360656e-005,0.00015734777517564403,0.00010977751756440281,0.00014271077283372366,0.0002488290398126464,0.000234192037470726,3.6592505854800937e-005,0.00011343676814988291,0.000117096018735363,8.7822014051522248e-005,0.00035860655737704917,0.00019759953161592507,8.4162763466042161e-005,0.0001244145199063232,0.0011270491803278689,0.0009477459016393443,0.0013026932084309133,0.0009587236533957845,1.0977751756440281e-005,0,2.9274004683840749e-005,4.7570257611241218e-005,2.1955503512880562e-005,2.9274004683840749e-005,7.3185011709601873e-006,1.8296252927400468e-005,2.5614754098360656e-005,2.1955503512880562e-005,1.4637002341920375e-005,3.6592505854800937e-006,0,0,7.3185011709601873e-006,0,2.9274004683840749e-005,0.00054156908665105384,0.00089651639344262297,5.8548009367681499e-005,3.6592505854800937e-006,0,0,0
