2162704907,0,0,0.002986946212026258,0,0,0.00075288342623165553,0,0,-1.8658206491406397,0,0,0.0029134406787454598,0,0,0.00081501231409174474,0,0,-1.5938219568293266,0,0,0.0028088607683617243,0,0,0.0009486352673517039,0,0,-1.6032654587132056,0,0,0.0014568742335676792,0,0,0.0010644518800251137,0,0,0.79616266196665608,0,0,0.0014597691288474688,0,0,0.0010842430505355945,0,0,0.48985064591010807,0,0,0.0018008844169228547,0,0,0.0012935942236897136,0,0,-0.010952830135913775,0,0,0.0017393198481439511,0,0,0.0012020595586339374,0,0,0.56829213031111225,0,0,0.0020002011343534026,0,0,0.0010141351261052547,0,0,0.10125621781892839,0,0,0.0020538091435587202,0,0,0.0012141072199264584,0,0,-0.13973270916972289
2230517584,0.35252469636869577,0.52703563893167771,0.0028620862687338401,0.26192325673432865,0.19520129188967897,0.00086851920351133224,0.068305895267210967,-0.35537802603923041,-1.4052552634708182,0.23913301804525064,0.45265098985977081,0.002677126258770225,0.23104878430173917,0.21239127503276811,0.00080138380846293692,1.0511801024247869,0.31791191200376873,-1.1099175934322241,0.27414321557021565,0.45144088562405921,0.0027919421565920787,0.24263654884409414,0.2112959572620994,0.00071800869694832448,0.6912514052390063,0.096444541809446546,-1.1025022381009659,0.10429939138590484,0.38479074096225152,0.0028152471151399456,0.078194279136298034,0.16533974448553265,0.00071344294121518999,8.1869474662021808,1.0861039736952023,-1.2756778248215439,0.10427442583669165,0.32060707534642241,0.0029737912287256876,0.055120696731938867,0.13886694757810888,0.00063719845549807736,11.362422549005835,1.726095535503571,-1.5127764776812322,0.10823298196217292,0.35250540797103602,0.0028643678036436161,0.061913034693107889,0.1555760629426125,0.00066803486568342183,10.517317169282363,1.4534032275458637,-1.4907472690867209,0.097030422609247227,0.37474342396250954,0.0029428018837103402,0.048573199983218171,0.10310073016271953,0.00048631104781574329,15.647425442806403,1.6700194296569075,-1.8248150039982589,0.099410044273460868,0.33628030849091956,0.0030699627084563121,0.026189221617423403,0.078108224082543962,0.00037798500931722712,25.411808585752965,1.095563162338242,-1.1916522595470909,0.10208373887930143,0.3284948770238289,0.0030162193847437487,0.016377120898746308,0.082584571195471149,0.0004217685148171442,22.816945306250005,0.85103832720279804,-0.83524083325576381
2311652728,0.6036692350494387,0.39562624768741866,0.0023730226367809858,0.0039991024836969254,0.06675483154638738,0.00021377892303461147,-0.27727655007173174,-0.53722501916513299,0.10330295137055584,0.60333466643395517,0.32736017625350533,0.0025837440663277196,0.0041176780327112942,0.095134120387064855,0.00029413264143491062,0.041735636821529108,-0.43522502323219858,0.64018912674842321,0.60295823536704229,0.39410154486988985,0.0023884361573663286,0.0038301288171149186,0.065262786483181193,0.00020805788025077252,-0.16692709661203906,-0.64743593439818281,0.17833541950677437,0.58500409698786837,0.31330441252560254,0.0025985088067872831,0.10288067810885092,0.07202621387634503,0.00040641472684177401,-4.0057270117641153,0.80640064305943182,-3.2862445256100479,0.2449837166743529,0.41287743052939441,0.0016635050156861911,0.24753233827502341,0.21669390670899247,0.001152075801746864,1.1135127548756691,-0.45479372223424314,0.89662675251889856,0.43769659711574432,0.39862428394709087,0.0021196419937041756,0.24427329178128365,0.12945739564515146,0.00078202019936903021,-0.59908367139338492,0.56189522760641586,-0.62665015684072178,0.12277955096239739,0.59126402573854919,0.00083804982275489091,0.19115765433024695,0.06643929676617269,0.00018548223440154898,4.1217640445569899,-0.78693564063895305,2.2342840035131903,0.099746653904893678,0.59629347046452086,0.0010452615924870666,0.051385251053495451,0.04390490564175159,0.00014550110648561102,14.750102924327628,-1.8594106471782148,-3.1947569311553274,0.13821103146245725,0.57443390394903016,0.0010616823352574418,0.17523077441562221,0.060012108014184933,0.00024458945139480036,4.1707086006196148,-2.0265522957881967,3.6143798809192131
235748824,0.66562145624023583,0.079621275655759077,0.0027958062469022288,0.12295519560290841,0.059535350663847436,0.00034530704554538592,-2.1932446386097935,0.85068712592233897,-0.065294561866358042,0.67923188798199841,0.070520414464092879,0.0026123068513965076,0.056672502662233969,0.028105255098579592,0.00018157664103641389,-2.9766284773800233,0.85445253836772894,0.0018738810368372791,0.70113960440934842,0.07257334549677881,0.0025079236438253932,0.034820776878508944,0.015769113287711092,0.00011774582366077741,-1.6678765421041044,-0.42265860542646921,-1.2018543062921672,0.51003661733907368,0.1703128051230039,0.0020085309172097805,0.23847683820626719,0.16432000446552442,0.00071546471082133307,-0.73259568277751141,1.3081368874571579,-0.52406812921900214,0.45820400534469713,0.18488576350157263,0.0018951154097359129,0.28798789908988198,0.15693540981048656,0.00067876234923750184,-0.30809586509968889,1.7807927724654333,-0.69985790513697399,0.50351829784489399,0.14396361039228645,0.0019502482363133202,0.29020797277412536,0.12109291206265999,0.00058707087898485005,-0.56276319185715229,1.6241006717768276,-0.84281898214451767,0.24965509925854648,0.4449224674299575,0.000844484095551712,0.075499179222009119,0.12150574499704402,0.00021203901838189284,-0.45896962977090672,0.71188325648568984,1.2073124346791559,0.20624326743049937,0.36340078836047984,0.00097228961984033475,0.074215379993029157,0.099229704744902045,0.00021714725358686974,-0.074720129327973575,0.65726269105539203,1.106179518288394,0.20283773023458804,0.34556074721876323,0.00099693111546527075,0.077291949483789979,0.10030537517658079,0.00022774618558979524,0.33561777887364269,0.39160530157463774,1.1989868965689752
235748825,0.59527083374401113,0.27642728515560239,0.0025280938286014625,0.0081590770981604856,0.017702471243922609,8.2308204873744582e-005,0.47742900687845619,0.12670320737079802,-0.40705501156287649,0.60710109953341229,0.24613049761693825,0.0026564055530082626,0.0086176072466215645,0.01318760171257382,5.6932603167645234e-005,0.42690983348945422,-0.025910635631540557,0.023846726351549611,0.61051259485851139,0.23780746883442364,0.0027034050851621849,0.00772383457525486,0.013576605248013228,4.8387062332492144e-005,0.84738699436231746,-0.43779486463111167,-0.2571139202020446,0.42740636295617257,0.16777218069320227,0.0023134427444495048,0.28625950710883347,0.11580701722639747,0.0002131248785560869,-0.21983540060417955,0.19245079056788533,-0.86700759465904775,0.59787674263718038,0.28534575703448151,0.0025498693273669258,0.012970737843255952,0.036890832559019537,6.2741758034963197e-005,-2.5535842114254219,-2.3039554961670023,-0.8699527543750083,0.59732151785235632,0.28951089617594827,0.0025595404918404272,0.0087787169206298612,0.035822929133339711,8.9763896270223553e-005,0.30056301526575258,-0.43476176516552373,-1.9321946141441391,0.1235582561835924,0.2039266688748452,0.0018865211248685217,0.16199717989799531,0.07869834001804249,0.00027041075733712959,3.3472977814774953,-0.86375121919196929,-0.63744943650970221,0.17190603977586003,0.21267084234101521,0.0020961865454898806,0.22453096313516305,0.065689623955188639,0.00023411563676208912,1.4728554027573924,-0.74054378793911646,-0.43824016675741351,0.25737183967529731,0.19203239006767964,0.0020464988906026926,0.31894643046068727,0.060177817132204769,0.00026336493974701695,1.1972045207544615,0.0020435486902384719,-0.2477314668509677
235748826,0.64521445692037005,0.08419484643094112,0.0026214199357988276,0.029755828749311923,0.014444904857972844,7.9698309673042914e-005,0.66737267893854013,-0.27031844321677512,-0.36510861876889761,0.6316396653291344,0.065963469572049335,0.0026908649592605172,0.031430292509241287,0.018403969657169863,5.9309028189749374e-005,0.51035883647652558,0.24259853569987511,-0.9182127121625081,0.64581048007896091,0.069773003653249593,0.0026297110935091243,0.029238487349904554,0.023554969885297136,0.00015205224219516219,-0.63765373783516111,0.13400773573420066,-0.74994960795176213,0.68719896332024355,0.076760609314378891,0.0023411073590788676,0.040708237520478641,0.043601049988570444,0.00022532198150296601,0.12008018855888494,2.0308654548043057,-0.6823084645584031,0.68873398267416619,0.068060411244606628,0.0023376358490479923,0.034010095434449474,0.044811205639628829,0.00037896212004921861,0.28566242097425876,2.8268827481065451,-2.1715814699656302,0.68392179604010706,0.073358932737558336,0.0023936069074452508,0.049274984426610734,0.039042584518034572,0.00027151592613254788,-0.54522303442222386,2.0389857860887668,-1.9527618283782682,0.25297612994704238,0.35130687810709421,0.00078402171546626694,0.27928296830970833,0.13626883666228137,0.00035438983527479718,1.4427786334815744,0.57654151179227708,1.6337537320640478,0.28662354873695645,0.3481670956474528,0.00075700189454472799,0.30513670995602787,0.14728221089674173,0.00025365883947459447,1.1950721701322888,0.58321521358233097,0.47155943816308188,0.30869490519275561,0.35489660209143709,0.00077134299597464797,0.3354401670167983,0.14074512301293435,0.00025459959683893775,0.96180015605420077,0.57437893782847649,0.60596398650334549
235778966,0.61989034938114962,0.15477053690752077,0.0025104398215701458,0.027563321733924319,0.050031888756786248,0.00030590031732810971,-0.47351465320087321,1.1357731110769547,-0.11523353489575344,0.63482641018898733,0.14400884963689556,0.0025276283913047192,0.028101347109850707,0.034826609448100038,0.00022092818251832322,1.6413810663969388,1.5547304940395348,-0.36317809914800225,0.6324397978394517,0.10286363115168361,0.0028363141145896146,0.066036049777295602,0.039529919611704489,0.00023747628132637894,-4.7923190321749951,2.5157539966774016,-0.33320519267310522,0.61274207637888756,0.17128258779149924,0.0022629279748753316,0.026840445825784268,0.076305923659586716,0.00028086173514887974,-1.2085997969818507,0.32991282060658672,-0.89787020435905951,0.62772439637357635,0.19181881708448814,0.0021517470111124567,0.032018702446928914,0.075584897811579385,0.00025050443033387322,1.3696677039292577,-0.23339842721520276,-0.78870663731812951,0.61852455028163944,0.18159127445233644,0.0024057786856769747,0.021186204947552047,0.083560552482395731,0.0003127843514209398,1.9386648848209365,0.49723062287238778,-0.021767184652365382,0.1985649006884839,0.31703866944491027,0.0009299852234775078,0.18615863682010286,0.12955814590969747,0.00030060236802805819,2.2180176387091537,0.56066031277244111,0.14737050597951259,0.21872968620288485,0.26513595522886757,0.0011053379840005385,0.30037735903514717,0.094337945957012809,0.00028024871984662987,1.5779578697419385,0.38987953262071301,0.098153951128085212,0.23797499543858452,0.29823437958703269,0.00095332453226972978,0.30227989749116868,0.1038073206250831,0.00030479755352516992,1.4618420527290381,0.21762940333418207,0.67594359504365487
235778967,0.60797001998358469,0.10328737029747029,0.0027675175905467015,0.031331982198170592,0.026668561592596941,0.00015993399917276584,1.9009803103522356,7.4294722960606405,-9.0547382113153816,0.6247080802380921,0.087277570306717331,0.0028572862152183905,0.016498228006501543,0.00681078493441983,6.187940923643724e-005,-0.66498441193270941,0.4971295970480985,-0.14765495617763677,0.63390128474792773,0.086888440889835578,0.0029020964133349703,0.016461978548968571,0.0072483401317093923,6.8932623894619977e-005,0.58988441204707742,0.29915072470684079,-0.23907691420783547,0.45365598564630244,0.28748965701191354,0.0020658790178012349,0.19246682007656474,0.13449620458373465,0.00067202984958775322,-0.63528592198815159,0.89256836997192845,-0.59413300032460781,0.46216399437848521,0.20409704969312106,0.0021992260622651421,0.21174859244163349,0.10276520865196792,0.0006218340167079596,-0.81730476002640839,1.0889792680324699,-0.80908745609470445,0.51495207103637541,0.14544394099250349,0.0023184795467915743,0.20359849103268154,0.06468616118124472,0.00053089476191306505,-1.3694778224064899,1.3862559349363026,-0.97861904917144937,0.13275850707768913,0.42320554561470664,0.0012483999203271629,0.074148160052278811,0.10828060624080998,0.00032333187186497816,4.044286989258894,0.94045194683890199,-0.3129871665106006,0.10456235220807521,0.38983800003816693,0.0014439147130621062,0.094191135959699274,0.084997898202054473,0.00027714853328272696,6.725781688236335,1.0036328515047486,-0.63841593063594304,0.10889081863459754,0.36449608886803897,0.0014294261243358011,0.087581490612579471,0.077207678202973473,0.00023353782124664439,7.3188866524408729,0.11160184569662611,-0.38958151085868681
235778968,0.59736026269336895,0.19354904024259068,0.0027395046390871125,0.0096535643995894309,0.01890204168789917,3.6440311201612206e-005,1.0669658161400479,-0.51100249452909685,-0.092361611448029596,0.60105402591134671,0.20523205190692231,0.0027544408776978327,0.0070243842844703924,0.014591408785354429,3.247785712144414e-005,0.99309500617724589,-1.0466133397798321,0.059446269091415073,0.59087729281530454,0.22296450011518285,0.0027160289601313599,0.10785032913587927,0.047332055191358906,0.00019345725092245904,-3.9400645060896724,4.2430291101910269,-4.5616222336069665,0.30283089616111375,0.21402669896267923,0.0019311993996747935,0.27080946684757268,0.08802207390847204,0.00062477513630685279,0.52745008930270465,0.57027388001054602,-0.16634110049738823,0.3178900175910907,0.22098115926530232,0.0020989650875706039,0.29666825602903218,0.064184286330452395,0.00049902970769643196,0.44687377748487822,0.12465208107204487,-0.27074615056168527,0.27841718476409982,0.32310890332846298,0.0016965411820292035,0.37551881105835921,0.13029560559957667,0.00054035409200772202,1.0203924151181909,0.61899858419815146,-0.50889798294747468,0.10384690608383125,0.29493662022553968,0.0016720190102972484,0.096206322790344537,0.077046662998969312,0.00035406550862419569,6.5063888302772224,1.0508183328624585,-0.75765230609076351,0.10081491241182391,0.27796299668818047,0.0016531902928901732,0.17522866800114378,0.077824821085802062,0.00033458745794310289,4.5313333922743437,1.5408201264754295,-0.36363588222822896,0.1028154492583345,0.30403249410364219,0.0016034426054854166,0.21193578766130258,0.10990416427933553,0.00033789399569229399,3.8051326271345185,2.2680828966815216,-0.29178900387534334
235778969,0.62823444489768765,0.14937080374770187,0.0014382079181778746,0.043089808989583887,0.048566177955671266,0.00021845790015993211,0.57584478988574139,0.50300329258965248,0.87508860789659049,0.6255933806145676,0.14730782800549724,0.0012806714748267367,0.053315935872625231,0.058347336494095028,0.00018480600465720456,0.5301625050272244,0.68186716826946125,0.28949013380047312,0.64598344499026417,0.1363161770326286,0.0011971417851335947,0.066493981793036394,0.056916928898667132,0.00022335949367834851,-0.37633949148704293,0.73852153625743799,0.29250128427276118,0.67509374033964731,0.095345267106787715,0.0023735901391031206,0.16839494655420925,0.086895392584957681,0.00028106497099636386,-1.8716043725250713,1.5819481050625406,-0.20886413953487118,0.64232389956206848,0.13479842114502188,0.0023829485415711432,0.11162740002656996,0.10819797010066251,0.00025335727359452448,-2.0524543829862778,0.86241048525837538,-0.39822035945384987,0.68494102685856362,0.091469466840671518,0.0024430714785322731,0.11335869706459406,0.074344054567664838,0.000292431043688676,-1.9867178635952198,1.3049523596315826,-0.70317997756576001,0.50962702977515828,0.23932427600355083,0.0010928660431809309,0.37491774584481635,0.10799275715064072,0.00075268946113283284,-0.25172028684621311,0.15963945894098283,0.73806530345072341,0.49892579617215804,0.24312528681687534,0.0010519320187325108,0.37893339869879999,0.13565059588642198,0.00080285763575597892,-0.21647918900554017,0.69721862560726755,1.0819455069987256,0.52376317035199704,0.22312129438735293,0.0012177640666473683,0.37159815981201294,0.12611869246126978,0.00091646922158452205,-0.31877477737861393,0.29687446119954203,0.68121926146267031
235778970,0.59444541740872303,0.37609335523333715,0.002051663169401871,0.021645395837222491,0.16981079999523072,0.00032693856089429903,2.5319542808190496,-0.1467936031445003,1.5846039801299583,0.63859961771303375,0.11369929846717011,0.0026152877252959856,0.024478307564651081,0.030138444049872946,0.00018000679636358152,0.94734651154548655,-0.25043238611556085,1.864369729079292,0.63954535599583529,0.08838789214212156,0.0027075791979916147,0.021949728764020744,0.014743793401800397,0.00017159014175775408,0.61783385576073913,-0.16730451761912782,-0.13426137039752817,0.61091078188486436,0.19622109168169513,0.0023809956318931323,0.079943515078956959,0.17977881312529528,0.00045642064272400555,-3.8651583003923382,1.1645086114178003,0.11123291147943791,0.65928546789161901,0.078335641353844507,0.0026413255328119616,0.090703837456922301,0.065886550854491036,0.00041153666444232109,-3.9492885738537451,7.6544106149464968,-1.548739876739202,0.67982988710770109,0.13226185274029562,0.0018781380655262287,0.050073887928391417,0.05105431180153492,0.00047277246578658361,-1.6201660693298132,1.6780250204221723,0.13362500420167284,0.67586753364212582,0.087976191406166387,0.0022412740234293307,0.074703461167328705,0.047745990216174837,0.00034524654273175435,-0.84996545898440068,1.1193511713551989,0.11624883705963687,0.6870779407376123,0.10589006375745545,0.0020056953071802596,0.21487428612384565,0.093705876262188972,0.00051135155390207368,-2.0763991536856934,4.8954401765653648,-0.99586000422698884,0.71167768058924707,0.13700591194020606,0.0017544577386824306,0.18396737605522179,0.13361347676396762,0.00065136795608221646,-2.4652806352527237,2.9236577503179579,-1.0822634822254078
235778971,0.63886624633541667,0.10033664343634924,0.0022455837652803805,0.029144440010585675,0.031774181429725719,0.00026161002446071537,0.54821124177784775,3.2176424414376386,0.055214351368322943,0.67642934840540736,0.083392773424909084,0.0023669331999277678,0.031958410969077283,0.037433647971943922,0.00023955034257931043,-1.9696834682331417,3.68670578526228,-0.25919039498380336,0.64426565531963353,0.31393314680277051,0.0014976200997763413,0.28830737556233998,0.21832933910595143,0.0010445330432981167,-1.1780277814865161,0.76323271802417281,-0.003068362635090019,0.64044827214129829,0.10255584191289728,0.0022104143448070991,0.04283297684185669,0.042921208305875071,0.00028581244346630592,-0.4348131991725947,1.164798486842693,0.70678932226246993,0.68713798739112508,0.09382234785266691,0.0022041791155394037,0.067726577255510928,0.048288799427868533,0.00025955996839812165,-1.0041699931772992,1.4334364416600944,0.55428984843429541,0.72436710599246068,0.27563347671532962,0.0013350068324044038,0.15722606959677832,0.22947604884727868,0.00099645795792854016,-2.1278529507132311,0.97716381910776595,0.0036361585373224227,0.37903338318156793,0.53670995235360031,0.00042464038391161506,0.24751171341588113,0.35000322354423286,0.00058886311067249549,0.25490753536758909,0.12432914712823392,1.9270264568690258,0.56712201588715794,0.48314357701244998,0.00042900126457386974,0.37112315640554322,0.29218333545345948,0.00043585844519626496,-0.54541077693037443,0.48239835467747139,1.8741778131706628,0.71963870958856357,0.52656016193153565,0.0004108692208279659,0.28406388468137561,0.2329855343971724,0.00032632083404475926,-1.6680445396179724,0.28791777652679879,1.8374284692038734
235801905,0.61545673330095263,0.11300760043692462,0.0024498292130459634,0.026137518477987603,0.025717248157598658,0.00012517060294965152,1.1479853412200667,1.8277835269996041,-0.77334283182905805,0.63784025155813362,0.095747369874315577,0.0024268730747674478,0.039380449404436808,0.029029891879892203,0.0001498824025207121,-5.7478551805874387,-0.1929289934786397,0.17927732960226034,0.63579636084785496,0.13186385623870903,0.0023923862462537863,0.032440665832259234,0.062655838077449941,0.00023863863464751689,0.26265196488952541,-0.11178298844484941,0.064866259552698938,0.57802946515338449,0.23974360407998782,0.0018421022498296088,0.048160063782367389,0.094913530834487336,0.0005831290736380098,-5.10081251419619,1.0972230227277255,-1.0046027568649758,0.62000025818340088,0.17926132633072281,0.0020313981184252416,0.039846579128691613,0.096054314760420353,0.00052196500635874556,-0.82385262567252082,0.72321144654592007,-1.0820057551194397,0.62819733806427935,0.18535309080307866,0.0021502335987549546,0.048612985596673576,0.11532175534682459,0.00049791867638804396,-0.27197170476632637,0.21801991273017582,-0.92061823320477731,0.16972237842514834,0.47745691245056876,0.00066235655424466179,0.11952979495686304,0.16411633319639618,0.0002079489533970151,3.2709211218618375,0.17323457214178681,0.47400819078089568,0.21108542111105386,0.36909261931068227,0.00077999805450172579,0.27040206098362146,0.12495489048135582,0.00021010696207665567,1.9750300170197952,-0.087458661691172238,0.62811689526153569,0.24101905141162108,0.31172475107597053,0.00076552873547243623,0.30003452323496288,0.10799105267963766,0.00019101741470379206,1.5768684260697188,0.19233083391996891,0.95801321432635078
235801906,0.62665863041858372,0.05763444008337805,0.003397729325607125,0.13669932157110726,0.066611349369657763,0.00020354696043233095,-2.5764698129091803,5.3818040064988182,-1.3491325772373557,0.63405842216829467,0.05997441360284661,0.0034580642292353922,0.14226275160072546,0.065177839724745112,0.00022313043396458051,-2.4384314178151802,5.3968042707997164,-2.1244227897617987,0.61809404710251303,0.090581609102219254,0.0034632307314613579,0.11746017884944243,0.079363493484876965,0.00021617066186595878,-2.3672059355138284,2.6791245624866056,-2.0163995496105822,0.49289405486056426,0.26786456872605352,0.0022369086959139412,0.16402455932347526,0.16549347386891294,0.0010243439428499086,-0.72285357601261646,1.1264199102448105,-0.57055303926642253,0.50847752532599932,0.2387673639166506,0.0018236011172717771,0.19965158108177586,0.13306622942457427,0.0010261331171185831,-0.4461854579567317,0.46287232728062944,0.5535988540963529,0.49241942892602997,0.26018512558530793,0.0017052881421879623,0.22116266319617542,0.14251937930200284,0.00096648738775523984,-0.29516619945133588,0.70134238697576212,0.91399829836774327,0.25819619735537575,0.49450076287736833,0.00074313438297595033,0.18831205750564531,0.21170702853838619,0.00023315965596758053,2.071313039828802,-0.10714306759531787,0.25548744687687863,0.19375151309184277,0.36331970863929508,0.0011115798835479908,0.18991561113071423,0.093072196347584207,0.00036180802741336707,2.7272252002424895,0.3890067032157225,0.57655504105579303,0.3868147250816808,0.35464749619292363,0.00094931717643351318,0.3577096611379964,0.10053634262098707,0.00022985334332786535,0.84461515240762386,0.26201857735152306,0.31163456161704517
235801907,0.60755747934990945,0.20234310186727791,0.0032865631846881582,0.023781256573565106,0.080551484487558708,0.00043351071281887171,-5.7366425978906301,6.4066732978883056,-3.9581001698424672,0.61834264030082053,0.26987474645397996,0.002544662062320787,0.041678963518306265,0.14233779949441794,0.001075919953870781,2.5768661345323349,1.7309688370740084,-0.50974040825455003,0.61571512690120433,0.2353414112130188,0.0028612846773484199,0.019171118093871106,0.093655532613168974,0.00077796056658574009,0.52829920229736527,2.0022013801056371,-0.70735546268054617,0.65152027239448618,0.30608889067435952,0.0017085743666708372,0.043580913805590711,0.12012662419305793,0.00089601159352951931,-0.79354729193322315,1.7587243008574491,0.75461897306764147,0.6560604708208192,0.35644032633639633,0.00096664878661126686,0.047757253681162515,0.10798288561870886,0.00050219930029203391,0.14683152391640741,1.3398704882836876,2.0931702369851175,0.70364017444491911,0.32634269287976508,0.0012793981925395732,0.077492331482265794,0.076323780531433405,0.00055871323279234005,0.43390703303166978,1.4745360242507766,0.26962858794827216,0.6894821560865082,0.314512493829958,0.00083264953701777994,0.045180047670621885,0.083386699701839928,0.00030618775663129188,0.30850111842163602,0.97555934876538142,1.0252112225101988,0.69358178094542666,0.32206410465877056,0.00065393495550830909,0.052479587180163441,0.094695990832726951,0.0002643255674574217,-0.052895720747467949,0.69483862605790614,1.6619575208826174,0.7630461213541091,0.36179610050949595,0.00066202304025788391,0.078868876878084929,0.12867476888346416,0.00035869943320208914,-0.7111571086383035,0.76906332572855141,1.2832528819288667
2949199473,0.10224019619954031,0.43910367717525606,0.0024813797144080081,0.044595783487926359,0.086007341120600919,0.000694169117531543,16.402001735826829,2.5968670278684716,-1.2878192103947759,0.10826125359989773,0.41326771718272043,0.0027005218746710153,0.072216997516655779,0.10521506503424152,0.00069700404989152481,10.245993537450566,1.9035884203127311,-1.5907713552441811,0.099798370284482601,0.44571894890255759,0.0023796385720648182,0.013524363031416051,0.059297174600615794,0.00058531393083185264,46.236273964283988,-0.63691979225458994,-0.2635311314523,0.10589690480899075,0.45163421878794768,0.0020042713697443989,0.096413301108859678,0.14068931174074162,0.001104725466454209,7.9157962892225164,1.0211986376656734,-0.00038359199576994477,0.11325274919057017,0.41201241837297181,0.0022727803483941788,0.11091567178391513,0.17327052056664488,0.0012020918118266616,6.4846388785323326,0.88761666361549751,-0.35105351715257849,0.11156846281094175,0.3944450541390746,0.002530519253844692,0.098330529182461324,0.14902546656944149,0.0011090865142417406,7.5316354750888488,1.5919177046937818,-0.81277369313272285,0.11410952355418263,0.44954443443894027,0.0021144660687399887,0.120171556784518,0.17197973766502841,0.0011980645988511555,5.9985238074527718,1.2538156220755501,-0.29303616507666275,0.13812357585330076,0.45121392686890038,0.0019269904252768326,0.17519482722475571,0.19748612328613405,0.001156948071112434,3.9344730451740513,0.87958883580738934,0.097611414319524095,0.1474460451124133,0.47242735397317892,0.0017684686963795699,0.19194779241159313,0.18759061236508631,0.00099087805806318094,3.5393610091453369,0.91868295651547371,0.25370362150906961
2979294660,0.1138159015789774,0.18217894389560935,0.0025376721850961081,0.07523089490669739,0.13330510882410043,0.001115055638793504,7.5285937758126256,2.3614400574613108,-0.61469577846572188,0.11530450856915941,0.16250165822783957,0.0026464538903507974,0.090031909747171873,0.17322924894879499,0.0013603644989173293,6.2686086645660763,2.6076044161682863,-0.79740759826381136,0.11180733997021162,0.20396820558532577,0.0021822546849780576,0.079340936057737843,0.16642210629665471,0.0013271084212751233,7.0236338239043956,2.1872504397762698,-0.2110102477506122,0.10396336221990478,0.29733527828474193,0.0010838078925437195,0.097067959351412922,0.18191436503137826,0.00082522024768168039,6.994445357710628,1.6981384915022522,1.461276635746156,0.095562262216646099,0.29275519383870996,0.0013609122865195506,0.088762244939595128,0.14898015284950711,0.00067302696864020599,8.152240759347853,1.9437687625511344,1.2356871307411683,0.094571380854664613,0.31132499718829959,0.0010614674395066151,0.076500678552722468,0.16463702372674077,0.00059901191269901401,9.1170031075564282,2.0408128421750069,1.2021523889593624,0.12729908882496738,0.29336443601595408,0.00095454006608833785,0.15213545207634196,0.2118749469883483,0.00077822747526445012,4.0890791487853786,1.6686171474608669,1.4585513091537121,0.12257138056660728,0.26641756157865604,0.0013206656080145551,0.16024340744876217,0.18611953311568558,0.00072999462578476882,4.4176355492884003,1.9583294771346944,0.9556507086584517,0.13479715573326184,0.29070202447717641,0.0010120335051882093,0.16649712682341686,0.21977145453137281,0.00077022473503311967,3.8745086676945131,1.8133319269145995,1.3030335489055411
2979295512,0.10721421504958838,0.20478535508179516,0.0016380009184204522,0.013230283102293938,0.029778301875057478,0.00066836823312095919,1.1065805076641007,-0.05009306222701209,-0.22471714157610756,0.11109222777658667,0.14511378884500936,0.0026847725111854232,0.024596478513431531,0.036710514402185999,0.00044563520880608142,23.342228572527421,-1.5746800335364384,1.009267763641243,0.10816740380168825,0.1798274904792426,0.0020366095543138838,0.046120905258938028,0.079584460794651021,0.00097444242342114532,12.893472992092136,2.5990335251153533,0.171498993231155,0.15391197075252883,0.27660317371751481,0.0016458234836254767,0.18631531976640858,0.2560139213789927,0.0012433731820658395,3.1145811270322654,1.7392458774827071,0.20649129494333363,0.15546523492670411,0.28397008291234943,0.0013651253365870792,0.19936323564498962,0.26689178674441155,0.0013118374883553021,2.9435163787454353,1.4499656159466399,0.79442810363567118,0.15194191365522527,0.31333885443049403,0.00091967893263690797,0.1959050609164118,0.26346018707259555,0.0010556802970804584,3.0057863196636374,1.3450401286470142,1.4849382177742994,0.15973992185576388,0.35807420139835888,0.00081311866302620365,0.20537404673153126,0.28715993271619517,0.0010343509287720385,2.5561254122326762,0.99015391869683467,1.7311945410346483,0.13783906596804857,0.33948341112139302,0.0010296580471251683,0.17046039027958124,0.22914379931917683,0.0010806727993753157,3.6308390132355983,1.3584689405350996,1.5139589502271069,0.11992259618997389,0.3147682815433967,0.00065578773346001149,0.12747246994131464,0.20239554059171036,0.00089218440517545132,4.7617207441909084,1.3292820439639597,2.3832949599509021
3447118420,0.5831986202561954,0.63655167085325748,0.0031352197511607042,0.0025679798101388646,0.037729202708380434,0.00012859954899777077,0.0051587675680227971,-0.64335538078648791,-0.02289317368401185,0.58650579334342157,0.71017091836387836,0.0029053325463483781,0.0024410936932866656,0.025452709348587409,0.00014610059434109761,-0.26791252906601215,0.053097039214879994,-0.12719861982742156,0.58903516297254077,0.76848153806907937,0.0026128723513707871,0.0030184738083867567,0.025706193329073392,0.00019638168412508924,0.55763667356745994,-0.32922539408065871,-0.17135791362786426,0.57502102063218496,0.4469295727623151,0.0035224471266923942,0.0030032537314797106,0.097543374102781591,0.0001188178973772806,0.17739755512457914,-0.4576331777655453,-0.32777464980496057,0.5759862739906868,0.53680670869327962,0.0033012352598224275,0.021631770411990985,0.11266109377942289,0.0003848801198201205,-9.9759841420303186,-0.13780701364556874,-5.6841937749903186,0.57944444025036046,0.59904904791355618,0.0031586645981229958,0.0038596106859074028,0.10098902216288287,0.00015127897027076599,0.29132707863514434,-0.53562472905376091,-0.31693876390078757,0.44742350971757905,0.29291643001866835,0.0017531046202887493,0.32902783797242513,0.22690030130579822,0.0010432401839164361,-0.086217465610649247,1.2795105463628731,0.10514335627366969,0.42691965111285812,0.27400444885865444,0.0018556843431472693,0.32641884384668846,0.2071311517746578,0.0010224017736266656,0.02448207824489607,1.659691679727862,0.098603230995684618,0.45212522003851369,0.37696711288947649,0.0014113044278743754,0.31532973565184286,0.25697968923795511,0.0010640299248700833,-0.1703687369968207,0.78761457088260478,0.49052761268270562
3449785248,0.18160489658484968,0.62280689210871087,0.00063555458084899952,0.26773152059223065,0.27028961701286658,0.0011147937692788028,2.223915976213672,-0.64017292165159201,2.0989341489285636,0.19174326282021603,0.45410134567818417,0.00089267264486561279,0.29101674503248492,0.26114972974767525,0.0013389021611292381,1.9114540778950617,-0.1060261312063563,1.516621231823841,0.17231813809293484,0.65438960348555708,0.00053554925606425971,0.26198255020528849,0.24145961206117203,0.00076782425968698531,2.319595885374222,-0.6255739825171488,1.7505766090535333,0.23737438096697408,0.27652225802250424,0.0021644465021579775,0.32755084968896486,0.2249766499609426,0.0014073992516133299,1.4480686264887148,1.1770485096088756,-0.14326917397091971,0.26966306630393982,0.33791599345042916,0.0015748208977049074,0.35486202651629817,0.29546701662128028,0.0017304695583145299,1.0880878962730374,0.44373573801990313,0.47973304657283028,0.342450529062515,0.4031282838244033,0.0012925184066077825,0.34148180587056942,0.21226779346472813,0.0010296877840553663,0.48056504566058872,0.4020174840851693,0.83437859612882548,0.27018624148253234,0.61220857643555393,0.00028940972504244104,0.36659298454566414,0.27816833655054451,0.0004518284670851326,1.1423910758753966,-0.57566812471023421,2.8418509366699682,0.44824086507430916,0.61606364697807958,8.3859043018856216e-005,0.4160024511203424,0.36919827260446458,0.00017211402641140395,0.098952864442495916,-0.67032577184634512,6.6293232256374148,0.39519146189312404,0.54100665269508241,0.00018758720463235822,0.37963533576037606,0.34833885423191974,0.00041162850308338993,0.24021730088125287,-0.43528538430263225,4.4275305782620089
3451489543,0.59145101918500997,0.73267379714996594,0.0025342785277602344,0.0030128212745153624,0.028696369505863593,0.00018129124661029792,0.53337500640691371,-0.44872365191619928,-0.117640487055024,0.58691958568272351,0.65193647617714967,0.0029221498412489921,0.0027302112788275415,0.032274947445220713,0.00016036763290763276,0.29719809879344578,0.11484250327990438,-0.23155659987568822,0.58371704315506845,0.58408215699236754,0.0031777467315745756,0.0022508259961326431,0.025476915053269156,8.248910603296415e-005,0.11403107955448487,-0.6207725769148722,-0.15064136547904641,0.58409282926498085,0.52599097635442638,0.003046174457999865,0.0079587377469696723,0.13744636277403885,0.00016791261852172425,-32.515121167671794,-0.66723905739153688,-1.1690589958981954,0.58085951806580294,0.44859600577760494,0.0033397005124431432,0.0099879219337347218,0.13603116690732522,0.00013442630351339889,10.783506881217432,-0.67726230112086272,-0.29146426659971858,0.57823943399278643,0.38882374437237693,0.003488192064085504,0.0095937570454848586,0.11777364470666855,0.0001106872706919711,11.206884281294787,-0.67012661194881917,-2.3789458871153046,0.1561941950158835,0.40259792558247381,0.0015880683305265616,0.25925753983214883,0.10751335987812261,0.00052984504245974626,2.5366711195218605,0.93754500574896416,-0.63752716033026213,0.16395794320755699,0.38949410739079632,0.0017173608742033241,0.260955376939285,0.09877129580682896,0.00054758589700480578,2.3561973243690955,0.8340059577880895,-0.21394057759186685,0.14794371831701206,0.4025575242367303,0.0015958416138249611,0.22197382940106272,0.097429400933604596,0.00050497268855126691,2.7233897409545627,0.2957389629772576,0.32485045637631976
3454317747,0.34247288261618686,0.42161691308592164,0.0014135981466139049,0.31299506330189802,0.27508901086900911,0.0015147453982520696,0.65424344315932592,0.51200059959733502,0.63638696289023244,0.30163917427335074,0.48592121709359276,0.0012752485049989902,0.31752762472186552,0.29865421342476278,0.0014140202205980355,0.84727588798541276,0.031881559045509641,0.98923546029371057,0.23186031722843892,0.55121976754716973,0.0012559705277674284,0.28418218059535044,0.31983041397495493,0.0013557997485412734,1.3053936481759298,-0.16666742715644986,1.115280568201539,0.3092228791387111,0.36823998219721749,0.0016904860535763649,0.26490304495970485,0.20806668565046435,0.0011529976185246946,0.93029595588650216,1.2839546456521316,0.21685564195839194,0.39244837993188253,0.40276498666982691,0.0016581050444664581,0.28855247184624111,0.20072028151428206,0.0010657200546967142,0.28346853702403879,0.9030322468523535,0.35217546774920594,0.40740661199586853,0.42147094708746291,0.0013164072864716289,0.33303890895853011,0.19205050909731491,0.0011043080474290277,0.11967674286726887,0.46215597406790654,0.99081828539953065,0.62324936907976214,0.54044799356548101,0.0009612590318277182,0.14128438207487337,0.20485926150769057,0.00053553640311357451,-2.2226836277246393,-0.54402987085913657,0.76394731350617162,0.67907441556312531,0.49308853707093175,0.00056879351206554193,0.1719521623732321,0.19986733541457419,0.0003954194680481767,-1.9496171854752273,-0.1316034787928968,0.98830389529383511,0.6823565228102898,0.5336275780210652,0.0004543981819921289,0.2263851828150785,0.16180114524829167,0.00046061412786197711,-1.6134975553868889,-0.20309119059918457,1.5038095099378845
3458398737,0.59069290595781387,0.61912846903195229,0.0023524389319384514,0.0040981749956544907,0.05322687828101353,0.00023479960063300145,0.91464318639173325,-0.65600394425731767,0.070470512359698617,0.58626157733745654,0.48596000582713889,0.0028950417228476876,0.004107085288807392,0.067755942332439895,0.00026402905620164944,-0.52476607158016009,-0.35896466869547428,-0.012084800626003632,0.57432570469635369,0.33439509414350099,0.0033671398505087653,0.075741546413871777,0.11464213093795771,0.00028497238951669758,-6.9878130953745412,-0.93123640912052374,0.22137913926678748,0.5105103478924472,0.39152063578901181,0.002561582038688602,0.17478196197808613,0.12114717178022567,0.00055525841173711314,-1.9699379038321494,-0.38330026016931962,-1.835949518943961,0.50864520986576678,0.24574535587089369,0.0030890209255018718,0.17453546319953425,0.12562209076927738,0.0006887201563259552,-1.7877021648392522,-0.016577679082284032,-1.9751121917261589,0.48929203454910114,0.15405386601209969,0.0033564253004888418,0.20462013851542635,0.10312467626861162,0.00084065244179011719,-1.539670938593507,0.73833324767923614,-1.574450873311189,0.11635551604210363,0.40402656071418291,0.0011373013810145529,0.18709607082396049,0.1419922389685557,0.00039762689937004756,3.2621044794318816,0.20811389606531536,-0.26174258275041695,0.12159275734825523,0.39191825966992938,0.001242489797170834,0.19366232447210249,0.14102805729285517,0.00047168052960208727,3.1847272863672571,0.065069404129139016,-0.14208723883601926,0.12194147890472866,0.36609622103296025,0.0012867631264970626,0.20343746845327976,0.12190045907344313,0.00048328650999190741,3.2734726082541434,-0.0043304020057010964,0.099868137215666938
3461685161,0.51996939301323097,0.10925347740979922,0.0035917343094833123,0.14487025470890477,0.070188922419526081,0.00044585754881039846,-1.9240000291798371,2.0601104487644823,-5.3807351527877758,0.54418791317744974,0.20275980858464776,0.0023229066826950498,0.18528858642453669,0.16327881542001402,0.0016151339944499576,-1.362481987858343,1.2751618128290705,-0.38070466250786583,0.49051204682923866,0.23822718341802113,0.0014010442895742469,0.25143655500798584,0.17725506590767426,0.0015381022519843821,-0.61894819052979544,0.92777350973295813,0.67892060110404551,0.36449911227637793,0.16427081314602482,0.0022798788115081909,0.39304517556886509,0.12350803977474294,0.0011157791432586028,0.59639020036799884,3.313723441229449,-0.3515419619034566,0.40363885760946416,0.1475324084617928,0.002456219890147012,0.40633575495626095,0.076613299648461836,0.00095788197637896243,0.41851014198022668,1.0575254844649336,-0.24292370222305115,0.38584355899765888,0.14125188709976216,0.002363015398555737,0.3772118738716399,0.072193454529437651,0.0010172845282160204,0.51064424292898558,1.2496578581679629,-0.21448253313279611,0.45764258334276547,0.49141228566379552,0.00075531801600328663,0.30813313376897788,0.24358078644958067,0.0005837448920381909,-0.28212179100706269,0.32531284043293857,0.64295506788021628,0.55995113244432204,0.44894261806146124,0.00079230541521586016,0.22731008098202096,0.22406322914657253,0.00059877531599777359,-1.4515114795621018,0.70719794715388085,0.25341715629514566,0.31743165149349739,0.38144505793838651,0.00083100035558723764,0.27622693277231747,0.23708091025450373,0.00052560016915278247,0.58937008849165684,0.84020658784471791,0.18133389807174291
360620911,0.096264837932386646,0.42490931073013194,0.0022105484915440144,0.1350057363908774,0.070668889746907812,0.00042186230770911487,6.0819537478316423,2.8348159359885203,-0.91976863828592259,0.13967625116750709,0.48073435676998127,0.0020607243738505745,0.23481936940534601,0.11288663077562482,0.00065326010310289061,3.032497348867111,0.69093533694211506,-0.22680977695474869,0.11058012031430775,0.40981472337861402,0.0021514898347715916,0.18197539330413035,0.088044546654767797,0.00054936108714770144,4.1598377893253389,1.8199928349462657,-0.82994858737974664,0.083319739896306949,0.53747816881069643,0.0021620644515779005,0.12353456013791621,0.14131042432599594,0.00076166008075661813,6.9345404138838376,0.74300193723201513,-0.10850697594840242,0.16572813852569065,0.51060293319702577,0.0019356877567941646,0.28513936895958919,0.14065549342703559,0.00076799021440755169,2.3602786829625941,0.79931039790680447,-0.16702332400059267,0.089419114421864718,0.49392909321473344,0.0022859233936900376,0.12133594048006072,0.1403310666968911,0.00083572262019168176,6.871348294402214,1.1440360220472676,-0.049526085701839778,0.078962672373110082,0.45625712186282735,0.0018957883668469829,0.11213627283526269,0.077552472183277432,0.00070195612637538639,7.7527885545117172,0.88392156307781966,1.3071271681484873,0.19514170391330982,0.47421587172651591,0.0014107760221972242,0.32887655995827159,0.11338412286818253,0.000438851937911494,1.9030072631469892,0.9892249513725403,-0.18705356390735312,0.07557089214302154,0.42976939304886114,0.0023008203517646229,0.062624431007641951,0.1087365088894668,0.0010141743252325534,13.654828398611444,0.93745995447868657,0.45758148596808318
360620923,0.1588842618320426,0.35088068370269315,0.0019171473437000941,0.2527391766022225,0.12633382017149261,0.00050812653454956425,2.5609925232540478,-0.31088371501261025,0.97566659818120871,0.19520351877821321,0.35315529636163184,0.002000519911248264,0.30053535643108831,0.18004496821411403,0.00066356235706054956,1.9322870066518989,0.21490623901027886,0.21382023357101382,0.071446408072637108,0.30417521999571162,0.0022322743337825105,0.093486555419821163,0.12844689624677244,0.00054734865120503403,9.0491436358015083,1.0764701024217453,0.12560374734048596,0.069909699599329439,0.45437395116159102,0.0019528629859692673,0.02921183756751233,0.10362202016120657,0.00047817394283945915,26.333634506175791,0.60427516804841896,-0.42207246887614464,0.076047130841568181,0.42324602533079286,0.0018648664322804605,0.10930349860365808,0.12205698656662559,0.00074223458506394611,7.9305640720064066,1.4321075461657859,-0.12918789793704932,0.074117057501122116,0.38514527347228594,0.0022750834479788695,0.082953713406142465,0.12046576450578575,0.00072588646703911866,10.413550807861785,1.5757627790788773,-0.61616157021622653,0.074889318367611868,0.43860679804088948,0.0021371176053695509,0.010486660560264883,0.087414840722338433,0.00053505547498291345,30.666056056139663,-0.012568803438763822,0.38891942696736981,0.066877509092223592,0.50685785197043909,0.0017213872328992331,0.038031133891540038,0.090694955424386964,0.0004170322960605377,21.625658677340141,1.2702109113680522,-0.22123592849732887,0.070554796205086173,0.45494109845144814,0.0021081893433015759,0.033801750452569647,0.082966770157657646,0.000417606046792585,24.190544734268475,2.2781655995597916,-0.76347154860253563
3850295637,0.23545837133753975,0.23757949176540064,0.0015221191672058301,0.13516027407277512,0.11106866782383235,0.00074670863355020124,2.5677144214279588,0.48664152240143488,1.5084901365151178,0.28501954338036728,0.25153731336317042,0.0012084242894046218,0.16650856972769942,0.12093830930658302,0.00063330840487164214,1.6882456822509389,0.45927461176112577,2.6162526846437872,0.33427543137490145,0.24720517076215059,0.00093216756499946477,0.18710607881760674,0.11705297982956064,0.00011145498219216986,1.1710899404960606,0.50666699334745291,0.32272800696659054,0.21559918877728329,0.24100741662336278,0.0015392258568399223,0.11346692841949607,0.11009420296157917,0.00067361524956581909,3.211729605733197,0.66599440673529431,1.5467712061862113,0.2611585752372213,0.24414413386681408,0.0014202209771837053,0.15683435063676529,0.11852738188951578,0.00072089699771309894,1.9644872415024275,0.46659145600255864,1.7876650543884816,0.32987628508626171,0.22512136054549553,0.0013013836601105612,0.18983311931127184,0.12123233871753354,0.00069928871820674869,0.99868941948425416,0.57319441591106057,1.6393848674302365,0.27788467157449853,0.28278144498797675,0.00098644011883248128,0.17357763957068834,0.13542569296456211,0.00030884809249021511,1.8197293570349178,0.49276354049485532,6.5145268507989487,0.30119733474207339,0.26982049285093362,0.001001744705112958,0.17891112073997212,0.12896103847004814,0.00027052619026657197,1.5300160803359704,0.52392465393172838,4.7882475254790977,0.33352263984790215,0.24918646934503691,0.0010121907820842086,0.19107910886979929,0.12452027796116395,0.00041568974115976584,1.1190452190320348,0.55833745519003863,3.7794423770649281
3978104540,0.34847009628062708,0.030028233084367237,0.0038850697635785078,0.29698028934586584,0.032531080473610009,6.4417364161077382e-005,-0.2896297250035913,0.63928197791357322,-3.1540071765231508,0.60926312125445059,0.27662672281757317,0.003236149210206899,0.031425609995854809,0.32945500145349366,0.0008704351583027815,-9.7998848813995725,1.5411221448776629,-1.3054849007381271,0.60366362262896867,0.54429932201556641,0.0021698026458573561,0.066089074324438696,0.36951587091164145,0.0010020766518046046,-5.0792339697407147,0.30452268699306134,0.11427349856356057,0.17378257246522602,0.073717707567016871,0.0033040079931007777,0.25183815701109918,0.13348699772243966,0.00089316517782287439,1.2775241483942281,2.4057916039394787,-1.3224336419410061,0.58503763415920051,0.62289687358287382,0.0018948413856052823,0.12778940371918279,0.30905177224621744,0.00071055693974077661,-3.1589412577608913,-0.47094056825188785,1.2500349198510992,0.57913276968731164,0.64585615741380809,0.0017803380471852891,0.1153537315242306,0.41545428499788789,0.001017675343263396,-2.6597344621373309,-0.46963490326072904,1.0915021440040973,0.36501127011124468,0.19106886896958059,0.0018706242287547374,0.25907630081477878,0.13594458892539044,0.00083659059793733724,0.10860084929257791,1.1500313604601495,0.48455284720151143,0.57446989085099887,0.49575269186147253,0.0010463409322042693,0.16147673159940093,0.39284098248013655,0.00035517743510850817,-2.1438325802297085,0.35797218758178651,0.04438633205184938,0.42384938601814115,0.56593402989330188,0.00077107205726572952,0.27046965134637024,0.36496555342516324,0.00044027361344916351,-0.10283059331359776,-0.0057434925371183283,1.4662293089795251
4106979417,0.34590626148620551,0.44979096140543312,0.00095636835236746418,0.42854355127541566,0.12196369672639951,0.00066205656889462819,0.71798790544753477,0.38995285932475854,1.5870503413508339,0.055729312900607404,0.49284142296804578,0.0019761986632082841,0.077856675061809863,0.10299744026056862,0.00075892388726532295,9.7210371724989351,-0.42798483292529221,1.0832503988318085,0.18146242716434302,0.43523635615257783,0.0017246761357585705,0.33865025053818471,0.11017838504255142,0.00068217650843829174,1.8331638974022375,-0.44782598101463927,0.81392509718271189,0.095352844546817639,0.48243289659816874,0.0011978568192443409,0.19097105680675985,0.13132332458840393,0.00076887645650804202,4.214988080840758,0.90376707669548184,0.95581066066299569,0.11479585174869054,0.43567376126345186,0.001963800488436215,0.19492823117058394,0.14047915179501835,0.0010096627378667004,4.046994900152499,0.69135693535784171,0.12474004837774032,0.31801431412812603,0.40147384375098361,0.0015265896287632546,0.41269470593988478,0.13189726744809543,0.00087425621888065276,0.84297805729817687,0.79711122995131922,0.92581953764795122,0.41137213917478127,0.38306741801267713,0.00072955959517200767,0.4267619192926243,0.13196392708533183,0.00065619096464912617,0.31923822410410402,1.2387482514995138,1.7518909048914442,0.28031989347435221,0.40310199444237749,0.0012907025647412062,0.37224117999086936,0.12305458281392326,0.0010706442636686446,1.0584941841562843,1.1820785379702368,0.75918093540613174,0.18914930320537054,0.45299931417557848,0.0015516319111643431,0.33511635272944851,0.12571588171244305,0.00073823720719420546,1.7716437997707029,-0.18449820859337429,0.23970238189407511
4192151327,0.48646100359172761,0.60757798074574321,0.00074547194545187742,0.081601492323540969,0.16849482708266639,0.00033212227812258596,-0.6993576752273688,-1.0209969318311705,5.0353082521278392,0.46680964224551824,0.53675505496516474,0.00086768036390061864,0.15527268711210088,0.17730011004176569,0.00049560416623671577,-0.52885404950952231,-1.0056417162688123,3.5351206727205482,0.47626983971101627,0.52505799246739149,0.00091822255573610417,0.13138246800310199,0.16377756292730594,0.00027021161529758249,-0.73536485751633063,-0.69648325357205054,2.8328591454846492,0.45135002578404648,0.39157469112340604,0.00088568641347396579,0.2858456824606837,0.27271794637724467,0.00080738751683019183,-0.037929281414782218,0.43230030816382026,1.9480716416721857,0.46455368756303222,0.21066633655235883,0.0013923200993130045,0.34387948274364927,0.15654813416807292,0.00087410906334186363,-0.071849318695680509,1.8033782245696908,0.97989047194620749,0.40906971283101812,0.39228299404339428,0.0015947793943940311,0.29357825660518677,0.20404309725287995,0.00096013522507504539,0.12649297834945969,0.069732454541431579,0.73666323077950002,0.48383604033051014,0.36069640970602029,0.00064033870198207117,0.30311774545230297,0.29410829950692308,0.00042670868946176067,-0.18130346199366565,0.64279787849572889,3.4964122718701378,0.55688678385508483,0.18090130379715552,0.0010120392990647666,0.32299230291232855,0.11374450657431241,0.00060011327161284549,-0.69156784366203838,2.0273691753438356,2.6080785738511714,0.49729243234124926,0.22402550088851619,0.0013116319487870745,0.37052299978414804,0.16083650772197533,0.0010022332997214644,-0.18294057580313333,1.526403822283833,1.2535164909219836
4781523904,0.57333657035225705,0.4163444296531168,0.0034419890267317508,0.015622311111659598,0.22083268900512162,0.00015692450915843014,0.22187833879392521,0.095226392311696426,0.12544341186363295,0.56697015144575025,0.43851884357703863,0.0035092824450655975,0.04024703838061431,0.20849216738083035,0.00013176865713525454,-6.98721517207498,-0.28101907878717608,1.1095980301196484,0.57301080402582616,0.4254914192998947,0.0035638462325922721,0.011725499155715403,0.21754086887615204,0.00011734057470691026,-1.1748422209599956,0.018722242327227828,0.33210705918867922,0.5491063350500559,0.33681381635568441,0.0027722600286241264,0.1215688376717141,0.18363894982996032,0.00096103082064301218,-1.7873925285577996,1.7492836295081975,-1.8176248545094493,0.5361066352894357,0.29180236282082023,0.0030748504870050952,0.19112382426786684,0.15256634039758271,0.00073582793422762689,-1.2370400031899553,0.91609382305220677,-2.0117071467200551,0.54208672570670091,0.37564640752143452,0.0029263530260979016,0.11084084607084416,0.16983811965747381,0.00094442634107459419,-2.4203172441929701,0.66876536063903569,-1.7522422175112213,0.15848132361169845,0.3740572374422021,0.0023831630906375016,0.31089201833348817,0.13531928509748792,0.00068198943186382306,2.1964879496142582,1.7213102868999079,-1.2004973671623429,0.20459049794457546,0.43625979348509547,0.0021377803322991714,0.35842564881659578,0.15680111541326919,0.000822805681096615,1.684993564919935,1.031731135259587,-0.65874464601827387,0.17967507462354104,0.44144935244522832,0.0021276903163609832,0.34062635287965665,0.13357210747886994,0.00062314249956665619,1.9035642351432869,1.3163105574921341,-1.00608580525377
492630565,0.55169092404592279,0.39351729562189169,0.002339354776415635,0.089266958452306283,0.13190954005428052,0.00018650971267114908,-3.3786235846304704,-1.0466456779495157,-1.4078955390739765,0.50772615367872587,0.37270495130328118,0.002350346535570549,0.15726586320025127,0.16229161989478938,0.00029270960022673853,-1.7446233545448102,-0.92592507540054159,-1.3903303330111256,0.48794055892334293,0.354231710391194,0.0023135314132938221,0.17196914259043222,0.17286778925031543,0.00036418830753795738,-1.3394860195883576,-0.76517164560302908,-0.65252747070071715,0.38455558704265896,0.21918740024770894,0.0019435472137570994,0.14372646923750698,0.15514584632215758,0.00076977280499434327,-0.25525319317122735,2.8611500282594284,-0.51024124728162801,0.3314301846096353,0.23143357339342702,0.0018575849252329823,0.19678356095008448,0.16030687731903909,0.00071257023974334078,0.50370322218630803,1.7543687398499255,-0.0077768833210701549,0.3661195298369343,0.22604774274100195,0.0017869515087140552,0.21327444527993444,0.18310940322129135,0.00065293589172036963,0.62949054894063294,2.2529583588957944,0.084059895478350966,0.53498736050211604,0.44076773735234093,0.0019000403280311595,0.073476014411384724,0.16658731138394189,0.00051295060995465739,-2.5552482514885928,-0.5893190154573773,0.59384408705198777,0.50509408308072457,0.4145459221993264,0.0018695137651597795,0.1301445558898382,0.17427050528710261,0.0003865871010709998,-2.044149315337187,-0.68096062881871455,0.27123434271205255,0.49838370799108228,0.40258850382869832,0.001903084442290647,0.1501714354946011,0.19052457123673275,0.00044707447126015291,-1.5349732088780328,-0.4252565034524069,0.28220770201156758
497917742,0.62453802462469599,0.6431714762364189,0.0032891530002489558,0.0032716111881634109,0.072094537460860558,0.00013217676410593848,2.249162234699825,-2.3106376878173744,-1.1740782959332352,0.62639779517411842,0.63896012449562534,0.0033044198408627968,0.0035738209396072949,0.062151038724626524,9.5245656872314246e-005,4.223836526329781,-3.17382493058546,0.80657636203656913,0.62944324160462461,0.60381721460957505,0.003154809277241823,0.0061569191979981876,0.094542795764140999,0.00017851731944905629,3.0620786833263285,-1.7652887776098534,-0.66075624733905103,0.62051420932797741,0.44182338116255915,0.0028600559355358964,0.032860312817969313,0.10907172910590079,0.0001762285432271164,-13.104138301812261,-0.088401111261126236,-1.7570303494474726,0.623564873071215,0.42194558415142086,0.0029163809472820337,0.05791407804953573,0.10285746169595303,0.00030027373630120928,-7.2137073416402773,0.025083053391835156,-3.3433690588704992,0.62435566389004915,0.37822406964460809,0.00273109470685885,0.095802376194261463,0.085965186231449942,0.00041357353793742977,-4.7023119188744769,0.60075584767081147,-1.676783624284385,0.19381777431317448,0.46893901068753452,0.0020878266369048553,0.28809316288537923,0.17110000907058401,0.0011625775987274963,2.0042201573744518,0.51528558452510809,0.01808554386904869,0.2840429313394448,0.46022155337857162,0.0020652238215898388,0.38245100620308509,0.16186696549960911,0.0012246747166277134,1.0994850805814873,0.6861755645951384,0.16237361658833094,0.21148908596989169,0.49920370294659905,0.0021617304297252707,0.3483094571249023,0.1317934678384626,0.0011116900605072405,1.7216957769520671,0.78678901659387768,0.10778922272745324
497918106,0.63253819892140117,0.63881513193952721,0.0032505481197967452,0.0067018961502284518,0.11815291225419632,0.00037094782198827036,2.8386605014978183,-1.7551145254745444,-0.97325074116456767,0.63636630763886093,0.61207164803084302,0.0032254482867555053,0.010532491167273178,0.15065318897965665,0.00039914808639079485,2.250056388530743,-1.7111959408266255,-1.2710479482913715,0.63452967445474273,0.65649174938934074,0.0033615405831607017,0.0067284196161862169,0.10348537049681897,0.00034207036633106318,3.789952865184814,-2.3326624833575447,-0.90907168658647841,0.59229871403098611,0.40628193959303971,0.0025158274747353088,0.1510054017775794,0.15962304749485479,0.00080932015433331228,-2.4292142540930515,0.33842616985785451,-1.0450825385186691,0.69751544601606685,0.33320488447652657,0.0023164168898970171,0.18212379140520846,0.17524258403096699,0.00094498407057338758,-1.3099277677073378,1.1788411144324096,-0.34245253100876971,0.6533641625022899,0.35249829787741815,0.0023180871613756675,0.32939672842950773,0.18252206958407474,0.00093681358695890627,-1.0691875229515868,0.82341179498546246,-0.18139685843531705,0.73725584578186465,0.15748408513793105,0.0018113501836523401,0.3188077893371099,0.076955165910360987,0.00050176658261169983,-1.5678624702000048,3.5758113357057586,-0.23429759447919268,0.84281621284340558,0.19875622426794309,0.0019102978795713049,0.18595896374438486,0.087876138347606728,0.00055736550854402751,-3.6133096348216385,3.9536803204593638,-0.033816679615567134,0.80007016091187921,0.24492293962271136,0.0020039215533738468,0.19577633341342804,0.11088828445720415,0.00068789491288044201,-2.960292163220577,2.751972084339624,0.0047149327614434255
497918824,0.63074477934185968,0.15359136765722986,0.0023016179063211619,0.13848948313286416,0.057501847208167471,0.00027667694059726593,-2.8236338392140539,1.0770468477052497,-1.1590711331755348,0.55353982020897918,0.19151311666245002,0.0024462866574050889,0.22209646971697752,0.082939887264997431,0.00026116720062015832,-1.5981132761653496,2.1070058051605329,-1.1805145003524955,0.45202040707950464,0.22022794868178619,0.0022686135856732443,0.275223301242699,0.10511088554786924,0.00047444107785810829,-0.71447910046198482,1.2672857101073458,-1.2439323729740355,0.089161752783305986,0.37512876197932615,0.0020243860165966797,0.083442510132214653,0.20617853580069356,0.00062944412162819206,8.8972964976218716,1.3273633812701924,-0.00066315406365788929,0.079999010171479812,0.37086649740250333,0.0021106886231374174,0.05669822824390526,0.18363078985067807,0.00057861155482566591,13.457100078810292,1.5868385712618849,-0.0046513965149074087,0.081513495226438679,0.36875496283968795,0.0020873325385904989,0.078869085219741675,0.18720524615205819,0.00059604609594583128,10.357005614080697,1.5490521026978301,-0.097530340119672113,0.0655472407060744,0.36485234874893246,0.0018749356484491473,0.050452151802815037,0.14078244729983969,0.00055356410356813377,15.708985122291889,1.7396880224008693,0.35169731257335457,0.068621287791800142,0.34431809882535486,0.0020494605747851421,0.039807911748607046,0.14979844736334627,0.00053610483352661809,18.481198891035525,2.0885002979967742,0.20679414911362137,0.068118647616789471,0.34733561698914767,0.0020056261833628517,0.04924426035877142,0.14112796059405475,0.00052851752695974976,15.349599169154471,1.8703675296382012,-0.0056212728581788302
497919126,0.62029123322889546,0.54985429703010047,0.0035717161566578212,0.015135428947837306,0.059477734791976662,0.00022573047440149169,-27.850078795707557,-2.0127301630971539,-0.29883759376694563,0.62614439392383592,0.52787987042097173,0.003543330693694148,0.027464154742875942,0.12259561943496608,0.00023814897942420546,-14.257424458898313,-1.5481657791110761,-0.11464811043003495,0.63423661293427702,0.52954840691042404,0.0034337024124845923,0.021196155412252428,0.16038097904524476,0.00029561457522200575,-12.633031901497592,-0.92766273104448715,0.12310046628216283,0.51898372504035184,0.27687015886626221,0.0027765418531516639,0.32363204190497691,0.15452940202615628,0.00131345821159575,-0.4016787255709845,-0.15032594566142299,-0.46453767687508202,0.53506668744642005,0.36044830921656879,0.0024943798669696017,0.36269854834033999,0.16311101791557073,0.0012519774591844767,-0.36871565077514712,0.2337592740504949,-0.08614624010984126,0.40720691769155454,0.43423727155209163,0.002494190213617594,0.37018564795175485,0.15905123621986147,0.0011009866034912481,0.20600473775763004,0.38751156004484716,-0.28574004955774079,0.26316743826242128,0.42464482395872061,0.0017320796585772044,0.31503165224293617,0.15652156778602541,0.00079496478063856345,1.3053927918461261,0.17403836929151401,0.25111640417492997,0.14585438815117438,0.52151792454382051,0.0022786814658313182,0.26264251541560751,0.13346418167993332,0.00082523569666225101,2.7105029996449264,0.52673098591925938,0.29487920787881011,0.58697389511458342,0.38451727870035335,0.0018189932645858236,0.39779901226662978,0.16052529623099215,0.0009332835554783142,-0.57807274769175032,1.0644902627684494,0.87094694209715329
497928841,0.6369542500998655,0.26564010024195644,0.0023773403598628465,0.025535064088755534,0.071301261778519615,0.00025371674542785916,-1.0473156574457134,-0.11822025482262967,0.61838096226439121,0.59725189603783657,0.31551193582159875,0.0025452857756960252,0.1465729734613318,0.12170479604783632,0.00032050308208744467,-3.2962198152348825,1.3778916267270593,0.15366253319477452,0.33883620488788513,0.511607133964881,0.0027538902262500939,0.29953543997810556,0.22156231761124703,0.00068238572014269708,0.15693577986940888,-0.0055267091828067908,-0.66348587290511418,0.53332502010372118,0.22358297844087491,0.002320771290183972,0.31033985366476274,0.18416096527042272,0.00055153899446255253,-0.69515607666101753,1.5855188648245084,-1.4814647864250883,0.1595430620692983,0.54064457610001526,0.0029179703745700878,0.25323096661820721,0.19565378662564128,0.00076958261647064612,1.9188249973247178,-0.86521615879325775,-1.0614252084777926,0.11312878612746743,0.62376433232978956,0.0025581516963945469,0.22490087126129926,0.16662327484089945,0.0010606058844311696,3.2367820676506711,-0.42996468840896629,-0.39413586343215878,0.79771011106723999,0.16501423185238664,0.0019063649876726813,0.30616149155467887,0.08334172597670754,0.0004005759110212205,-2.0447254800127097,4.317354553386453,-0.45358585958070524,0.36754504285865952,0.29802808630171229,0.0021323616166733094,0.44647847592623846,0.14246528767760416,0.00054359780597933063,0.58928830660020659,1.1334460625677982,-0.063271177450907976,0.15686926648412874,0.48860972999724683,0.002534264017753334,0.29467338325239723,0.18991355917484762,0.00090507011711667899,2.356515143010665,0.11510829562853524,-0.35427308445793843
497928917,0.29110294194471964,0.49180820903603434,0.0033228446894378425,0.29009251633510752,0.15086179053963533,0.00056464323653254147,0.43892469607352819,-0.27748648517517283,-2.1092032518955435,0.54937360620200326,0.35191632135458639,0.0032039981367193333,0.20479422489319996,0.12237731685068969,0.00041157636575076933,-1.8080518204333631,1.7824426933558177,-1.6604873937698725,0.62028282283789837,0.34734352333035384,0.0031174745149494579,0.053752071245484749,0.042617720451508745,0.00025612939850917722,-9.4018097344760694,-0.58665015744749716,0.094406404113898251,0.072745356952380408,0.53268077241242751,0.0029708404412026935,0.17064245303414943,0.16307821864526414,0.0007536311515826292,4.4855449158531426,-0.25229146087838278,-0.28846441917499255,0.28078917483135968,0.44062395852728109,0.0029803953092776662,0.37627824299451595,0.148287594464523,0.00088671065693041824,1.0784625727405504,0.14708452823106191,-0.60393136787939328,0.28670114288150883,0.38736740483357573,0.0031628184450748441,0.30912192976900038,0.15400734559763299,0.00076075756458771743,0.66225113216365783,-0.21166079352133019,-0.86404065726054191,0.1110764243866159,0.56987577912243614,0.0031045806292792459,0.26713560166857125,0.1674283778730126,0.00090262458514909528,2.8967402172826926,-0.65504217883551719,-0.98749834454658114,0.22679931232733774,0.38732068749892917,0.0026811853680253008,0.36244820894223501,0.17202590784558824,0.0008116547736983816,1.5358286132538244,0.34808573919890773,-0.038325970853793988,0.58070191610442856,0.25801364417764616,0.0024970838254850772,0.43321817197103152,0.14109701385082854,0.00064502344226188531,-0.44508350945137742,0.80915669012484792,0.32589702532718667
497929147,0.54145415151786191,0.49392828323382315,0.0025491859499481417,0.18611275821010984,0.082851255333638199,0.00090148941948069931,-1.7974625627562943,-1.0112055684887882,-1.0248897335825944,0.57067377394320562,0.3931360424549768,0.0025186741170203399,0.17822483449618481,0.12687936966981128,0.00043876604274535017,-2.3456797523606903,-1.680101732353771,-2.5948158292129562,0.56793248820178155,0.36783581879617949,0.0023288011432661491,0.18000057826769131,0.11045432257501991,0.00050307027165733757,-2.2571153564956443,-1.4213367581087868,-2.2276278317734421,0.47526883337117098,0.45302055071135316,0.002207651777902545,0.23043989328422487,0.14816869156326568,0.0011567155121963951,-0.74532821649321634,0.16121269467419386,0.31162097404718442,0.47248188125730339,0.29163723243807588,0.0027088514568353946,0.25274977082910882,0.14235248006057288,0.00077703783809149665,-0.85198608680150489,-0.28317685689741934,-0.83801037737036199,0.19040435663044966,0.14856987188524984,0.0019743737827727713,0.28534408947299283,0.19650162076127445,0.00053438684751564466,1.1985303027966181,0.99669220287856886,-0.84235045510829132,0.5062388526973266,0.42749522932547074,0.0018017960645576438,0.2417924266388331,0.19736262863797877,0.0009829178839922501,-0.69294621560849978,0.028418945193884448,0.95817188912432694,0.24687546761520845,0.53795971086777938,0.0020198289516780883,0.28902353393775226,0.17265164008538042,0.0006602083433722651,1.4609483673776584,-1.206044616555231,-0.13764603037981457,0.29122032708861995,0.26061143208318183,0.0020008873524454368,0.31081514285525852,0.237622278021665,0.00066053598152131796,0.48007220050348298,0.12747139030946175,-0.61128071423629238
497946405,0.52472360315892352,0.27079979218337352,0.0028384034207971382,0.18201464168924819,0.17954098053942083,0.0011448038794601434,-1.2470737576516144,1.7680316742654929,-1.135280788513755,0.5757799952237701,0.26732978592236861,0.0029037682366887616,0.1498006113198099,0.12729761744514648,0.00090436171639022406,-2.0232213560149295,1.9886169812427208,-1.4317608132952315,0.605451108440204,0.27595959647617868,0.0029694376165423381,0.14998951063033172,0.10768168026590709,0.0007667862116398558,-2.5742295232337726,2.079870891846332,-2.0364580908502115,0.5231355247645274,0.35650721028027688,0.0014278268702851934,0.39886948884773843,0.16860835287940487,0.00094575819062840108,-0.15141200032788041,1.3958211747206932,0.77935708006542559,0.43049155494570451,0.35739473401322169,0.0015104038718977504,0.40333401183382805,0.16673517024776247,0.00088144252647112469,0.3084180372388633,1.6499406265704937,0.31689947261269175,0.35068179355012569,0.40033606980962133,0.0014928500050705414,0.3963360500230716,0.17302404463411494,0.00083544472416021537,0.71639621059533709,1.4043269097446165,0.16247412657788124,0.21450707761213747,0.35721411268523989,0.0021547986759755619,0.31849950267710764,0.1423961644108751,0.00073599651581318626,1.8300690637793169,1.2933400681049749,-0.15919355755392328,0.31396496571133375,0.33951954695899123,0.002204224983483528,0.40302366549570545,0.14596241216055569,0.00072602241244278424,0.96717295752906129,1.4996476411201403,-0.13552029793680564,0.19457881760742254,0.37727559340649158,0.0021597662718190894,0.3108468523752782,0.1443269295477119,0.00067534672749700042,2.0467596415604152,1.2317974208690896,0.055641443499310751
497946503,0.60830741032062374,0.38082166308239312,0.0028185050724517167,0.1620367714881947,0.10080681721646315,0.00091129189318588078,-1.7437772970587126,1.6691089482784638,-2.0756368056773233,0.62597294078894983,0.34980412940108646,0.002980728855119416,0.031948357344600595,0.092443628900570007,0.00020153706497559154,-7.3859896529580356,-1.2420412099638038,0.037694104072300297,0.63206428991545427,0.35512774345874637,0.0028713944603374806,0.13630071968431318,0.10364741052842114,0.00073628939893130563,-2.1309072279814281,0.412988665625934,-1.9469227480653903,0.65536757614494856,0.29186359056168198,0.0020217418501111573,0.29682455705987526,0.14920114119040562,0.0011940543536533685,-1.0352693901738874,2.0160233198621564,0.10869666036316765,0.70900532984063991,0.3398628820132672,0.0018287398198288396,0.33315216904081657,0.14236155562868866,0.0010470774334719653,-1.2499945434850579,2.1687156601978073,0.4479405561256441,0.86725837871615097,0.38659916106156889,0.00127802919558277,0.23625701656183717,0.10990583271943592,0.00049185120497631171,-3.1505037423516629,1.657736258330659,1.3462610485135644,0.43762627809824928,0.41981899316903387,0.0015065030126028267,0.45140952483938246,0.16141407102440286,0.00071917540052635,0.24100818266104634,1.2103116135693694,0.67557260933397967,0.49661616687021648,0.42503734689387601,0.0016156914810790506,0.46538062961388177,0.13866745673259501,0.00076238945017162549,-0.029766121729108835,1.2952003415552427,0.66133709248755279,0.50286146940607523,0.43788073143380762,0.0016208304259296771,0.46980023609356031,0.11974562140370429,0.00073953428242621449,-0.026020294308527342,1.4093217223416927,0.92746218075403486
497946583,0.61787506226906153,0.39014403547274329,0.0027945675653162599,0.0035907875017257692,0.055679191893354893,8.7225690692495594e-005,1.2780982610856233,-0.37484596965179695,-0.10042081942959444,0.6230117233308935,0.36696889935104027,0.0029217634416113742,0.0065555836468697091,0.06393060832861594,0.00014444603664649083,9.1366054440598212,-0.40782906017909282,2.0861839835745193,0.62463816102854386,0.34663379689480034,0.0029549893869119555,0.06129766822026847,0.071575334267812235,0.00034603231239785528,-5.6153726702080196,0.52962403961457616,-4.3727099129913478,0.46968914198591938,0.33240768174759588,0.0019954573191868228,0.36516873022763413,0.14518542418599301,0.00098832096333331654,-0.11970573364905493,2.0724446536234558,-0.33394472898203742,0.64236052297912438,0.34827986919175469,0.0015783445158898367,0.39081792828777562,0.14107212517844847,0.0010368183199797436,-0.8139545193198543,1.8828879896733912,0.62082468410707847,0.6782578890302462,0.35805908876893255,0.0013818712699653838,0.40406900147169522,0.13008081052452491,0.00090250670239145334,-0.95679482536955762,1.7229489138824163,1.1945523455726563,0.53087818578656509,0.39458308237950429,0.0014772938541153273,0.44789131813436656,0.12983972407003244,0.00094274783991953829,-0.19847861518805285,1.5637544986945149,0.95085203350117597,0.71900451381855623,0.38372382958961287,0.0014205264873659558,0.3793295480196287,0.10770306935642664,0.00088053477004701116,-1.2382317074590998,1.5589405908935812,1.1696781319426248,0.74284555528720597,0.38522708824745072,0.0013699617512916195,0.39612765717948611,0.078223574330699958,0.00073495523750650104,-1.2704037097626231,1.5079370038153634,1.5890381521989871
497946801,0.13251884298084204,0.21570763341529553,0.0017551760601464239,0.070594591189798758,0.084556661754550566,0.00075349109626161154,6.9738745035892995,-0.19377553922266172,0.37356100161504685,0.15813985512153328,0.26018376459119291,0.0018916943508751004,0.090910761871355508,0.14079148852918491,0.00056614676166163145,2.9778019097146613,1.195600863011836,0.97244998340347233,0.11183496461829864,0.16629760861610332,0.0017128681198342085,0.16670233008530924,0.085338845578226824,0.00030974292976117273,4.4259488298259599,-0.004416492692157931,-0.39497985383700129,0.32675501854900835,0.12730244820915662,0.0012879990667191354,0.28047683744248947,0.070749367980273606,0.00073381033218765444,0.49862253318282751,1.1005290255510285,1.4138599743952311,0.29950953842242345,0.14034437897364702,0.0018380898530519633,0.23591563134141758,0.086531120314116777,0.00081554007237512793,1.0494331135386874,1.6941230138474133,1.0467318455695676,0.32472816474538579,0.078127318766245013,0.0015896260109010206,0.36601657563047935,0.058859059543800003,0.00053343327912778148,0.77910338294997272,3.0619851339317044,-0.33405078725137416,0.44678017967804395,0.16509560370455212,0.0011364205768631078,0.23276526027039002,0.11394217181152293,0.00050844552442734687,-0.23610283324181067,2.2411591609054708,1.2587117949846625,0.33375491553109721,0.10304347942790267,0.0018435473894261834,0.32071318250572145,0.079830851942899211,0.00085765815630178919,0.81401052806097285,2.4814693191060475,0.72686871827729393,0.56324985053858134,0.077810196617278921,0.0012742876338526735,0.29578111338764251,0.044676053341770813,0.00056515731164962857,-0.80837311117782107,1.3845856188444976,0.65126162886496297
497947121,0.54732400647282364,0.13157508346908106,0.0031670831142789884,0.019580035675981988,0.070658503847074991,0.00022123719897869251,0.11784812438238493,1.8529657866658855,-1.8687746441875612,0.56166475979172925,0.12043860102091879,0.0031606046915078423,0.010989071360448899,0.025257687929053231,5.2596505973986094e-005,-1.4894455863674401,-0.28496962822252742,-0.1015737239645151,0.57355175468913466,0.12890914786961211,0.0030877026194409004,0.0080697809947930174,0.022966754601347249,5.3888314308776756e-005,-0.13204817715742703,0.47786258817365801,0.61348675763294924,0.24723870887692984,0.2720907112927351,0.0015527582581447059,0.28590815610503068,0.1566490414442791,0.00070745143523947987,1.1698125070837153,1.6675147961273973,0.45084068309142439,0.43749017757988928,0.23008609050232276,0.0016626238326380891,0.34236516170843612,0.1430133987318491,0.00087155696181258672,0.16873361429072256,1.9435518599312451,0.28574727348321188,0.3007756992078392,0.28087330386238196,0.0017930265174283628,0.25714980190352449,0.17719771117971431,0.00084732820272984989,0.67277002934844998,1.3339011043659892,0.11187956689806547,0.2687105632796043,0.28246442494889668,0.0014059794076405705,0.34605792972879462,0.13843250233735929,0.00058474225557824527,1.3523155432468905,1.0854554241313858,0.26542755321899719,0.19769135304207888,0.32881341015624077,0.0015042756413108785,0.29158218202389463,0.1475193852333162,0.00062070717667126168,1.9666968143040273,1.2948758455212519,0.07904836749997779,0.23006075627814854,0.30924143816156441,0.0013969276658787068,0.34123750375198431,0.15185269441491886,0.00062024052872354258,1.5800452530054732,1.4550114890990236,0.51646126882797916
5868072306,0.15812126651625324,0.092606814668550905,0.001489310686719417,0.13041836341915239,0.048757635579584131,0.00040081693363900152,5.049740045564576,2.4145739555057717,1.7953158764859758,0.14105064079389248,0.064482586838432498,0.0021517810352223721,0.068506449022769089,0.024614964051077801,0.00070926825111921059,5.8529683866088336,2.0345499799483107,0.52231281321961975,0.16780395634242024,0.11630369463464682,0.0017732382399637736,0.21857883412106771,0.077682222283193852,0.00075238239135101118,3.0952058932458546,1.4627469087633316,0.9558994739382628,0.12675738705375111,0.10064851041751734,0.0018771791088469879,0.07708942335078578,0.049788977525072366,0.00056617248526077643,6.7498716007864186,1.9377764683085137,0.51737710623237565,0.13272423282952053,0.074709910311910308,0.0019037970161283055,0.06967176811283865,0.03126574207353959,0.00062627056485462949,6.4633122197078485,2.0895537940950146,1.4733695067891142,0.18647708867340224,0.11793389558876115,0.0018017285461478939,0.25132242424335421,0.078859703413305116,0.00078711033085775129,2.5824062578343181,1.3306567297306953,1.2183990863124299,0.1372121417703768,0.097343163493134321,0.001819039010382869,0.090550641643613539,0.044454305353153568,0.00050739151820189171,6.4667715140958943,1.6746831965368163,0.96467202677416453,0.15993343641496144,0.080295221606729236,0.0020363971937816597,0.14194274380476093,0.055071108709357379,0.00079611206826527708,3.9372627413942531,3.8572397351378198,1.1031705366127027,0.20926826497145906,0.12018763187891369,0.0018222366890575216,0.22503673616657874,0.10788834233541662,0.00090542731590091392,2.2389610188230225,2.7851632996877953,1.2860423298922941
6290236031,0.26247394611715158,0.14135863977458182,0.00062104816449561431,0.2506269631199432,0.14975064652401537,0.00062700293776508584,0.27851312007550172,1.1404360966985911,0.81758297346923481,0.30617983218747541,0.17912543018662749,0.00085398718080609542,0.26818350860831053,0.18511678131024947,0.00074987895263082019,-0.085007332275150407,0.72333212757230259,0.033895535709709629,0.33880912953960446,0.17209613158558892,0.00082264983439503045,0.28044853649634177,0.19571775517959542,0.00080446405782839709,-0.33210115503159721,1.5924467318722746,0.15988805270262718,0.46475038947237807,0.27191052527064036,0.0014334755828980521,0.24984608392755484,0.18753822139522267,0.0011953022147226482,-0.48554183295444742,0.4518687063721688,0.88601322386844683,0.50775948907936641,0.1778590232241106,0.001864961994012967,0.29489987334573886,0.15367455110760034,0.0013143016372065234,-0.38806240784211121,0.74352330750566353,0.40414193258603043,0.49642768869947601,0.10538278552719799,0.0026301223002814147,0.29467343693344344,0.13238668829604378,0.0012619295415387216,-0.51908895610730732,1.2003235692677268,-0.52625534076178715,0.41852356425129961,0.17082008953909478,0.00089803024916798666,0.3316952740079111,0.20209931023806305,0.001289663806983027,-0.24873229932341723,1.3111530578350672,1.318738446730793,0.41872165053150168,0.064843128155457744,0.0017921347440328556,0.35871705241206775,0.1207775051741985,0.0017529912966290739,-0.20076569612152873,2.7470100072286048,0.15101618162828373,0.42132929862969154,0.032653922920102989,0.0018621793488014465,0.36008841399857955,0.07704990774745557,0.0016756210533957964,-0.22958940235789213,5.5854287656714803,0.023875756696735542
