1166636875,0.11286746987951807,0.015132530120481928,0.0037590361445783132,0.072867469879518074,0.69759036144578312,0,0.00077108433734939755,0.0032289156626506025,0,0.09281927710843374,0.00096385542168674694,0.13339759036144577,0.0035180722891566267,0.0011566265060240963,0.061975903614457831,0.65084337349397592,0,0.00028915662650602408,0.00043373493975903612,0,0.14626506024096386,0.0021204819277108435,0.094891566265060234,0.01508433734939759,0.00019277108433734939,0.048433734939759034,0.7297831325301205,0,0.00043373493975903612,0.00236144578313253,0,0.1020722891566265,0.0067469879518072288,0.13836144578313253,0.00091566265060240965,0.02149397590361446,0.033012048192771086,0.7455421686746988,4.8192771084337347e-005,0.00072289156626506026,0.00072289156626506026,9.6385542168674694e-005,0.033493975903614456,0.025590361445783132,0.16718072289156627,0.00024096385542168674,0.0072289156626506026,0.020240963855421686,0.74308433734939761,0,0.00038554216867469878,0.00019277108433734939,9.6385542168674694e-005,0.02766265060240964,0.033686746987951807,0.10226506024096385,0.00048192771084337347,0.0066024096385542165,0.014939759036144579,0.81971084337349398,0.00033734939759036143,0.00014457831325301204,0.00014457831325301204,9.6385542168674694e-005,0.02674698795180723,0.028530120481927712,0.10833734939759036,0.0013975903614457832,0.11306024096385542,0.21840963855421686,0.50004819277108437,0.0020240963855421685,0.0064096385542168673,0.00043373493975903612,0.00028915662650602408,0.0085783132530120477,0.041012048192771086,0.16414457831325302,0.00043373493975903612,0.10327710843373494,0.13643373493975905,0.53730120481927712,0.00067469879518072286,0.0046265060240963853,0.00043373493975903612,0.00096385542168674694,0.016240963855421685,0.035469879518072289,0.14496385542168674,0.00019277108433734939,0.099855421686746992,0.12901204819277109,0.58366265060240963,0.0014457831325301205,0.00236144578313253,0.00014457831325301204,0.0010120481927710842,0.0022650602409638554,0.035084337349397587
1167489626,0.17397590361445783,0.38992771084337352,9.6385542168674694e-005,0.015807228915662649,0.4187469879518072,0,4.8192771084337347e-005,4.8192771084337347e-005,0,0.0013493975903614457,0,0.022987951807228915,0.8070361445783133,0,0.010506024096385543,0.1563855421686747,0,0,0,0,0.0030843373493975902,0,0.15363855421686748,0.020289156626506023,0.00053012048192771087,0.022457831325301204,0.8025060240963855,0,0,0,0,0.00057831325301204817,0,0.21002409638554217,0.0061686746987951804,0.012048192771084338,0.018168674698795181,0.74698795180722888,0,9.6385542168674694e-005,9.6385542168674694e-005,0.00081927710843373496,0.0053975903614457829,0.00019277108433734939,0.27937349397590361,0.064433734939759041,0.046024096385542168,0.087180722891566267,0.48303614457831323,0.0026024096385542169,0.011132530120481928,0.00014457831325301204,0.00014457831325301204,0.020385542168674699,0.0055421686746987952,0.36274698795180721,0,0.015180722891566266,0.017253012048192771,0.59720481927710845,0,0.0012530120481927711,0.00038554216867469878,0.0048674698795180722,0.0010120481927710842,9.6385542168674694e-005,0.10385542168674698,0.00043373493975903612,0.039566265060240961,0.0096385542168674707,0.48332530120481926,0.00024096385542168674,0.00053012048192771087,0.00019277108433734939,0.003469879518072289,0.35720481927710845,0.0015421686746987951,0.098216867469879524,9.6385542168674694e-005,0.040192771084337352,0.09098795180722892,0.32920481927710843,0,0.0026506024096385541,0.0014457831325301205,0.0062168674698795182,0.42814457831325303,0.0028433734939759038,0.21325301204819277,0,0.022216867469879518,0.017349397590361446,0.40226506024096387,0,0.00072289156626506026,0.00038554216867469878,0.0075180722891566264,0.33127710843373492,0.0050120481927710845
1433771673,0.021830985915492956,0.94219483568075113,0,0.0052523474178403752,0.030575117370892017,0,0,2.9342723004694835e-005,0,0.00011737089201877934,0,0.22303403755868545,0.35161384976525822,0.0035798122065727701,0.038380281690140843,0.33653169014084505,0,0.00041079812206572768,0.00029342723004694836,0,0.046126760563380283,2.9342723004694835e-005,0.36748826291079811,0.18735328638497653,5.868544600938967e-005,0.033773474178403755,0.40806924882629109,0,0,0.00046948356807511736,0,0.0027582159624413146,2.9342723004694835e-005,0.33116197183098589,0.28524061032863851,0.01936619718309859,0.10322769953051643,0.21857394366197183,5.868544600938967e-005,0.0082159624413145546,0.0043133802816901412,8.8028169014084512e-005,0.029753521126760562,0,0.26068075117370892,0.041872065727699533,0.0027582159624413146,0.19254694835680752,0.13890845070422536,0,0.0018192488262910799,0.00090962441314553996,0,0.36050469483568076,0,0.66068075117370895,0.0046361502347417836,0.0015551643192488263,0.054078638497652584,0.19788732394366196,0,0.001056338028169014,0.0044307511737089198,0,0.075674882629107987,0,0.085710093896713621,0.0033744131455399062,0.22990023474178403,0.29354460093896712,0.11502347417840375,0,0.10642605633802817,0.010534037558685446,0,0.14897300469483568,0.0065140845070422535,0.0036091549295774648,0.018280516431924881,0.074530516431924876,0.15754107981220658,0.0056044600938967137,0,0.089407276995305165,0.0013204225352112676,0,0.64700704225352113,0.0026995305164319249,0.11141431924882629,0.00032276995305164318,0.13970070422535211,0.12857981220657277,0.25073356807511737,0,0.11428990610328639,0.0029636150234741785,0.00026408450704225349,0.24043427230046949,0.011296948356807512
1434642870,0.10020539906103286,0.75126173708920185,2.9342723004694835e-005,0.014377934272300469,0.13318661971830986,0,0,0.00082159624413145535,0,0.00011737089201877934,0,0.10246478873239437,0.51587441314553995,0.015316901408450705,0.02464788732394366,0.25487089201877933,0,0.0032570422535211268,0.00044014084507042255,0.00041079812206572768,0.0823943661971831,0.00032276995305164318,0.083685446009389666,0.6649941314553991,0.00038145539906103286,0.0142018779342723,0.23617957746478874,0,0,0.00032276995305164318,0,0.00017605633802816902,5.868544600938967e-005,0.16986502347417839,0.052728873239436619,0.0013791079812206573,0.022417840375586855,0.75255281690140841,0,0,0.00023474178403755868,0,0.00073356807511737085,8.8028169014084512e-005,0.13042840375586853,0.027728873239436621,0.057071596244131453,0.098327464788732388,0.30821596244131455,0,0.0071302816901408451,0.00029342723004694836,0,0.37045187793427231,0.00035211267605633805,0.23098591549295774,0.050616197183098594,0.0044307511737089198,0.042840375586854461,0.65859741784037562,0,0.00044014084507042255,0.0013497652582159625,0,0.0093603286384976534,0.0013791079812206573,0.36866197183098592,0.013204225352112676,0.0142018779342723,0.033127934272300472,0.50610328638497648,0,0.0022593896713615025,0.001056338028169014,0.00020539906103286384,0.06106220657276995,0.00011737089201877934,0.088321596244131453,0.014377934272300469,0.012881455399061032,0.14744718309859156,0.055369718309859157,0,0.0083626760563380274,0.0019072769953051643,8.8028169014084512e-005,0.67100938967136148,0.00023474178403755868,0.17476525821596245,0.025117370892018778,0.015933098591549295,0.11217723004694835,0.40604460093896716,0,0.0088615023474178396,0.0026995305164319249,0.00011737089201877934,0.25393192488262911,0.00035211267605633805
1434644704,0.40440140845070421,0.037294600938967137,0.018016431924882628,0.047623239436619717,0.4660504694835681,0,0.00088028169014084509,0.0029049295774647888,0.00014671361502347418,0.022183098591549297,0.00049882629107981223,0.23001760563380283,0.22828638497652581,0.0077758215962441318,0.072593896713615019,0.20519366197183098,0,0.010563380281690141,0.0091255868544600945,8.8028169014084512e-005,0.23532863849765259,0.0010269953051643193,0.07875586854460094,0.30319835680751173,0.0066021126760563379,0.054753521126760567,0.4432805164319249,0,0.0012617370892018778,0.0091842723004694829,2.9342723004694835e-005,0.097564553990610328,0.0053697183098591547,0.24011150234741785,0.055721830985915495,0.071273474178403753,0.25686619718309861,0.24903169014084506,5.868544600938967e-005,0.0098298122065727696,0.0064553990610328642,0.0012910798122065727,0.1022300469483568,0.0071302816901408451,0.13738262910798121,0.0058978873239436619,0.16382042253521126,0.33855633802816903,0.14512910798122067,0.00049882629107981223,0.056338028169014086,0.0012617370892018778,0.00011737089201877934,0.14953051643192489,0.0014671361502347417,0.067312206572769956,0.0019072769953051643,0.11396713615023474,0.093661971830985916,0.55927230046948362,0.00026408450704225349,0.022681924882629108,0.00070422535211267609,0.00032276995305164318,0.12441314553990611,0.015492957746478873,0.083127934272300474,0,0.012235915492957746,0.093515258215962446,0.7785211267605634,0,0.00096830985915492959,8.8028169014084512e-005,2.9342723004694835e-005,0.016754694835680751,0.014759389671361502,0.13213028169014085,8.8028169014084512e-005,0.025498826291079812,0.092429577464788734,0.36992370892018778,0,0.00020539906103286384,0.00020539906103286384,0,0.0083333333333333332,0.37118544600938969,0.054107981220657277,0.00088028169014084509,0.03796948356807512,0.089436619718309865,0.16590375586854461,5.868544600938967e-005,0.0067488262910798125,0.0011737089201877935,8.8028169014084512e-005,0.07461854460093896,0.56901408450704227
168543246,0.30017421088375112,0.29291050284938142,0.017450615643546816,0.31768388106416273,0.029084359405911361,0,0.009507780435231936,0.0052263265125343256,8.8581805297191952e-005,0.026220214367968821,0.0016535270322142498,0.57082115333510497,0.091800277556323265,0.025600141730888475,0.22641509433962265,0.03256857708093424,0,0.0071455989606401512,0.0051967992441019281,0,0.037853958130333362,0.0025983996220509641,0.24182832846133404,0.43402131868780819,0.018513597307113119,0.22603123985000148,0.021791124103109221,0.00026574541589157585,0.0049605810966427497,0.0052853810493991198,0.00085629078453952222,0.044822393480379127,0.0016239997637818525,0.43189535536067558,0.14046121593291405,0.02574777807305046,0.28665072194171315,0.042017302979301382,0,0.016121888564088936,0.0057578173443174775,8.8581805297191952e-005,0.046948356807511735,0.0043109811911300087,0.59745474946112731,0.081879115363037769,0.057548646174742375,0.20734047893229399,0.010452653025068651,0.0017125815690790444,0.0029527268432397321,0.00056101810021554901,0,0.03147606814893554,0.0086219623822600174,0.25842265332034131,0.038739776183305284,0.354415802994065,0.27469217822659225,0.019665160775976614,0.0059054536864794642,0.011013671125284201,0.002244072400862196,0.0012401452741606874,0.01497032509522544,0.018690760917707504,0.32184722591313075,0.43369651873505183,0.016003779490359346,0.14618950600879912,0.032155195322880678,5.9054536864794639e-005,0.011781380104526531,0.0061711991023710401,0.0015649452269170579,0.026840287005049163,0.0036909085540496648,0.30268402870050493,0.16260666725721204,0.05450733752620545,0.24956447279062213,0.023090323914134705,0.0028346177695101425,0.017657306522573597,0.0040157085068060353,0.0057282900758850799,0.10553045737738802,0.071780789559157884,0.17323648389287508,0.24864912746921783,0.096140786015885674,0.16685859391147725,0.021997814982136002,0.01597425222192695,0.018218324622789144,0.004104290312103227,0.0074408716449641246,0.068887117252782945,0.17849233767384179
182109197,0.0037265258215962442,0.69075704225352108,0.01511150234741784,0.025850938967136149,0.003550469483568075,0.013468309859154929,0.035563380281690142,0.1306924882629108,0.041490610328638496,0.021654929577464788,0.018133802816901409,0.0017312206572769953,0.93127934272300472,0.003433098591549296,0.006631455399061033,0.0012323943661971832,0.0026115023474178405,0.0064847417840375584,0.035299295774647889,0.0038438967136150233,0.001789906103286385,0.005663145539906103,0,1,0,0,0,0,0,0,0,0,0,0.00073356807511737085,0.83274647887323938,0.0020539906103286387,0.0039319248826291077,0.00052816901408450699,0.0058392018779342726,0.011150234741784037,0.12309272300469483,0.012001173708920189,0.004958920187793427,0.0029636150234741785,0.00035211267605633805,0.5255281690140845,0.0022887323943661972,0.0021713615023474177,0.00070422535211267609,0.016197183098591549,0.054049295774647885,0.32194835680751172,0.055340375586854458,0.016901408450704224,0.004518779342723005,0.00058685446009389673,0.79600938967136148,0.0015845070422535212,0.010710093896713615,0.001056338028169014,0.0035211267605633804,0.022476525821596243,0.14747652582159623,0.0039319248826291077,0.010123239436619719,0.0025234741784037557,2.9342723004694835e-005,0.71549295774647892,0.00067488262910798123,0.0027582159624413146,0.00079225352112676059,0.0060152582159624414,0.045510563380281692,0.20346244131455399,0.010739436619718309,0.012411971830985916,0.002112676056338028,0,0.20892018779342722,0.0013497652582159625,0.0032276995305164321,0.00073356807511737085,0.0092136150234741789,0.27884389671361504,0.4091549295774648,0.064465962441314556,0.021390845070422534,0.0026995305164319249,0.0014084507042253522,0.46467136150234739,0.0041960093896713617,0.021537558685446011,0.0025528169014084508,0.0022007042253521128,0.11123826291079812,0.37435446009389672,0.0030809859154929575,0.01232394366197183,0.0024354460093896713
3047327999,0.34838554216867468,0.11691566265060241,0.0038072289156626505,0.073445783132530126,0.43436144578313252,0,9.6385542168674694e-005,0.00028915662650602408,0,0.022698795180722892,0,0.24433734939759036,0.24872289156626506,0.0027951807228915665,0.096819277108433729,0.30848192771084337,0,0.00014457831325301204,9.6385542168674694e-005,0,0.098313253012048199,0.00028915662650602408,0.042168674698795178,0.36240963855421687,0.00024096385542168674,0.053253012048192772,0.46722891566265062,0,0,4.8192771084337347e-005,0,0.07392771084337349,0.00072289156626506026,0.18857831325301205,0.02366265060240964,0.045686746987951804,0.19209638554216868,0.45696385542168677,0,0.0040000000000000001,0.0011566265060240963,0,0.075277108433734946,0.012578313253012048,0.10101204819277108,0.025397590361445784,0.16212048192771084,0.28289156626506023,0.098120481927710848,0,0.057879518072289159,0.00043373493975903612,0,0.27122891566265062,0.00091566265060240965,0.031518072289156623,0.0013493975903614457,0.049879518072289158,0.053108433734939758,0.77566265060240969,0,0.0094457831325301198,0,0,0.06930120481927711,0.0097349397590361444,0.034554216867469879,0,0.013156626506024097,0.089975903614457828,0.83807228915662646,0,0.00033734939759036143,0,0,0.018795180722891568,0.0051084337349397591,0.091421686746987946,0,0.052530120481927713,0.12298795180722892,0.30014457831325303,0,0.0018795180722891566,0.00019277108433734939,0,0.007807228915662651,0.42303614457831323,0.029301204819277109,0,0.034216867469879515,0.086843373493975903,0.13778313253012048,0,0.0026024096385542169,4.8192771084337347e-005,0,0.083566265060240966,0.62563855421686743
3047328053,0.40573493975903613,0.038120481927710843,0.0039036144578313255,0.042361445783132529,0.49421686746987953,0,4.8192771084337347e-005,0,0,0.015614457831325302,0,0.22183132530120481,0.28742168674698793,0.0083373493975903608,0.067807228915662654,0.19725301204819276,0,0.0079518072289156624,0.00038554216867469878,0,0.20881927710843373,0.00019277108433734939,0.062024096385542168,0.35527710843373494,0,0.047903614457831326,0.46525301204819275,0,0,0.00024096385542168674,0,0.069108433734939759,0.00019277108433734939,0.2175421686746988,0.053253012048192772,0.067132530120481926,0.29412048192771084,0.26804819277108433,0,0.0030361445783132529,0.0019759036144578312,0,0.089831325301204815,0.0050602409638554214,0.12973493975903613,0.0024096385542168677,0.16795180722891567,0.34910843373493977,0.14472289156626506,0,0.067518072289156628,0.00062650602409638557,4.8192771084337347e-005,0.1362409638554217,0.0016385542168674699,0.036096385542168673,0.00043373493975903612,0.098795180722891562,0.095036144578313247,0.62134939759036145,9.6385542168674694e-005,0.027614457831325302,0.00028915662650602408,0,0.1148433734939759,0.0054457831325301206,0.073734939759036139,0,0.006265060240963855,0.083855421686746992,0.80674698795180722,0,0.00014457831325301204,0,0,0.018554216867469879,0.010698795180722892,0.13002409638554216,0,0.017927710843373496,0.095421686746987949,0.38298795180722889,0,4.8192771084337347e-005,9.6385542168674694e-005,0,0.0048674698795180722,0.36862650602409641,0.045638554216867473,0.00053012048192771087,0.023614457831325302,0.099566265060240966,0.18183132530120483,0,0.0020722891566265062,0.00038554216867469878,0,0.069831325301204825,0.57653012048192775
3047328097,0.70024096385542167,0.22901204819277107,0.0014457831325301205,0.0063132530120481927,0.062795180722891572,0,0,0.00019277108433734939,0,0,0,0.11908433734939759,0.62602409638554213,0.041397590361445781,0.093831325301204818,0.020722891566265059,0,0.061831325301204818,0.0082409638554216871,0,0.028867469879518073,0,0.24178313253012049,0.38612048192771087,0.0094457831325301198,0.034939759036144581,0.3224578313253012,0,0.00096385542168674694,0.00038554216867469878,0,0.0039036144578313255,0,0.57407228915662656,0.02183132530120482,0.071084337349397592,0.060289156626506024,0.26501204819277108,0,0.0027951807228915665,0.0033253012048192771,0,0.00096385542168674694,0.00062650602409638557,0.59074698795180725,0.0026506024096385541,0.1152289156626506,0.13190361445783133,0.075807228915662647,0,0.038987951807228916,0.0017349397590361445,0,0.030698795180722892,0.012240963855421687,0.21807228915662652,0.036048192771084335,0.12424096385542169,0.056192771084337352,0.516144578313253,0,0.00057831325301204817,4.8192771084337347e-005,0,0.027132530120481928,0.021542168674698794,0,0,0.5133012048192771,0.0088674698795180723,0.46920481927710844,0,0.0037590361445783132,0,0,0.0013975903614457832,0.003469879518072289,0,0,0.23277108433734939,0.10265060240963855,0.037108433734939758,0,0.39267469879518074,0,0,0.22597590361445782,0.0088192771084337346,0,0,0.39749397590361446,0.012626506024096385,0.39093975903614459,0,0.034650602409638555,0,0,0.020144578313253014,0.144144578313253
3047328237,0.01108433734939759,0.94669879518072286,0,0.0021686746987951808,0.040048192771084339,0,0,0,0,0,0,0.10693975903614458,0.36260240963855422,0.00043373493975903612,0.030457831325301204,0.45224096385542167,0,0.00019277108433734939,0,0,0.047132530120481929,0,0.18178313253012049,0.18269879518072288,0,0.017783132530120482,0.6167710843373494,0,0,0,0,0.00096385542168674694,0,0.20833734939759035,0.29378313253012051,0.01691566265060241,0.083228915662650602,0.36766265060240966,0,0.0037108433734939759,0.0010602409638554217,0,0.025301204819277109,0,0.1660722891566265,0.020048192771084338,0.00048192771084337347,0.19860240963855422,0.23387951807228916,0,0.00048192771084337347,0,0,0.38043373493975902,0,0.51812048192771087,0.0018313253012048193,4.8192771084337347e-005,0.048915662650602411,0.35653012048192773,0,0.00014457831325301204,0.00024096385542168674,0,0.074168674698795178,0,0.060819277108433732,0.00024096385542168674,0.2005301204819277,0.33450602409638552,0.16385542168674699,0,0.087277108433734943,0.0014457831325301205,0,0.14457831325301204,0.0067469879518072288,0.0012530120481927711,0.011325301204819277,0.061060240963855421,0.15966265060240964,0.0072771084337349395,0,0.1007710843373494,4.8192771084337347e-005,0,0.65816867469879514,0.00043373493975903612,0.092674698795180727,0.0010120481927710842,0.11657831325301204,0.14563855421686747,0.28212048192771083,0,0.11253012048192772,0.00033734939759036143,0,0.24086746987951807,0.0082409638554216871
3047328269,0.70843373493975903,0,0.054987951807228916,0.1268433734939759,4.8192771084337347e-005,0,0.038313253012048194,0.0020240963855421685,0,0.069349397590361447,0,0.60973493975903614,0,0.00024096385542168674,0.32313253012048193,0.00067469879518072286,0,0.035614457831325302,0.00028915662650602408,0,0.030313253012048194,0,0.74395180722891563,0,0.05012048192771084,0.19320481927710845,0.00067469879518072286,0,0.0088674698795180723,0.00096385542168674694,0,0.0022168674698795181,0,0.01108433734939759,0,0.096578313253012055,0.35744578313253011,0.0021686746987951808,0,0.13744578313253011,0.00038554216867469878,4.8192771084337347e-005,0.39484337349397591,0,0.0045301204819277107,0,4.8192771084337347e-005,0.78409638554216865,0,0,0.040289156626506027,0,0,0.17103614457831326,0,0.024433734939759037,0,0.11060240963855422,0.74207228915662649,0.00043373493975903612,0,0.048337349397590358,0.00091566265060240965,0,0.073204819277108438,0,0.41450602409638554,0.0093975903614457838,0,0.33416867469879519,0,0,0.056000000000000001,0.00081927710843373496,0,0.18510843373493976,0,0.42520481927710846,0.00057831325301204817,0,0.41334939759036143,0,0,0.040481927710843371,0.00028915662650602408,0,0.12009638554216867,0,0.41431325301204819,0.00038554216867469878,0,0.4895421686746988,0,0,0.03614457831325301,0.0015903614457831326,0,0.058024096385542172,0
3047328323,0.13103614457831325,0.57566265060240962,0.00081927710843373496,0.043710843373493978,0.24385542168674698,0,0,0.00024096385542168674,0,0.0045783132530120485,9.6385542168674694e-005,0.0029397590361445783,0.97585542168674699,0,0.0014457831325301205,0.019710843373493978,0,0,0,0,4.8192771084337347e-005,0,0.088289156626506021,0.48857831325301204,0,0.036048192771084335,0.38679518072289154,0,0,0,0,0.00028915662650602408,0,0.32621686746987955,0.027518072289156627,0.0051084337349397591,0.1531566265060241,0.43691566265060239,0,0.00019277108433734939,0,0,0.050746987951807231,0.00014457831325301204,0.04366265060240964,0.1362409638554217,0.07026506024096385,0.51662650602409643,0.060530120481927713,0,0.00077108433734939755,0.00028915662650602408,0,0.1714698795180723,0.00014457831325301204,0.16674698795180723,0.0018795180722891566,0.01253012048192771,0.29643373493975905,0.47209638554216865,0,0.00057831325301204817,0,0,0.049734939759036145,0,0.07595180722891566,0.00053012048192771087,0.034891566265060243,0.041445783132530119,0.81137349397590364,0,0,0.00014457831325301204,0,0.031277108433734942,0.0043855421686746984,0.027180722891566266,0,0.15508433734939758,0.041590361445783132,0.68395180722891569,0,0.010072289156626507,0.0012530120481927711,0.0099277108433734936,0.051518072289156627,0.019421686746987951,0.10028915662650602,0.00033734939759036143,0.076915662650602415,0.041686746987951807,0.72457831325301203,0,0.0045301204819277107,4.8192771084337347e-005,0,0.035373493975903614,0.016240963855421685
3047328565,0.39306024096385545,0.00024096385542168674,0.00019277108433734939,0.51334939759036147,0.092626506024096389,0,0,0.00014457831325301204,0,0.00038554216867469878,0,0.027710843373493974,0,0,0.97065060240963852,0.00067469879518072286,0,4.8192771084337347e-005,0.00019277108433734939,0,0.00072289156626506026,0,0.064385542168674703,0.11542168674698795,0,0.71142168674698791,0.052048192771084335,0,0.006024096385542169,0.00033734939759036143,0,0.050361445783132529,0,0.29195180722891567,4.8192771084337347e-005,0.022650602409638555,0.54800000000000004,0.135855421686747,0,0,0,0,0.0013493975903614457,0.00014457831325301204,9.6385542168674694e-005,0,0,0.99884337349397589,0,0,0,0,0,0.0010602409638554217,0,0.074265060240963854,0.0045301204819277107,0.031469879518072293,0.68544578313253013,0.10481927710843374,0,0.007614457831325301,0.00077108433734939755,0,0.091084337349397596,0,0.12906024096385543,0.014939759036144579,0.055180722891566267,0.43431325301204821,0.092289156626506025,0,0.0034216867469879517,0.00038554216867469878,0,0.26963855421686744,0.00077108433734939755,0,0,0,0.71151807228915664,0.00014457831325301204,0,0.0030843373493975902,0,0,0.28525301204819276,0,0,0,0.027277108433734938,0.52342168674698797,0.06240963855421687,0,0.0019277108433734939,0,0,0.38481927710843372,0.00014457831325301204
3047386185,0,1,0,0,0,0,0,0,0,0,0,0.002457831325301205,0.936578313253012,0,0.037397590361445784,0,0,0.00014457831325301204,9.6385542168674694e-005,0,0.023325301204819276,0,0,0.96414457831325306,0,0.034602409638554217,0,0,0,0.0012530120481927711,0,0,0,0.24390361445783132,0.62356626506024093,0.00057831325301204817,0.020289156626506023,0.076867469879518077,0,4.8192771084337347e-005,9.6385542168674694e-005,0,0.034650602409638555,0,0.047373493975903617,0.36274698795180721,0,0.2099277108433735,0.004240963855421687,0,0.0037590361445783132,0.00014457831325301204,0,0.37180722891566265,0,0.15918072289156626,0.58954216867469877,0.00062650602409638557,0.074313253012048192,0.167855421686747,0,0.0010120481927710842,0.0021204819277108435,0.00019277108433734939,0.005156626506024096,0,0.25889156626506021,0.00014457831325301204,0.073831325301204814,0.37546987951807231,0.17493975903614459,0,0.0053012048192771083,0.00038554216867469878,0.00014457831325301204,0.11089156626506023,0,0.0796144578313253,0.00019277108433734939,0.17243373493975903,0.32486746987951809,0.055373493975903618,0.00053012048192771087,0.014072289156626507,0.00043373493975903612,0.016096385542168676,0.33532530120481929,0.0010602409638554217,0.3446746987951807,0.0019277108433734939,0.076192771084337349,0.26269879518072287,0.24891566265060242,0,0.0031325301204819275,0.00096385542168674694,0.00014457831325301204,0.061349397590361447,0
3047544699,0.022698795180722892,0.6409156626506024,4.8192771084337347e-005,0.016626506024096384,0.31706024096385543,0,0,4.8192771084337347e-005,0,0.0026024096385542169,0,0.063373493975903611,0.60130120481927707,0.00053012048192771087,0.092048192771084336,0.21908433734939758,0,0,0.00019277108433734939,0,0.023469879518072289,0,0.062602409638554221,0.67436144578313251,9.6385542168674694e-005,0.026216867469879519,0.20062650602409637,0,0,4.8192771084337347e-005,0,0.036048192771084335,0,0.1112289156626506,0.00024096385542168674,0.10713253012048193,0.29681927710843375,0.43257831325301205,0.0013493975903614457,0.0049156626506024099,0,0.00014457831325301204,0.031036144578313253,0.014554216867469879,0.11339759036144578,0.00028915662650602408,0.15508433734939758,0.15937349397590361,0.50380722891566265,0.00019277108433734939,0.0044337349397590362,0.00019277108433734939,0.00024096385542168674,0.044096385542168673,0.01889156626506024,0.085590361445783136,0.0036144578313253013,0.067228915662650601,0.28795180722891567,0.48240963855421687,0,0.0039518072289156624,0.00028915662650602408,0,0.066168674698795185,0.0027951807228915665,0.0031325301204819275,0,0.030361445783132532,0.22293975903614457,0.70443373493975903,0,0.00057831325301204817,0,0,0.016867469879518072,0.021686746987951807,0.0014457831325301205,0,0.04597590361445783,0.019903614457831325,0.86795180722891563,0,4.8192771084337347e-005,0,0,0.0045301204819277107,0.060144578313253011,0.0015421686746987951,0,0.0098795180722891559,0.027759036144578312,0.95315662650602406,0,0.00019277108433734939,0,0,0.0013975903614457832,0.0060722891566265058
3048165604,0.39171084337349399,0.11296385542168674,0,0.055566265060240962,0.34110843373493976,0,4.8192771084337347e-005,9.6385542168674694e-005,0,0.098506024096385536,0,0.060144578313253011,0.33865060240963857,0,0.038457831325301207,0.17778313253012049,0,0,0,0,0.38496385542168676,0,0.10896385542168675,0.64048192771084334,0.00033734939759036143,0.054457831325301208,0.13387951807228915,0,0.00038554216867469878,0.00081927710843373496,0,0.060674698795180726,0,0.30568674698795179,0.0019277108433734939,0.00891566265060241,0.084385542168674693,0.54510843373493978,0,0.00019277108433734939,0.0010602409638554217,0,0.051518072289156627,0.0012048192771084338,0.16872289156626505,0.0011566265060240963,0.10110843373493976,0.062120481927710844,0.46737349397590361,4.8192771084337347e-005,0.0057831325301204821,0,4.8192771084337347e-005,0.17465060240963856,0.018987951807228915,0.32573493975903617,0.0019277108433734939,0.011855421686746989,0.081349397590361444,0.50650602409638557,0,0.00028915662650602408,0,0,0.055903614457831326,0.016433734939759036,0.006698795180722892,0,0.22896385542168673,0.00062650602409638557,0.56462650602409636,0,0,0,0,0,0.19908433734939759,0.11455421686746987,0,0.087036144578313254,0.0037108433734939759,0.58650602409638553,0,0,0,0,0,0.20819277108433734,0.074650602409638556,0,0.14578313253012049,0.011421686746987951,0.66761445783132534,0,0.00067469879518072286,0,0.00014457831325301204,0.0012048192771084338,0.098506024096385536
3048165664,0.16790361445783133,0.32549397590361445,0,0.025349397590361446,0.47334939759036143,0,0,0,0,0.0079036144578313247,0,0.12240963855421687,0.46853012048192771,0,0.043277108433734938,0.26906024096385545,0,0,0,0,0.096722891566265054,0,0.076867469879518077,0.60236144578313255,0,0.014843373493975904,0.24390361445783132,0,0,0,0,0.062024096385542168,0,0.15951807228915663,9.6385542168674694e-005,0.20650602409638555,0.041542168674698794,0.44679518072289159,0,0.13113253012048193,4.8192771084337347e-005,0,0.014265060240963856,9.6385542168674694e-005,0.18057831325301205,0.013638554216867469,0.15248192771084337,0.2516144578313253,0.15918072289156626,0,0.059180722891566263,0.0014457831325301205,0,0.18183132530120483,4.8192771084337347e-005,0.18265060240963854,0.051132530120481925,0.023759036144578312,0.14881927710843373,0.27546987951807228,0,0.0036626506024096386,0.0011566265060240963,0,0.31334939759036146,0,0.13156626506024097,0.01074698795180723,0.028963855421686748,0.17040963855421687,0.61927710843373496,0,0.00038554216867469878,0.0012530120481927711,0,0.037349397590361447,4.8192771084337347e-005,0.20265060240963856,4.8192771084337347e-005,0.014265060240963856,0.15387951807228917,0.61599999999999999,0,0.00043373493975903612,9.6385542168674694e-005,0,0.011469879518072289,0.0011566265060240963,0.08467469879518072,9.6385542168674694e-005,0.0044337349397590362,0.10501204819277109,0.64371084337349394,0,0.00067469879518072286,0.0022168674698795181,0,0.15874698795180722,0.00043373493975903612
3048166022,0.19672289156626507,0.12530120481927712,0.00072289156626506026,0.55354216867469874,0.085204819277108435,0,0,0.00024096385542168674,0,0.038265060240963857,0,0.0082891566265060248,0.0019759036144578312,0.001783132530120482,0.95836144578313254,0.029590361445783132,0,0,0,0,0,0,0.2002409638554217,0.083807228915662654,0.0043855421686746984,0.56332530120481927,0.053638554216867466,0,0,0.00024096385542168674,0,0.094361445783132533,0,0.077349397590361441,0.021783132530120482,0.00053012048192771087,0.56602409638554219,0.23421686746987952,0,4.8192771084337347e-005,0.00057831325301204817,0,0.066457831325301212,0.033012048192771086,0.00067469879518072286,0,0,0.96255421686746989,0.036771084337349401,0,0,0,0,0,0,0.032433734939759033,0.0035180722891566267,0.0053975903614457829,0.54453012048192773,0.2893975903614458,0,9.6385542168674694e-005,0,0,0.013590361445783133,0.11103614457831325,0.023469879518072289,0.13643373493975905,0.089253012048192776,0.54930120481927713,0.022409638554216866,0,0.00024096385542168674,0.00024096385542168674,0,0.17860240963855423,4.8192771084337347e-005,0.020674698795180722,0.27277108433734942,0,0.6692048192771084,0.037349397590361447,0,0,0,0,0,0,0.039084337349397591,0.33455421686746989,0.02583132530120482,0.44877108433734941,0.1188433734939759,0,0.00048192771084337347,0,0,0.0089638554216867478,0.023469879518072289
3048166040,0.073108433734939762,0,0.001783132530120482,0.77961445783132532,9.6385542168674694e-005,0,0.11874698795180723,0.00038554216867469878,0,0.026265060240963856,0,0.2196144578313253,4.8192771084337347e-005,0.00091566265060240965,0.76800000000000002,0.00077108433734939755,0,0.0047228915662650599,0.00053012048192771087,0,0.0053975903614457829,0,0.46939759036144579,0.0089638554216867478,0,0.51286746987951803,0,0,0.0022650602409638554,0.0019759036144578312,0,0.0045301204819277107,0,0,0,0,0.8885301204819277,0,0,0.087903614457831319,0,0,0.023566265060240964,0,0,0,0,0.99980722891566265,0,0,4.8192771084337347e-005,0,0,0.00014457831325301204,0,0.37171084337349397,0.0010120481927710842,0,0.62655421686746993,0,0,0.00067469879518072286,0,0,4.8192771084337347e-005,0,0,0,0,0.71113253012048194,0,0,0.039710843373493974,0.00057831325301204817,0,0.24857831325301205,0,0.0010602409638554217,0,0.00019277108433734939,0.7899759036144578,0,0,0.011325301204819277,0,0,0.19744578313253011,0,0.10886746987951808,0.0026506024096385541,0,0.67185542168674695,0,0,0.0072289156626506026,0.00033734939759036143,0,0.20906024096385542,0
3048166094,0,0.086602409638554215,0.0025542168674698796,0.87180722891566265,0.016337349397590361,0,0,0,0,0.022698795180722892,0,0,0.018650602409638554,0.0025542168674698796,0.96134939759036142,0.017301204819277109,0,0,0,0,0.00014457831325301204,0,0,0.054313253012048195,0.0025060240963855423,0.81845783132530125,0.017301204819277109,0,0,0,0,0.10732530120481927,9.6385542168674694e-005,0,0.024867469879518073,0,0.96183132530120485,0,0,0,0,0,0.013301204819277108,0,0,0.00096385542168674694,0,0.97373493975903613,4.8192771084337347e-005,0,0,0,0,0.025253012048192771,0,0,0.046650602409638552,0,0.87151807228915668,0,0,0,0,0,0.081831325301204821,0,4.8192771084337347e-005,0.32419277108433736,0,0.67402409638554217,0.00091566265060240965,0,0,0,0,0.00081927710843373496,0,0,0.27922891566265062,0,0.70713253012048194,0.00038554216867469878,0,0,0,0,0.013253012048192771,0,0,0.280289156626506,0,0.66207228915662653,0.00057831325301204817,0,0,0,0,0.057060240963855424,0
35650678,0.010216867469879518,0.78154216867469883,0.0025060240963855423,0.091277108433734946,0.027855421686746987,0,0.005349397590361446,0.0075662650602409641,0.0026987951807228914,0.070506024096385539,0.00048192771084337347,0.0027951807228915665,0.49913253012048192,0.010506024096385543,0.22144578313253013,0.0096867469879518067,0,0.0094457831325301198,0.0074216867469879518,4.8192771084337347e-005,0.2383132530120482,0.0012048192771084338,0,0.89600000000000002,4.8192771084337347e-005,0.027566265060240965,0,0,0.0018795180722891566,0.0013012048192771084,0,0.073204819277108438,0,0.10472289156626506,0.23219277108433736,0.036337349397590361,0.24809638554216867,0.21166265060240963,0,0.011421686746987951,0.0020722891566265062,9.6385542168674694e-005,0.14766265060240963,0.0057349397590361444,0.10289156626506024,0.0070361445783132534,0.076771084337349402,0.47845783132530123,0.052433734939759037,0,0.020289156626506023,0.0069879518072289157,0.00019277108433734939,0.25055421686746987,0.0043855421686746984,0.040819277108433735,0.46361445783132532,0.025590361445783132,0.20332530120481929,0.02457831325301205,0,0.020240963855421686,0.0039036144578313255,0.00019277108433734939,0.21291566265060241,0.0048192771084337354,0.18790361445783132,0.017397590361445784,0.039566265060240961,0.43310843373493974,0.27074698795180724,4.8192771084337347e-005,0.0052048192771084337,0.01074698795180723,0.0018313253012048193,0.027710843373493974,0.0057349397590361444,0.22973493975903614,0.007614457831325301,0.09807228915662651,0.47431325301204819,0.071084337349397592,0,0.011566265060240964,0.0072771084337349395,0.0020722891566265062,0.095421686746987949,0.0028433734939759038,0.049927710843373496,0.005349397590361446,0.11281927710843373,0.62689156626506026,0.024048192771084338,0.00014457831325301204,0.020289156626506023,0.0092048192771084329,0.001783132530120482,0.14501204819277108,0.0045301204819277107
3687580510,0.14879694835680751,0.11960093896713615,0.0032570422535211268,0.5995598591549296,0.11411384976525822,0,2.9342723004694835e-005,0,0,0.014642018779342724,0,0.02335680751173709,0.011502347417840376,0.00073356807511737085,0.79468896713615023,0.16901408450704225,0,0,0,0,0.00070422535211267609,0,0.065463615023474184,0.0036091549295774648,0.0029342723004694834,0.76470070422535208,0.16299882629107981,0,0,0,0,0.00029342723004694836,0,0.22884389671361502,0,0.021801643192488264,0.73069248826291078,0.018661971830985915,0,0,0,0,0,0,0.22813967136150234,0,0.0033744131455399062,0.75214201877934272,0.016343896713615025,0,0,0,0,0,0,0.21402582159624414,0,0.00023474178403755868,0.77907863849765258,0.0066607981220657281,0,0,0,0,0,0,0.62092136150234745,0,5.868544600938967e-005,0.35730633802816902,0.02171361502347418,0,0,0,0,0,0,0.56919014084507047,0,0,0.42846244131455397,0.0023474178403755869,0,0,0,0,0,0,0.45586854460093895,0,0.0062500000000000003,0.53456572769953048,0.0033157276995305165,0,0,0,0,0,0
3931961891,0.6818368544600939,0.025381455399061031,0.0051056338028169015,0.04325117370892019,0.22021713615023475,0,0.0026701877934272302,0.0047241784037558689,0.00023474178403755868,0.015287558685446009,0.0012910798122065727,0.42585093896713616,0.089260563380281696,0.022271126760563382,0.094806338028169013,0.12127347417840376,5.868544600938967e-005,0.009477699530516432,0.0054870892018779342,0.00038145539906103286,0.22294600938967135,0.0081866197183098587,0.12461854460093896,0.16924882629107982,0.021126760563380281,0.30569248826291079,0.088321596244131453,0,0.0073063380281690139,0.0099765258215962441,0.00055751173708920186,0.27071596244131457,0.0024354460093896713,0.33714788732394368,0.016373239436619717,0.0047535211267605631,0.17846244131455399,0.42411971830985917,8.8028169014084512e-005,0.0022887323943661972,0.0032570422535211268,0.00020539906103286384,0.031015258215962443,0.0022887323943661972,0.49333920187793429,0.022476525821596243,0.02039319248826291,0.21728286384976525,0.1790199530516432,5.868544600938967e-005,0.0039319248826291077,0.00085093896713615022,0.00099765258215962446,0.058450704225352111,0.003198356807511737,0.16563967136150234,0.077083333333333337,0.020833333333333332,0.08949530516431925,0.54688967136150235,5.868544600938967e-005,0.0047241784037558689,0.0022300469483568074,0.00058685446009389673,0.082482394366197184,0.0099765258215962441,0.044835680751173709,0.0030223004694835682,0.10695422535211267,0.074794600938967143,0.52227112676056342,0.0014964788732394366,0.007335680751173709,0.0012323943661971832,0.00073356807511737085,0.087118544600938971,0.15020539906103286,0.16816314553990611,0.013028169014084507,0.18914319248826292,0.070481220657276994,0.30011737089201879,0.00064553990610328636,0.0082159624413145546,0.0029342723004694834,8.8028169014084512e-005,0.11757629107981221,0.12960680751173709,0.24284037558685445,0.024442488262910799,0.0088028169014084511,0.028638497652582161,0.64683098591549293,0,0.00096830985915492959,0.0025528169014084508,0.00035211267605633805,0.032570422535211266,0.012001173708920189
3931963863,0.12447183098591549,0.83846830985915488,0.00052816901408450699,0.0028169014084507044,0.020627934272300471,2.9342723004694835e-005,0.0022007042253521128,0.0028755868544600941,0.0018779342723004694,0.0060739436619718307,2.9342723004694835e-005,0.18298122065727698,0.6733274647887324,0.011238262910798122,0.07811032863849765,0.01886737089201878,0,0.0027288732394366196,0.0029049295774647888,2.9342723004694835e-005,0.025586854460093896,0.0042253521126760559,0.51863262910798125,0.34407276995305164,0.0010856807511737088,0.027112676056338027,0.09583333333333334,0,0,0.006396713615023474,2.9342723004694835e-005,0.0068368544600938969,0,0.29380868544600941,0.505575117370892,0.0043133802816901412,0.16159037558685446,0.020892018779342724,0,0.00067488262910798123,0.0019072769953051643,0.00029342723004694836,0.010915492957746478,2.9342723004694835e-005,0.47643779342723003,0.055604460093896711,0.026613849765258216,0.35765845070422536,0.066402582159624413,0,0.0010856807511737088,0.00032276995305164318,0,0.015639671361502346,0.00023474178403755868,0.14477699530516433,0.62338615023474175,0.0088028169014084511,0.14401408450704226,0.020481220657276995,0,0.00011737089201877934,0.00070422535211267609,0,0.057570422535211267,0.00014671361502347418,0.67453051643192485,0.0078931924882629113,0.048210093896713616,0.076291079812206578,0.170481220657277,0,0.00055751173708920186,0.0029342723004694834,0.0033450704225352111,0.014524647887323943,0.0012323943661971832,0.58051643192488267,0.00090962441314553996,0.027112676056338027,0.31112089201877935,0.053110328638497656,2.9342723004694835e-005,0.0019366197183098592,0.0026995305164319249,0.00017605633802816902,0.021860328638497652,0.00052816901408450699,0.47890258215962439,0.012617370892018779,0.03447769953051643,0.36173708920187791,0.098122065727699534,0,0.00085093896713615022,0.0018485915492957746,0.0029929577464788732,0.0083626760563380274,8.8028169014084512e-005
3931966011,0.14181338028169013,0.65806924882629103,0.00076291079812206572,0.0055164319248826293,0.19328051643192487,0,0,0.00055751173708920186,0,0,0,0.00099765258215962446,0.96916079812206568,0.0074530516431924885,0.0053110328638497654,0.0021713615023474177,0,0.00085093896713615022,0.00035211267605633805,0,0.0084507042253521118,0.0052523474178403752,0,0.99944248826291082,0,2.9342723004694835e-005,0,0,0,0,0,0.00052816901408450699,0,0.44207746478873239,0.08315727699530516,0.0016138497652582161,0.017077464788732396,0.45284624413145541,0,2.9342723004694835e-005,0.0010856807511737088,0,0.0019072769953051643,0.00020539906103286384,0.11895539906103286,0.29677230046948355,0.049266431924882628,0.17919600938967137,0.18218896713615024,0,0.00710093896713615,0.0010269953051643193,0.0048415492957746475,0.14644953051643192,0.0142018779342723,0.38215962441314555,0.30739436619718308,0.0017018779342723004,0.080428403755868544,0.20930164319248826,0,0.00041079812206572768,0.00067488262910798123,0,0.017517605633802818,0.00041079812206572768,0.42450117370892021,0.00079225352112676059,0.016197183098591549,0.043720657276995305,0.4885269953051643,0,0.0022887323943661972,0.001056338028169014,0.00026408450704225349,0.016373239436619717,0.0062793427230046946,0.44263497652582162,0.0024647887323943664,0.03550469483568075,0.043838028169014082,0.42089201877934274,0,0.0025234741784037557,0.0012030516431924883,0.0016138497652582161,0.041549295774647887,0.0077758215962441318,0.90877347417840371,0,0.0024061032863849766,0.011971830985915493,0.075088028169014082,0,0.00017605633802816902,0.00026408450704225349,5.868544600938967e-005,0.001056338028169014,0.00020539906103286384
3932742776,0.48444835680751175,0.12009976525821596,0.0019072769953051643,0.029166666666666667,0.36229460093896715,0,0,0.0014964788732394366,0,0.00049882629107981223,8.8028169014084512e-005,0.088145539906103285,0.45390258215962442,0.0075997652582159621,0.13623826291079813,0.22875586854460095,0,0.0038732394366197184,0.0013204225352112676,0,0.077318075117370891,0.002846244131455399,2.9342723004694835e-005,0.96643192488262908,5.868544600938967e-005,0.00082159624413145535,0.00011737089201877934,0,5.868544600938967e-005,0,0,0.032482394366197181,0,0.36534624413145539,0.081367370892018773,0.03629694835680751,0.23670774647887324,0.23723591549295775,2.9342723004694835e-005,0.0089788732394366199,0.0049295774647887328,0.0012617370892018778,0.022535211267605635,0.0053110328638497654,0.2357100938967136,0.052024647887323944,0.055897887323943664,0.46493544600938969,0.029401408450704224,0,0.0067194835680751174,0.00093896713615023472,0.00023474178403755868,0.15234741784037559,0.001789906103286385,0.23782276995305165,0.11769366197183098,0.065551643192488268,0.23424295774647888,0.099941314553990607,0,0.0076291079812206572,0.0041373239436619715,0.0018192488262910799,0.22831572769953051,0.002846244131455399,0.43025234741784035,0.0012617370892018778,0.033920187793427231,0.06393779342723005,0.45909624413145539,0,0.00085093896713615022,0.0014377934272300471,0.00017605633802816902,0.0026115023474178405,0.0064553990610328642,0.52018779342723009,0.011238262910798122,0.039964788732394368,0.074735915492957744,0.32693661971830984,0,0.0011150234741784037,0.00064553990610328636,2.9342723004694835e-005,0.017018779342723004,0.0081279342723004702,0.53576877934272304,0.083597417840375582,0.0255575117370892,0.062822769953051638,0.27755281690140843,0.00044014084507042255,0.00085093896713615022,0.00070422535211267609,0.0056924882629107981,0.0019072769953051643,0.0051056338028169015
3932744920,0.10020539906103286,0.82502934272300466,0.0011150234741784037,0.0073063380281690139,0.064612676056338025,0,0,0.00082159624413145535,0,0.00090962441314553996,0,0.093280516431924879,0.7044600938967136,0.017517605633802818,0.10698356807511737,0.016461267605633802,0,0.0058978873239436619,0.0030516431924882629,0,0.047388497652582157,0.004958920187793427,0.018749999999999999,0.9716255868544601,0.00020539906103286384,0.0030516431924882629,0.0058098591549295775,0,2.9342723004694835e-005,0.00014671361502347418,0,0.00038145539906103286,0,0.24072769953051643,0.51519953051643197,0.011619718309859155,0.13210093896713615,0.021068075117370893,0,0.0047535211267605631,0.0032276995305164321,0.00073356807511737085,0.069131455399061029,0.0014377934272300471,0.44906103286384974,0.096126760563380279,0.035269953051643189,0.31634389671361501,0.064906103286384978,0,0.0034037558685446009,0.00029342723004694836,0,0.032071596244131452,0.0025234741784037557,0.41355633802816899,0.34333920187793426,0.02335680751173709,0.1897300469483568,0.018691314553990611,0,0.00035211267605633805,0.00073356807511737085,0,0.0095070422535211262,0.00073356807511737085,0.7299589201877934,0.0511150234741784,0.02699530516431925,0.098210093896713618,0.029078638497652583,0,0.0070422535211267607,0.0032863849765258214,0.00046948356807511736,0.050762910798122063,0.0030809859154929575,0.4488556338028169,0.005663145539906103,0.027171361502347419,0.45630868544600939,0.021068075117370893,0,0.0044307511737089198,0.00067488262910798123,0,0.032629107981220658,0.003198356807511737,0.72488262910798118,0.00046948356807511736,0.049501173708920189,0.13876173708920186,0.077200704225352107,0,0.0011150234741784037,0.0012617370892018778,0.0031103286384976526,0.0034624413145539906,0.00023474178403755868
3932746846,0.56731220657276993,0.40563380281690142,0.00046948356807511736,0.0032276995305164321,0.022740610328638496,0,0,0.00058685446009389673,0,0,2.9342723004694835e-005,0.0076291079812206572,0.8808098591549296,0.044102112676056335,0.027963615023474178,0.0081279342723004702,2.9342723004694835e-005,0.0064847417840375584,0.00041079812206572768,0,0.017869718309859155,0.0065727699530516428,0.032012910798122067,0.93427230046948362,0.00058685446009389673,0.0077171361502347416,0.024794600938967137,0,2.9342723004694835e-005,0.00052816901408450699,0,5.868544600938967e-005,0,0.41930751173708919,0.41528755868544603,0.0013791079812206573,0.013820422535211268,0.14879694835680751,0,0,0.0012030516431924883,0,0.00017605633802816902,2.9342723004694835e-005,0.25305164319248824,0.11117957746478874,0.093808685446009385,0.29950117370892021,0.035416666666666666,0,0.013879107981220657,0.00090962441314553996,0.024941314553990609,0.16053403755868545,0.0067781690140845067,0.54448356807511733,0.31478873239436622,0.0034624413145539906,0.037235915492957745,0.092723004694835687,0,0.00026408450704225349,0.0017605633802816902,0,0.0051056338028169015,0.00017605633802816902,0.43653169014084509,0.021860328638497652,0.026672535211267605,0.10363849765258216,0.36426056338028168,0,0.0048415492957746475,0.0032570422535211268,5.868544600938967e-005,0.030105633802816903,0.0087734741784037552,0.23201291079812206,0.011619718309859155,0.1153169014084507,0.39460093896713616,0.074237089201877937,0,0.018427230046948358,0.0041960093896713617,0.00020539906103286384,0.13280516431924883,0.016578638497652582,0.98356807511737088,0,2.9342723004694835e-005,0.0091842723004694829,0.0069542253521126763,0,0,0,0,0.00026408450704225349,0
3932749978,0.34527582159624415,0.0044307511737089198,0.036502347417840378,0.2641725352112676,0.28958333333333336,0.0022593896713615025,0.0072769953051643197,0.003198356807511737,0.0040199530516431929,0.013409624413145541,0.029870892018779342,0.14821009389671361,0.012177230046948357,0.10575117370892019,0.3153462441314554,0.16382042253521126,0.0017312206572769953,0.027112676056338027,0.0046068075117370894,0.0026995305164319249,0.11525821596244132,0.10328638497652583,0.22705399061032863,0.00093896713615023472,0.046537558685446012,0.33659037558685445,0.18978873239436619,0.00014671361502347418,0.017077464788732396,0.0034917840375586853,0.003902582159624413,0.16434859154929576,0.010123239436619719,0.039847417840375585,0.00017605633802816902,0.033626760563380279,0.69644953051643188,0.19548122065727699,0.0011737089201877935,0.0026408450704225352,0.00026408450704225349,0,0.013556338028169013,0.016784037558685447,0.042987089201877937,0.00070422535211267609,2.9342723004694835e-005,0.95586854460093895,0.00041079812206572768,0,0,0,0,0,0,0.021566901408450703,0.00023474178403755868,2.9342723004694835e-005,0.89014084507042257,0.088028169014084501,0,0,0,0,0,0,0.040874413145539905,8.8028169014084512e-005,0.015522300469483568,0.096038732394366194,0.82643779342723001,0.00055751173708920186,0.00014671361502347418,0.00035211267605633805,2.9342723004694835e-005,0.00032276995305164318,0.019630281690140847,0.0568075117370892,0.00011737089201877934,0.001789906103286385,0.36860328638497653,0.57265258215962445,0,0,0,0,2.9342723004694835e-005,0,0.061384976525821595,5.868544600938967e-005,0.0037265258215962442,0.4546361502347418,0.480193661971831,0,0,0,0,0,0
3932751200,0.8918720657276995,0.040903755868544604,0.0026408450704225352,0.0047828638497652582,0.058802816901408449,0,0,0.00099765258215962446,0,0,0,0.28342136150234742,0.35724765258215962,0.0081572769953051644,0.034301643192488261,0.27406103286384975,0,0.0029049295774647888,0.0019072769953051643,2.9342723004694835e-005,0.032775821596244134,0.0051936619718309859,0.40178990610328641,0.5169600938967136,0.00041079812206572768,0.010240610328638497,0.065199530516431931,0,0,0.0032276995305164321,0,0.0021713615023474177,0,0.6931044600938967,0.011003521126760563,0.013468309859154929,0.078961267605633809,0.18961267605633803,0,0.0016431924882629107,0.0013497652582159625,0,0.0096537558685446008,0.0012030516431924883,0.21563967136150236,0.083597417840375582,0.051379107981220661,0.42485328638497655,0.12863849765258217,0,0.0090669014084507043,0.00079225352112676059,0,0.083685446009389666,0.0023474178403755869,0.41930751173708919,0.28327464788732393,0.0089495305164319257,0.11872065727699531,0.11916079812206573,0.00011737089201877934,0.0026408450704225352,0.0024354460093896713,0.00088028169014084509,0.044160798122065727,0.00035211267605633805,0.62614436619718306,0.0034917840375586853,0.049765258215962442,0.076379107981220662,0.20528169014084507,2.9342723004694835e-005,0.0053403755868544605,0.0038145539906103286,0.0029342723004694834,0.020686619718309859,0.0061326291079812209,0.47925469483568073,0.0086854460093896708,0.02852112676056338,0.16854460093896714,0.22467723004694837,0,0.0061326291079812209,0.0032570422535211268,5.868544600938967e-005,0.074266431924882623,0.0066021126760563379,0.7189847417840376,0.038996478873239433,0.030017605633802819,0.035651408450704226,0.16367370892018779,0,0.0017018779342723004,0.0029636150234741785,0.0035211267605633804,0.0019366197183098592,0.0025528169014084508
530728461,0.09541757587780203,0.23913905971037491,0.03838524102360643,0.16038484427692917,0.1916286451100972,3.3062223103881503e-005,0.0040997156648813066,0.014745751504331151,0.0014216755934669048,0.2544138067843682,0.00033062223103881507,0.16501355551147259,0.093202406929841969,0.30258546584672352,0.11138662963697679,0.14008463929114592,3.3062223103881503e-005,0.004529524565231766,0.0093896713615023476,0.0018184222707134828,0.17136150234741784,0.00059512001586986714,0.25772002909475633,0.098591549295774641,0.15969053759174767,0.092970971368114788,0.2166898102228394,0.00026449778483105202,0.0063148846128413677,0.0097864180387489258,0.003008662302453217,0.15324340408649079,0.0017192356014018382,0.068703299609865764,0.021953316140977321,0.26211730476757256,0.34371487138795215,0.17658533359783113,0,0.010083978046683859,0.0044634001190240035,0.00046287112345434105,0.10345169609204523,0.0084639291145936647,0.026615089598624613,9.9186669311644515e-005,0.56810817959399595,0.217913112477683,0.1869999338755538,0,0,0,0.00013224889241552601,0.00013224889241552601,0,0.065661575084308671,0.013026515902929314,0.28734378099583419,0.39763935727038285,0.12976922568273491,0,0.004000528995569662,0.0025127289558949943,0.0013555511472591417,0.097335184817827144,0.0013555511472591417,0.074224690868213983,0.0063810090590491302,0.42276664682933279,0.21463995239039874,0.20458903656681876,0.0021159822786484162,0.0016531111551940753,0.00082655557759703767,0.0026119156252066389,0.026086094028962507,0.044105005620577925,0.067513059578126033,0.00079349335449315612,0.38008331680222179,0.23976724194934868,0.26142299808239106,0.0004959333465582226,0.00056205779276598559,0.00019837333862328903,0.00082655557759703767,0.0004959333465582226,0.04784103683131654,0.05673477484626066,0.0096211069232295179,0.31237188388547243,0.34827745817628775,0.20296898763472856,0.0013886133703630231,0.0051907690273093965,0.0014216755934669048,0.012596707002578854,0.012332209217747801,0.03709581432255505
5530804554,0,0,0.78322610560482231,0.1635947371471628,0.00072451167912826757,0.0037094997971367297,0.0001159218686605228,0,2.8980467165130701e-005,0.0001449023358256535,0.048455341100098533,0,0,0.84501246160088106,0.12580420796383238,0.00075349214629339821,0.022343940184315771,0.0011881991537703589,0,0.0002318437373210456,0.0002318437373210456,0.0044340114762649978,0,0,0.74818872080217935,0.24192893989451109,0.0002318437373210456,0.0045789138120906512,8.6941401495392102e-005,0,5.7960934330261401e-005,0,0.004926679418072219,0.1470758708630383,0,0.55462818060627139,0.24911609575146351,0.012084854807859502,0.0075928823972642437,0,0,5.7960934330261401e-005,0,0.029444154639772794,0.38671535385150407,0,0.47107749376919955,0.054802063409262157,0.013417956297455515,0.056424969570509478,0.00075349214629339821,0,0,0.00034776560598156841,0.01646090534979424,0.058569524140729148,0.0076508433315945054,0.76795339940879848,0.10711180664232307,0.0049846403524024807,0.014374311713904828,0.016171100678142931,0.00031878513881643771,0.0082594331420622509,0.003216831855329508,0.011389323595896365,0.36886338607778357,0,0.14846693328696459,0.38787457253810931,0.022517822987306556,0.045238509244769028,0.0001159218686605228,0.0001159218686605228,0.00205761316872428,0.012461600881006202,0.012287718078015418,0.80557004578913816,2.8980467165130701e-005,0.039703240016229061,0.028632701559149133,0.0024343592418709791,0.0089839448211905173,0.0037674607314669914,0.0001159218686605228,0.052454645568886571,0.033936127050368053,0.024372572885874921,0.10490929113777314,0,0.047585927085144614,0.060945922448269865,0.0048107575494116964,0.0013041210224308817,0.0079116675360806823,0.0001449023358256535,0.7050368051932997,0.066336289340984178,0.0010143163507795746
7244309706,0.35727038286054352,0.093004033591218671,0.14276267936256035,0.11006414071282153,0.1162137142101435,0.037161938768762809,0.010414600277722674,0.018316471599550355,0.026152218475170269,0.075282682007538182,0.013357138133968128,0.028962507439000199,0.078886464325861272,0.071116841896449123,0.02810288963829928,0.068438801825034715,0.049626396878926136,0.024201547312041261,0.007637373536996628,0.032136480856972821,0.60368313165377241,0.0072075646366461677,0.00013224889241552601,0.0010249289162203266,0.00029756000793493357,0.00072736890828539312,0.015473120412616545,0,9.9186669311644515e-005,3.3062223103881503e-005,0,0.98012960391456716,0.0020829200555445349,0.35422865833498646,0.00042980890035045955,0.22141770812669445,0.0042319645572968323,0.074687561991668316,0.28572373206374396,0.00033062223103881507,0.0013224889241552603,0.049494147986510612,0.00069430668518151157,0.0074390001983733389,0.052601996958275478,0.02635059181379356,0.077001917608940026,0.03223566752628447,0.19658797857567942,0.16600542220458903,0.10345169609204523,0.0094557958077101101,0.099385042650267805,0.2034649209812868,0.033458969781128084,0.17126231567810621,0.064901143952919391,0.083449051114196912,0.037624809892217149,0.40845070422535212,0.00052899556966210404,0.0018845467169212459,0.0060834490511141965,0.0029094756331415725,0.14064669708391192,0.082258811082457181,0.075315744230642065,0.53203729418766121,0.089565562388414996,0.085069100046287108,0.033822654235270783,0.067777557362957083,0.005091582357997752,0.015307809297097137,0.016531111551940751,0.076109237585135228,0.0033723467565959135,0.0057197645969715005,0.15873173312173511,0.055412285922105405,0.0074720624214772201,0.020531640547510416,0.19159558288699333,0.011538715863254645,0.021887191694769555,0.074588375322356681,0.44300072736890828,0.0095219202539178743,0.21999603253322753,0.32754744429015409,0.0094557958077101101,0.050783574687561991,0.1371090392117966,0.0021821067248561795,0.0038352178800502546,0.0085631157839053101,0.00016531111551940753,0.23335317066719566,0.0070091912980228786
