1130496707,0.15274180519709665,19.976122182592139,45770.061548566249,17836.858362640196,23.5287558685446,0.64157961180608181,114.58658618711496,0.098364059732823333,5.6643664406417189,13.18523274713719,5369.1445140049382,0.1532009990662655,19.787306510121009,60959.033630548554,21637.349237116829,28.257433489827857,0.67579455141118061,49.751945282862124,0.10722926047639912,3.0369601963285051,13.392045450479019,2077.0593345886523,0.15886695075364662,19.330546717053238,43992.965741680673,17666.418734591862,22.895898437500001,0.63707667871142648,87.718904347974444,0.10549226464628453,5.6267366717445118,12.370812372443606,3462.8500516092708,0.1555654736568389,19.745513205491697,60991.681825165157,21369.275129540914,28.012128325508606,0.6788746912468322,49.68459056690736,0.10987019175351627,3.0252579891204983,13.401833092398606,2080.9807329711307
1355064292,0.19809941868300021,16.80455850075975,7969.0476785412793,4771.8668580111434,8.751477541371159,0.53640126440909663,974.30788451798071,0.11372256479021459,56.432527060331701,8.8224306890692485,51454.017491136248,0.26433286908373088,13.889729779923856,12857.864704243662,7783.3483610363082,12.729314420803783,0.56695421672548829,512.78712043829512,0.17175942802553262,14.274354132949952,7.6636857904748101,29950.581298170677,0.29237338061413504,12.137274746282083,9537.9426780242338,7090.9866745382478,6.9474609374999998,0.53492194065528575,1685.8201906047061,0.18283072383727919,37.679405220729691,6.550072550706914,101591.03173933823,0.26191694248932468,14.143944523570479,12529.779658642508,7621.6811272735767,12.656323877068559,0.56098503717309456,466.64344252725959,0.16761020903845733,13.082412505442065,7.7507976994535186,27299.715566555373
1355567566,0.20893917188890618,11.346917485156206,32798.774773874924,20915.38614949226,21.576867816091955,0.62434153415139493,327.59207591143667,0.13478288462811772,7.7151998470447882,7.2394510471865336,19455.492569779701,0.2074655502204108,11.772596191830608,40601.759224144742,22926.803744963261,24.24712643678161,0.65777055419844221,174.21118748518606,0.14223804881716617,4.4869715967924737,7.7509775889020549,10151.985205814965,0.20934548870470959,11.220610149129596,30548.932631773499,20554.583107116865,16.908007812499999,0.61375719214028035,488.62084579930462,0.13245427532831389,11.505207097508418,7.0506011088123479,28160.071249523502,0.20198542660628591,12.006370814613446,35888.802504746986,21712.599157475332,23.078783524904214,0.63247537174437907,207.46090872303557,0.13028067267541357,5.3271638160739325,7.7197113807678219,12091.865196053001
1546100721,0.13126166927493177,16.676521867475991,39373.294106251669,21643.274291301903,21.172460937499999,0.62431740793916624,62.864108926874721,0.086249984705742813,4.4875893982923332,10.611725517116145,2610.5398835825576,0.12768497200320014,16.978759378632567,48153.07930482283,24394.214966793748,32.036197916666666,0.6496742296492557,29.913005308123136,0.085038055366626772,2.5714631763553863,11.279937977888268,1135.72188848877,0.1281824097722489,16.193707250341998,38657.061833105334,22016.587489975944,27.602864583333332,0.62615307860321134,45.716760224538895,0.081821773341977586,4.6971183885476124,10.332128361772428,1614.1529789140998,0.12724803205361801,16.980221289836724,47471.362868988806,24038.069870983225,31.467968750000001,0.65078088880350204,30.878869882569081,0.085647985858202713,3.3146219625857181,11.269944738170377,1079.8480184049588
2120987896,0.11607451799404066,22.12329405188877,37310.116474917326,17900.606968186687,20.9658203125,0.61112067166827044,33.804089617588147,0.074316656252586571,4.2686140417724063,13.775694475231195,817.17772602356888,0.11917070456322765,21.836167211964575,56574.03189455824,23081.827239599366,36.37473958333333,0.66164067865215448,11.513040614551937,0.081285011557668971,1.3338177561812889,14.599988073109785,274.50601020912234,0.11743737815407361,21.133938008504781,44366.618300846385,21232.983924489345,31.783593750000001,0.62494561425922546,21.734188727478308,0.074611889812751672,2.6191974369230797,13.192170020399965,545.58833747101573,0.11894278021420363,21.968209383057488,55908.282989787243,22833.228598591246,36.157812499999999,0.65965561423581331,11.73383460812699,0.080322561772826734,1.3423233768056959,14.730636585159708,278.3241360932256
2131100320,0.1601626192417879,10.912198862547127,2654.6916096875198,4729.7475238034376,3.0564453125000002,0.41836792495112779,4911.1828231835898,0.071590217957337776,1165.0184661262795,4.2241153131026801,22636.082752891558,0.16012192721924701,11.029716387571387,3534.3987029329205,6179.1396767011902,5.3807291666666668,0.42157688506291818,1440.2332784822379,0.070766529524399671,323.48450669661031,4.4098005068198001,7442.3466750556581,0.16200026310886945,11.176947503547058,2053.4053780149989,4369.0317546111746,3.8544270833333334,0.37522839136191222,2218.5036146206339,0.064287351079261632,490.65191616670427,3.949946798233686,11883.972501857983,0.16172620748979863,10.946122448979592,3609.1690276110444,6272.4206002400961,5.423177083333333,0.42546505705013149,1249.1816566626651,0.07142231954253471,280.12641757390031,4.489397689371744,6526.0164705882353
2318428651,0.16122229687177358,16.235263046693429,29585.217858652017,13826.64663004437,14.790625,0.64997318350285549,274.21027889287978,0.11166447145356496,6.3154031645263826,10.634990081853308,16760.486081766321,0.15871811452739404,16.32895326265492,41637.491179419354,17367.336163314063,29.897321428571427,0.69318465323141887,76.172785255658184,0.11555904101106078,2.1595420059906965,11.379670098233113,4489.6148168689606,0.15300918254380785,15.909166786212653,30948.840321339612,14776.558784021701,24.451211734693878,0.66071542078221523,153.7592561196677,0.10288898028080373,4.847446062488646,10.678434291213515,8916.2122875885179,0.15945425284352135,16.314865021678816,42739.18419081578,17545.492188241747,30.227359693877553,0.69845127602050427,72.658909413142325,0.11729285395599336,2.0666916834187674,11.494904930309003,4277.3075016087687
2319936172,0.1249428907212872,17.424176865037079,32928.483117526128,17447.394803405557,18.145898437500001,0.61820382019647568,88.122789456122788,0.080472998474518109,3.7646998692972828,11.101520340696929,4133.2502071964436,0.12234834014732174,17.749288436489941,53515.211458986603,23093.356843070094,32.389062500000001,0.68239518890500017,44.945567401546946,0.08720654063026817,1.670346482531456,12.358674165841459,2337.5531943975429,0.12072095588947047,17.542163862399519,37496.783553846923,19037.256548005393,26.079427083333332,0.63602194271819579,122.33066054221379,0.080485564320327579,4.329592342973438,11.292646725305001,6682.0286884018178,0.12236793037772886,17.719992684536543,55509.123329171998,23432.714060797862,32.75026041666667,0.69111361420229411,44.423215464253623,0.088309818747221602,1.6471312648820731,12.428446608197509,2313.6971159580476
2387933639,0.21110547617404804,17.021922292583451,10656.712783084684,5955.3222067189008,9.3170000000000002,0.55135961886849083,150.80589245465279,0.096400960640234679,73.391705037691082,10.257463903829303,1810.0962756252013,0.21803185247510135,17.735023566975826,17041.931275657596,8201.5592975520758,19.75075075075075,0.58973583817948205,32.15466778166337,0.10661009384914168,13.198694197209701,11.261330130172825,375.40626425421925,0.21218196199344178,17.42633021453549,11593.100793875816,6711.0388904640395,15.887387387387387,0.53884151623424181,61.189159814762313,0.093683394534629011,29.068651090799712,10.070793188116012,655.32496928456669,0.21356490677069123,17.843654330556095,16649.457663243556,8005.7958922689404,19.373123123123122,0.58859456440428937,34.991435768261965,0.10373492262256752,14.812134237089527,11.282350079924587,402.17399728734739
2509623843,0.22545247248398553,17.140926387613174,37427.53082272668,11314.763679307178,19.052499999999998,0.72849732930409372,35.342186064820886,0.15542591173978604,5.2390764941818482,13.086247216582294,1465.1510825351004,0.23418959276839077,16.813359528487229,45857.41440124275,13119.788367524101,32.764970059880241,0.75175529894678761,15.208913967195139,0.16834441324037944,2.1821422435338875,13.122104293369134,609.54109745511039,0.21885949593821988,16.940857005576508,30041.49967239848,10390.53259271123,25.703967065868262,0.68788522138502173,27.485592813150653,0.14390541298269613,5.565321829802814,12.042827164061132,950.35095586843522,0.23207154891843787,16.979386019828578,45996.673636643027,13103.514017734169,32.879116766467064,0.75159259449111349,14.51353966284589,0.16792459141733654,2.2901110113161098,13.19955117432662,566.9265705212116
2510454170,0.1828905809978183,18.789334465417021,29301.798216968193,9080.0318725099605,15.311,0.71910164274600641,98.108026908758404,0.13137347652005121,11.301311781145738,14.149941481916526,1488.7125106132846,0.1934537003530612,18.370248822372794,37768.07178928607,10488.896510262684,26.616340361445783,0.75838610271840401,41.162066965611871,0.14769893070965678,4.443498521264039,14.550292939210584,700.09088594344564,0.18243561130978378,17.977398110475139,25539.213985242397,8945.4870353768711,21.838855421686748,0.69017402957143281,64.580201365423079,0.126346831487088,7.2159445040716541,12.858150499174098,1195.2953072201917,0.19094534095880977,18.458070511376437,37863.939344446946,10546.94914395134,26.740963855421686,0.75775354043435172,47.931685064203648,0.14493449249875648,5.2231145878110734,14.622578212687001,771.37490144176616
2510454376,0.22397550886067,21.688108042448402,46979.949943129744,11788.372726570005,34.095256024096386,0.74831895180745212,11.016597281270361,0.15273843567213041,5.112942995594385,16.504513181838824,204.64332961560123,0.23432451354950479,22.139779834642955,63215.938210154454,13898.141373749802,40.392695783132531,0.79553729709073995,4.9832871936839949,0.17018127288829243,2.4633326836540133,18.108763756788175,79.82804358565663,0.22039864112269927,22.263447210612394,45690.29181809922,11331.544612029802,22.012,0.74838458958140786,13.71963020170816,0.14995036488837804,7.7914634269912773,17.104475437875109,198.06235235326184,0.23192141081724754,22.135094061789108,61344.153528850962,13712.874968142645,39.887424698795179,0.78907304825620694,5.2335545256321918,0.1657000800938245,2.6107407339270967,17.950099966525215,84.325803985237073
2510456772,0.23983093890692178,18.314360479959152,36196.267909114118,11005.769211130968,19.585000000000001,0.70688202114454368,14.681159050293592,0.15794135450596372,4.9018104751867986,13.508230439475252,238.03484809803422,0.2488067627918365,18.019323174080174,43483.920625114406,12386.622094087497,32.909638554216869,0.73315996164052177,9.1778784550613217,0.17219687553904114,3.2054434557826506,13.815161206480418,156.43009793153945,0.23357827640906548,18.06986887074402,30195.514907551729,9945.9159314181125,26.329442771084338,0.68319683252055097,29.667987015772692,0.14890973986867431,15.166214692784637,12.845928358716467,357.94557492385348,0.24724429399389314,18.122765438786566,44291.971514987359,12525.408856988082,33.361445783132531,0.73489439952575875,8.5862450343084138,0.17147744585937924,3.1017130232139425,13.92902588624187,140.78060671722645
2510457104,0.22942339321505445,14.955982244508974,34505.963017921786,12855.227725685339,19.54325,0.6910624338449749,15.147838767861026,0.15684268997264783,3.3827218222430284,10.954407594522811,234.44130326327505,0.24061413785935681,14.64121306675912,56335.61527793829,17107.527119688741,38.860778443113773,0.76499652229138371,4.7153203128009551,0.18364581935954566,1.0890330678221953,11.776951891499596,65.565006356177051,0.23176066901824852,14.488082074665147,42748.998700484466,14724.068520946139,32.831212574850298,0.725738682559807,9.222274152180109,0.16732433102255551,2.5288604550398097,10.955381948903568,120.6325448845825,0.24056447822377655,14.616239678170654,56609.183877735646,17141.042807922546,38.886976047904191,0.76652627112960148,4.8353704309664503,0.18412763604367041,1.136185062179871,11.776288332467457,68.389236425230493
2528429163,0.11190398547299199,15.439342762648652,16470.92576173387,15161.716065020055,11.102343749999999,0.55357179589803107,463.76335233270004,0.062037707440339193,22.708390664624389,8.5265432274935122,13977.549679825488,0.11891822908158647,15.377649511868432,24120.639404023805,18549.327206948452,18.859114583333334,0.59796415591013607,234.45711760725777,0.070122485186599331,9.7272306653873901,9.1459778584198581,7363.5192145707615,0.11811230987872033,14.874472385708341,21925.186522798882,18445.232328636823,17.521875000000001,0.59031864265421907,391.96962130669993,0.068496722135190674,14.950428992116342,8.7041320733697027,12818.22454075263,0.11737664373378874,15.36653018625562,25661.129201455791,19202.548624491545,19.462499999999999,0.60769129862473403,217.5616837936202,0.069680472380404604,8.9955181207616484,9.2984027613514115,6868.728403982017
2536699431,0.14312121169856187,16.659208415047246,10410.867474891544,6420.5044868366313,6.5730468750000002,0.57534495236332051,403.11624175432343,0.086453534296345988,14.488767469822957,9.5148427192412814,13711.390889641647,0.13699830568661009,17.300449247207382,18789.891856888458,9208.9341104095838,25.109756097560975,0.64074255344713626,58.661728994657601,0.094044438482826037,2.6710664024915318,10.894133214622082,1891.7747895418488,0.13640777414933131,17.027687849494011,15635.716533472189,8505.2789160308803,22.444613821138212,0.61695992577370584,79.19476579656336,0.090241945896525219,3.8128224594740043,10.340902434018451,2527.737995517421,0.13624702133128244,17.278753735562557,18737.765204749212,9266.0423632986021,25.164634146341463,0.63908950284612043,60.067401663839753,0.093039055845319532,2.6941577739868112,10.826382535078091,1965.2490307729586
2581808992,0.090678512912299766,21.322501202501204,14799.079230399231,9887.6863684463679,10.1513671875,0.55155778960939705,390.53991341991343,0.047948349623243111,73.231911101431123,12.201051664117829,4129.7133237133239,0.10070345803602276,20.626279565384483,15626.522551794013,10319.924082031932,14.9078125,0.53947755506309114,212.23984208503651,0.05589467737777172,35.081618117467613,11.347590204004598,2554.3539810641792,0.10236872990094181,20.612813429664257,10937.011092222694,8225.1368040798989,12.255208333333334,0.48849853284983619,389.59600509987251,0.050963153517376243,58.951434897030424,10.471118328407387,5511.8093922651933,0.096971182162793865,20.872411130878454,17322.056929945287,10821.32526601994,15.516145833333333,0.55812390324380823,229.48195763821289,0.054027707620070482,41.974028041401013,11.939768363941376,2400.4083783693063
2647205379,0.15669167752644261,17.207920293866049,19806.391603347925,10370.897213975411,11.644335937499999,0.59872395003383638,648.60987269159159,0.10174297231823466,16.405422258604997,10.101477024385794,37826.716533319915,0.15665190167850948,17.500806539641726,31322.804950819274,14115.6772992444,21.426975051975052,0.64106336125980468,147.9355738559872,0.10838217852987354,4.2093306486390825,11.033288483917422,8352.6301803495408,0.15498152388403497,17.242913100246628,24303.123516611056,12025.166864935441,17.913201663201662,0.61722616220199344,206.66534165095024,0.10141869833287163,7.1831723929440701,10.386897768396249,10917.489467575802,0.15821572876124945,17.338840155945419,31294.795394736841,14084.219712475633,21.330561330561331,0.6422394536143532,130.88055555555556,0.11020572659700448,3.9977279376551209,10.863813512369111,7206.9498659844057
2830528549,0.14649979026154744,14.957003719152608,34401.806686255572,22352.076540571641,19.010546874999999,0.61573189215206681,106.70476914541682,0.097618562884999524,5.3995873482799741,9.4556046340113333,4092.550280477531,0.14233970457749479,15.154557346123386,44210.879194511428,25781.664661547085,29.265364583333334,0.65181313057923063,47.765632369036922,0.09729106608433874,2.8569283037281985,10.138459351460334,1741.7391238576602,0.13882562712685248,15.109922123960553,40707.088360077687,24911.29351535836,27.621354166666666,0.64346017184729953,58.20698433051119,0.093174152712198602,3.7324961986724299,9.9678770079063366,2100.2647691060283,0.14419648452372452,15.24184434773068,41217.379694985917,24527.98421899572,28.482291666666665,0.63765992231128432,45.197655707127964,0.097726071159214625,2.8162136254357293,9.991843042327881,1603.7114526569871
2867436565,0.087506773040202573,22.321138649311475,58073.099986692097,31031.622505560801,30.820507812500001,0.62830926773140738,33.954360238528274,0.054869764981090072,11.87242739871026,14.003514948123984,645.31151260131435,0.092851080044024606,22.080821955440786,74923.794296859982,35320.734930359053,35.5478515625,0.66686412437921649,15.942814757836324,0.060444922775047427,3.2248889432094936,14.597863023357638,373.97928628334387,0.087225334346296049,22.220714009507997,70887.053897595702,34816.788833792052,34.346093750000001,0.65937250839545469,19.319780269772309,0.055568020518238594,4.0663110999229524,14.543073272832164,437.18797625275801,0.092117170773405241,22.294891441738724,71056.900602915019,34676.732290070358,34.921484374999999,0.65473470244621412,15.944104520184789,0.058589314106671231,3.2603374070883642,14.599397429733777,367.69256926811261
2926691189,0.14631499225258621,20.480044210686792,51195.255095662782,19647.22582513911,25.623046875,0.64843952172466524,16.444164951596921,0.099880931690268404,1.7156908339179864,13.08736925839129,435.58624132936961,0.1381125909818065,21.814253109595057,73615.080493824105,23664.870668060394,42.103385416666669,0.7018052183507677,7.6231498605243786,0.099521724271108725,0.87199764388087286,15.32512499398902,179.05356358665736,0.12992438902287023,21.95033486645687,62601.210320342128,22247.248177734742,38.728124999999999,0.67418124233347343,10.1839748244977,0.08917516765825495,1.4742790428928774,14.840104111508392,227.89225772613571,0.1383579474847956,21.834053314330038,70707.202649950501,23142.250193921889,41.294010416666666,0.69435968280533311,8.1507230290914361,0.098143896175881776,0.90687173964511902,15.199344385741759,192.03245905567923
3015245912,0.1676020790886614,18.961201161243498,10838.527942421677,5260.4632877706545,6.4585937500000004,0.5952805379931192,1533.1077174307488,0.10838983832504856,86.137758011681157,11.728905968500939,61418.324240958027,0.16471251052591318,18.79708828439556,13275.202494353334,6664.1067956397919,10.607291666666667,0.59370423236759706,427.29942060296571,0.10932954662486519,31.2388100144064,11.218806528975694,15620.82181086124,0.16122167537023596,18.744269610826162,10809.010663884783,5738.8037033817263,8.9867187499999996,0.58152787598278199,605.28551971949344,0.10236737521911711,49.251573921956265,10.879050147430592,20882.342635254572,0.16415707023505718,18.726790769083145,13938.949335508325,6871.8927217770952,10.855729166666666,0.60130634613999268,393.96281725279471,0.10990656204500912,28.821291971953585,11.315613465972719,14468.679076908315
3105342248,0.17629217781045539,19.415260441616429,40045.828640895161,16093.844711177795,21.609179687499999,0.62386289663380501,47.966268675602635,0.11109606823907163,5.8027684982470049,12.074559882173761,1380.754941747485,0.17370522625757231,20.016903363660489,68583.038052982927,20917.82897252863,38.269010416666667,0.71052601158350404,15.131055507543229,0.12644826095688577,2.0502631744653796,14.150911880744024,417.41788190782086,0.16481310657779424,19.850379414003335,57773.074053002638,18911.017682922142,33.872135416666666,0.69311385493440103,24.653437790711084,0.1168264000600378,4.79879546435662,13.664353362754099,621.78409920888146,0.17344109320784371,19.894866701947066,67794.996068755543,20781.226912529812,37.89088541666667,0.70995005944091316,14.689452306169716,0.12685447842522918,2.2648645692541156,14.029060840711187,399.15894736118651
3750024815,0.19696231469782163,17.961113140246034,49737.414124851377,19025.387780635836,25.133007812500001,0.64514212113306246,88.671583217413598,0.1265740153363519,5.6441494920836535,11.312714173391782,2253.0555404449765,0.18764270827221641,18.81901852739179,63854.400122451152,21850.973393494118,32.609375,0.67782817154028374,32.788691902252033,0.12564713772549191,2.7337953719028198,12.533602945235506,813.84858648778152,0.18526987188006858,19.058515607622155,53332.911247868316,19581.817157262551,29.268663194444443,0.65289378812399801,47.201912953214205,0.118740811101368,4.4064255991576315,12.182416485065522,1105.8813969007192,0.18655789390588209,19.004160665706515,63337.922694297755,21707.292900197364,32.546875,0.6756424387402381,34.250680108817413,0.12400568255004205,2.8312906903161958,12.613411924654862,837.6212460660372
3952236664,0.19457483288550789,18.254689032363519,39335.959116541351,14366.969005393919,19.118749999999999,0.65917206778817972,104.14101830663616,0.13188094062945002,5.6728772018778058,11.977535687702005,3876.8180982347171,0.18762346631272978,18.839787178821698,48542.695804135306,16797.010433428499,30.1015625,0.67405488792159041,45.862358335496147,0.13008588149922273,2.5557855619812302,12.589499138332238,1734.149736136344,0.16098284035066782,19.335662721396794,35003.870960295477,14350.331234785528,24.818750000000001,0.62961758607428286,70.099303282128773,0.10195746766211743,6.4532875620903631,12.099856318544713,2500.0707000755478,0.18625770650150919,18.888132370045248,50540.275734139279,17125.498238405311,30.674739583333334,0.68137094505605322,39.812651221230823,0.13040457117057835,2.4045080643959671,12.714651253572239,1456.1715071609885
4080787755,0.1470088097390779,18.147990268669346,39237.991982229745,15692.586756928284,18.46484375,0.66996160040198005,319.92595726676541,0.10426993140113715,6.928487916412422,12.368660916495418,19199.580040194625,0.14135088508258833,18.581944288101692,53619.819278360337,19059.003965814332,30.074739583333333,0.70870692285917303,97.43555551707118,0.10479028456058755,2.2743796554306832,13.330031776854886,5784.4828682016159,0.13641682571432615,18.117363259740941,37898.809282080867,16360.606775394619,24.829427083333332,0.65531810262551726,147.17910745188527,0.093255418777160787,4.0085209037825269,12.003132391672754,8642.8451308406311,0.14156902728648324,18.515815485996704,53403.590184687419,19066.112355848436,30.033854166666668,0.70772769332808627,93.771785311714211,0.10509260165853365,2.2258217389422605,13.217997495221963,5556.3938003988551
4177029943,0.14489240905266437,19.752028086128348,52262.717360417257,17111.421200260327,21.307226562499999,0.71958294562304848,96.540676303704174,0.10763709119141049,3.166040739624723,14.683981200418057,5446.6343211755111,0.14101989514096261,19.68640415858852,56491.584471329275,18861.841843257109,34.904550827423165,0.71910535866864378,51.024729717144865,0.10419211770909584,1.8845701193104838,14.564183788788164,2844.622010379539,0.14394428640699639,19.38328064567402,53720.801741341857,18094.313017678327,33.465130023640661,0.71603261379834293,65.126715292372353,0.1073934366332891,2.3607033360626271,14.228052582059339,3638.4790456175051,0.1417752102786603,19.615736899474516,62739.480957261621,19617.265898774953,36.328014184397162,0.74233087869615089,43.77721378951307,0.10859635220683236,1.7377847380899258,14.864374436247747,2382.3219451087575
4521374221,0.098491864778419452,21.065623557423649,43661.143216955381,22766.515294346314,24.116601562500001,0.61646973034065355,165.39710229435443,0.060056091079102786,6.964316467669752,13.20181497452379,9615.2580480575325,0.09569132375497981,21.207050038106583,69377.43701526185,29428.352072805988,30.833530805687204,0.69339410090451004,71.375026418429499,0.06374509816552075,3.7191917936555714,14.922093504026702,4029.3930357817612,0.089203017037364371,20.86313135956847,51190.774181684443,26297.184488782641,25.772511848341232,0.6502516629305809,154.18715520411916,0.05632710836694383,11.121246456850942,13.788167079614224,8156.2805259286506,0.0948452665430011,21.319315836036566,64983.322631803137,28824.733058094957,30.13329383886256,0.67856970508565739,67.577627052000395,0.061329946151212907,3.665593173677391,14.776888254064227,3770.7585307513355
4626702800,0.11347090380085112,19.913002098279634,77914.741605490039,30809.384001870083,39.679991166077741,0.68384013779745445,13.513199125067484,0.077838509772673564,0.97857678905577383,13.847487054971115,446.99773474851258,0.11383522730401324,20.178310900549093,97897.829682637224,34091.901996154382,44.564487632508836,0.72416886939283076,8.3073820048764055,0.083197555171053511,0.64854092405673314,14.80111631071332,266.66351814775902,0.11204575877216515,20.201357797397382,89450.143248671491,32625.8150759446,37.342187500000001,0.71105104832532262,12.205521151512615,0.080581086719183556,1.0831513131242079,14.529432686490884,396.29194736181432,0.11404617031808223,20.187559626025568,94566.879994778021,33653.510167806468,43.983657243816253,0.71633792343477354,8.6460498699525008,0.082764438499026538,0.67036627566567708,14.628028878930497,281.4753411863947
4633577801,0.40840565046647942,8.58037794460264,11221.548184406844,10516.882145294519,8.2994140625000004,0.52925966196258367,444.89497093638954,0.17455303661116647,413.01963080430403,5.340379532064941,690.91970442190484,0.41076287779463838,8.6905550805187399,17745.068155907084,13737.633924754169,16.433255269320842,0.58298129171802648,169.38025509476984,0.19448844810259799,155.33155387084616,6.0085307443261655,280.45787017243839,0.38865658647889595,9.1509249357209494,12135.780131516076,10289.420896948735,12.865632318501172,0.54208086460943095,350.11331315843364,0.17663019043850434,326.62986608772957,5.9201350840526636,548.61810280097382,0.41402319013669903,8.6080943809812336,17522.264947516618,13870.287295279169,16.426522248243561,0.57926873718111871,173.51758059629677,0.19249035707347426,159.83638326124947,5.9523157525752035,285.55438133765796
474897814,0.3508877305643367,8.1870940997650958,5010.8395744092859,6790.9141909631062,7.5385416666666663,0.40968591748781558,1430.270692275805,0.12581020240933458,1339.6960452909227,3.8745282606679727,2084.5359955782783,0.3552639274002608,8.0202871576708326,7549.9295931932993,8902.4921563413991,9.7942708333333339,0.45585860760821034,504.8783834086679,0.13373563254081675,463.53589825544242,4.3258281319185157,807.05067801116729,0.34102007683710733,8.3839375194387813,4841.3258803607841,6740.4566126412556,5.6517578124999996,0.40106470506094533,1915.7066040017969,0.11580610539139032,1826.9863893729728,4.0524438993748388,2538.9848291115181,0.35554304771349038,8.0648399916335496,7931.3471554068183,9036.5528655093076,9.9604166666666671,0.46429779044600739,473.9255908805689,0.13747002499767139,428.78001788090171,4.4578712257030935,805.55019870320018
4789603169,0.20267149270207452,17.32730438538475,24531.477708639843,11379.509023175457,14.4701171875,0.59584220994203585,341.19807793540025,0.11019561659136271,15.550446757461739,10.395678106429449,18193.927828093998,0.19211830589342807,17.871997628801591,35580.103432944838,14457.978945028422,23.336709486166008,0.63755329315021469,114.4051150137085,0.11172662743770218,6.4455924418242789,11.610280497674903,6227.7400679602397,0.18691876875477978,17.59252168790832,23982.158375281138,11808.322908857235,18.452569169960473,0.58548113513758482,196.10752918496306,0.10316873157025609,18.528677653619194,10.353826861479037,9761.6714014137306,0.19512060738506687,17.671677215189874,34955.830910023949,14379.374379917892,23.106719367588934,0.6348733864495949,123.59487256243585,0.1127250969901358,6.7930018983196216,11.460326968158714,6719.5455974170372
5110836602,0.20969591625250478,12.718630230184829,11626.000385531239,9213.4044449484063,8.6123046875,0.52789973343592689,1138.2534981290396,0.11088247133473061,33.190519423443867,6.7307386449461513,66552.936500737051,0.20020747343551454,13.751100675080716,17436.199295567949,11526.307515668434,15.273997890295359,0.56789687711243786,316.29399678861859,0.11244592792876128,11.088975591704251,7.7955487956919098,17703.859683350885,0.20059502520247471,13.239696012633241,14345.091788393209,10521.589222266088,13.359704641350211,0.54823740085351247,519.24591393604419,0.10787094491030898,19.039282490960588,7.4500031102201865,27485.206494275564,0.19683334423679774,13.881317037515512,17972.796766900679,11700.483214061092,15.513976793248945,0.57249610693645292,304.00509952574413,0.10998488426067708,10.767143380730783,7.9903956616876428,16951.764792874263
5445568497,0.14645200006207912,18.69519665087584,31449.830472623114,15248.607932136169,17.728515625,0.61091013149728657,76.927663324887078,0.089125292131162506,8.5597199212825661,11.839658868186644,2380.0806984686569,0.14605897579810753,19.140818986829686,42528.827805996312,18368.9243403605,28.967447916666668,0.64277067943267407,33.85585472198499,0.091575823890725327,3.5059090207403441,12.747516654482943,1182.4205960354204,0.12336420759615914,19.314194056049875,26705.877283457419,15688.603244355669,21.51171875,0.58952265897635237,100.31661521699655,0.068806513850221254,13.346334807870445,11.664720967002392,3638.7874220688818,0.14842859111526482,19.069400201475673,41859.621252960875,18056.551943514209,28.694531250000001,0.64065395637407752,34.29473531360324,0.092968749685327493,3.4259837974860399,12.672063943352001,1200.7844754825887
5662265128,0.069162692303906412,26.589773793163623,65234.911407775813,21905.155996189893,26.861132812499999,0.7158021373121809,12.770964669269754,0.048070349175938006,1.4165795294582189,19.206456887046862,364.82344087428834,0.069560521506529069,26.736749414646326,74022.270382790943,23271.148217623362,44.855024213075062,0.73452153109821983,8.3384862450320849,0.048988976486995489,0.96209529335549837,19.911107016138224,215.31905317777884,0.067104687067523178,26.83544210246253,62784.045777042011,21698.402134389689,40.95278450363196,0.70772433932545342,17.264418955272415,0.045695417769092368,2.7652473450364221,19.172521203810572,317.88882401631832,0.070332679017659244,26.578142371054138,73528.700218980564,23267.969026041843,44.919794188861985,0.73160486148203485,7.9576457905198259,0.049301927883982778,0.85388611718817498,19.726582511946503,219.25392312097833
5698766031,0.074547403535812004,20.234561159650518,8703.2812251787127,9852.2692116759335,7.8687500000000004,0.46930605130132824,195.50546068308182,0.036076234998406329,12.548961049814917,9.7086592354509662,4076.6947229944399,0.07365566433197536,20.718124304783093,18018.881256952169,13864.495133481647,19.977777777777778,0.58025847688264987,86.66375834260289,0.044240999146645317,6.1616404170063932,12.361092588214044,1677.5370029199109,0.069611561622662937,21.253731343283583,15342.434841602266,12826.196782883999,17.657291666666666,0.56796820897312983,193.92535346980512,0.041248473965934271,17.146304990267399,12.367512484627348,3309.1594399543783,0.073027172465220225,20.871411844019445,17410.799311641771,13624.303409857006,19.571527777777778,0.57623625361945963,87.941347620906214,0.043067685388606329,6.1938097968166943,12.397619985210966,1683.0016144484264
5701173319,0.080819195771306057,21.597932816537469,45578.288996876086,27249.89080180493,25.3212890625,0.61429045109533786,39.816344633422034,0.052296688931173597,2.1260575612069554,13.397251292346962,1287.1569362489877,0.082267481208522578,21.533281447611635,61943.998449914063,31925.531322761617,34.051457597173147,0.65869450806581087,17.620209488601354,0.056702322403693002,0.95323474820093113,14.164909493217056,552.44217660602521,0.077337505775874241,21.468395886552695,51967.739328835618,29973.095674766926,30.34518551236749,0.6386224425922653,29.067211050704859,0.050486305188647336,1.6760115310907515,13.677990455493998,966.15367204500626,0.082359160059807632,21.504476292937831,63251.069699531239,32312.928097543481,34.486749116607776,0.66163622897233465,17.21624529316837,0.05716428749684288,0.90602686178726211,14.181452960718438,560.90960962114809
5918808515,0.070129475020779611,21.431423349601335,11794.497820891325,11907.378020124119,9.7248046875000007,0.49167774433435585,114.4195939025125,0.03616683484545679,6.7141260266098213,10.628625983570787,2550.3730995561446,0.071298980295512751,21.389365327072028,22404.964636992285,16315.261600355061,24.252430555555556,0.58664732199302583,47.654559250934184,0.043109843342028498,2.5301995010831417,12.878256302312288,1149.3520552063796,0.068436713681542083,21.797984934685186,18895.863935416204,15059.336585830975,21.849305555555556,0.56626902683444191,76.450306709468265,0.039591664968892777,3.8693459375905195,12.777025770800318,2003.0537933445635,0.070801504448123595,21.447477675644965,22019.682185674537,16172.133217766253,23.835763888888888,0.58698510716051422,48.332279633487261,0.042843215497070215,2.7244384342444423,12.878108861026021,1129.0534910484071
5930049995,0.063655099836805423,25.288372532876437,75675.410538261276,35642.554237778422,35.110156250000003,0.67287244775776456,11.604681693776284,0.042389831619158068,1.348422173199773,17.169252238137172,213.84355043278967,0.065199944379881455,25.162313904584977,88778.00483525556,38033.358717134972,43.332960644007159,0.70343576529775032,7.9973372552055109,0.045046483008816453,0.74439074334139743,17.846326224463045,162.33205872487551,0.064322227244281008,25.285532002037378,85798.849349667347,37466.334712588148,42.585196779964221,0.69725323670994799,8.9194238635587926,0.044048839704344825,0.85288448668867778,17.81802536215946,175.10217862750144,0.064693031297262296,25.214680301512836,84839.085119392752,37349.46341257709,42.421735241502681,0.69485110716381127,9.3331716830952498,0.044296183746209417,0.88510164640241595,17.669245571237845,178.86273786305412
5938008501,0.13949404295092196,19.253558659957626,19810.807766154659,10073.419723252118,16.206008583690988,0.59317289063578693,290.89373675847457,0.084473549305892112,7.808543185355723,10.797986386340703,14148.21032507945,0.13900363127890192,19.648352422411001,25602.956862910836,11647.353014101967,19.040504291845494,0.62387433742294873,143.34804108025867,0.089366724788144072,4.0095512553539132,11.399530660221529,6822.5423411239308,0.1340487092623403,19.647906951814331,16941.978935520179,9325.5071554912374,10.931835937500001,0.5689973544902599,261.30524736024012,0.078946173996503888,8.2441177513077619,10.269414804705336,12299.635114612924,0.13966818428776837,19.637506613572445,25598.140402662139,11746.972821698088,19.265557939914164,0.61997944764380686,148.33402021664671,0.089530407488241773,3.9938105244685271,11.294721651823494,7133.1133775166381
6620492857,0.12694738959346161,16.019647899236205,25491.534552977762,15792.415819811849,21.348055555555554,0.59393843572346328,247.46544702223727,0.079612439875333715,6.9161433958513108,9.3308519283573972,10758.54920432514,0.12651489962338666,16.334489439823585,36930.054968581739,18589.243788603788,25.949166666666667,0.65288515643440415,99.452647805003366,0.087601675286736722,2.95352034177477,10.395554039291081,4283.673999379128,0.12447032413828531,16.094910267725801,31663.288367166813,17332.386078258311,16.5966796875,0.63289725012135567,148.28754339511622,0.083211268169760197,4.4648537320567145,9.8718483083534796,6444.1778405413361,0.12443975950413801,16.402437426287513,34829.091709256107,18334.279932730529,25.436666666666667,0.63945000450591005,115.73229808238327,0.084071407627664144,3.3920642910023688,10.22365673679721,5025.8357794959156
6749183629,0.11699936445422053,18.034163485884886,26314.271330133655,14620.206354005266,15.5044921875,0.59602282942783724,182.49479107617501,0.074155961545239873,8.4880130422622067,10.919795954511949,5903.4174193467115,0.11235159306477417,18.183482723505509,35448.177846563354,18512.189905324609,25.828385416666666,0.62010400362692597,57.860194997025637,0.072885713742964153,2.9680913092627716,11.553243788660124,1836.6938123229247,0.095969751956986218,19.103896972290574,20443.459639456509,14461.546779715416,19.472916666666666,0.53665624333781359,91.547876323954213,0.050055971698911669,6.5144872530629367,10.698328419198644,2663.6488044292287,0.11116651025658132,18.364169446971996,35499.421777373369,18417.75982206046,25.7578125,0.62161130024048494,55.712425437266205,0.072236087181085651,2.9494795680227415,11.66247127542294,1755.4446365382671
6797092876,0.094636281323581067,22.914363622140517,30246.516243308786,15524.227071063777,17.477148437499999,0.603348266540494,104.22547299487053,0.058678171841155542,6.758655718499007,13.937624230941365,3566.8651922711579,0.096218510498681104,22.684289807897084,44259.660837495998,19976.986494792705,30.080989583333334,0.64315492360349424,31.092173039797075,0.063690020573204373,2.8486614794208034,14.547474311579309,909.56826622572737,0.092495737202779621,22.953192774115635,33668.053892215568,17650.354561465305,25.876302083333332,0.60309668179636478,44.363508277562524,0.055843651681744037,4.0519135967902979,13.844515853304067,1297.6374578573946,0.097946261792905123,22.463931000679331,44715.099165025669,20083.248927260061,30.284114583333334,0.6443758576138755,28.900155644030921,0.064623351532834106,2.1890222609977115,14.449837367991933,929.34044767006901
6843869571,0.11786008645596292,22.254807217140158,32775.580863377298,14041.73669298602,17.785351562500001,0.62113517765404436,182.69335939644853,0.073707026103797979,8.2902814401952885,13.773389901716801,6107.6253390584334,0.12392336216813764,21.81835887882124,51217.911338809383,18013.952222880853,31.141877637130801,0.68438596738910873,67.730866288424082,0.083211203354523713,2.7590330464686508,15.115846405921431,2298.8387924464391,0.11322947289650538,22.440425633439901,43139.853480937156,16229.266431264017,27.633175105485233,0.66636703019193755,118.06569642601518,0.072763766121781662,5.2449893778016667,15.161495512945173,3985.3460609820108,0.12324859511751346,21.834690546859804,51793.621849023737,18067.111621299373,31.185917721518987,0.68784286473601874,87.750813905307936,0.08277738948404717,3.3297326426166225,15.221227817624522,3018.4975012050027
6880799220,0.18083288626459307,18.120563874718886,17082.598486095114,8359.8548808805517,10.6822265625,0.57966321056311731,385.12160605561957,0.099279900506276303,24.909306480554864,10.938082822301077,10586.839065328288,0.17956466588445313,18.062567054821404,29027.801491560906,11801.838571241658,22.064087759815241,0.64102951809737629,84.081093811330632,0.1098956813185987,6.8163672700042994,12.156568970806115,2238.8748004710192,0.16988023207434799,17.499281264973646,20143.513211034293,9585.440139639948,16.869515011547342,0.61015567539716631,161.38243548497502,0.10053312731156283,17.031749386943911,11.067389294990656,4075.6941097953318,0.17782562600240226,18.170161092379438,30273.550814504772,11955.860468420984,22.346709006928407,0.65057679116326039,92.361792556421094,0.1095933264776728,6.9115108219639003,12.381307473439806,2531.7011587799866
6908309815,0.12674697369308269,18.569737160852714,8420.5035731589142,5735.4637233527128,6.4500000000000002,0.51776817402331643,352.82739825581393,0.063932903568878374,31.91485332362214,9.4886815933100817,10028.788547722868,0.13096894466703479,18.44416803755567,15452.234963688159,8547.664005135819,20.700166112956811,0.57646634940292774,81.055932271395903,0.073014666026339631,5.664979930078065,10.498777539168069,2479.8333467078601,0.13186488079868411,17.997879132412105,13347.919319573202,8024.3094717509184,18.993355481727576,0.55770061325444586,102.77754941402834,0.071555876620221684,7.053357182743949,9.838462005717151,3178.5946081861116,0.1325754867569362,18.136376359564938,16065.910188739603,8646.8331333973128,20.770764119601328,0.58744014809419509,85.55418266154831,0.07607449160232703,5.7903448364777237,10.482737303271788,2636.4854646513118
6979459280,0.078779873128336342,20.553228385903388,14869.95882386944,10567.907262182316,10.136523437499999,0.55329866807892603,123.6155224570801,0.044882925289025218,7.9844581514050983,11.772121319665327,2830.2805256363322,0.078980796960764973,20.29344725474748,25826.463473606997,15261.973240240159,25.561805555555555,0.61508462349692117,40.926295199543588,0.050219518361292674,2.8499414492222481,12.840000486807368,809.43083213344562,0.07708223078057512,20.330411397252814,17538.671018365643,12629.008238157649,20.399652777777778,0.5658650927421004,65.720004765876325,0.045632930451747711,4.8571532543702363,11.743708590218146,1279.5525352759953,0.079131804364101277,20.397743972133021,26086.76465465629,15098.493142110707,25.518055555555556,0.61896348117597455,40.190850704838624,0.050594863966046309,2.7276474102245452,13.004638432674399,801.4527431557176
7538504280,0.18603079164767947,17.297848945823326,35152.865257539364,14609.501606618629,18.2958984375,0.63639098001914129,69.203501467840937,0.11374795047086585,5.6255085750837992,11.384457038255031,2747.7762049639714,0.18248190891325214,17.493605552871781,51447.912833812174,18370.065130982348,34.541276346604214,0.68687381864020736,26.23248836795403,0.12043807620594109,2.4728146122777215,12.388176131209436,1032.5412185468629,0.16574817782668977,17.577539710292356,36413.916128895529,15264.74608725138,27.626170960187352,0.6458862660635607,52.492333449894566,0.10416069269543943,8.8781405160425955,11.671418513281422,1941.8678619491156,0.18249486529327927,17.609261268197088,48378.396014137739,17693.286936590146,33.461358313817328,0.67665035684569685,28.142094764837626,0.11730026420408612,2.8184613776775875,12.351891971021633,1084.1340460526317
7640511568,0.15201113948065409,18.534830414383439,44953.421027183838,17968.094409226029,21.813281249999999,0.65957273037218966,44.425736900540812,0.10139960259624639,3.2079353630994913,12.136888826981428,1342.8244332223057,0.14674566722785906,19.035407670067901,60553.690173691066,21928.853160794813,35.39869791666667,0.69417397458532115,22.14204265399357,0.10147519398386828,1.6162174928027633,13.026768580379898,665.95263773532156,0.1442699045417673,18.545972687257816,40306.080790790416,17702.415522365598,27.688541666666666,0.63861150555825463,46.043696625409126,0.090559315741567073,4.1922823189020644,11.585736836867389,1305.2675783454347,0.14950218991363032,18.835852826908933,59552.149438778164,21653.757200056458,35.056510416666669,0.69170547591372167,26.591916325575522,0.10378135454102928,1.7398624441952117,12.839386654473977,830.33230572661705
7648023840,0.14657280877913431,19.667085897522057,45114.422229476091,15988.010378363848,20.343554687499999,0.68454323825583852,178.90978215996697,0.10871128382375858,6.097684677755546,13.231435934067859,6333.3736210985126,0.14101024040231069,20.457056560056269,54393.618941619432,18292.282353427945,29.049278846153847,0.69784366860285096,74.248764946832722,0.10626144249624725,2.6810098056213945,13.937239281460277,2596.88287475692,0.12160134630275184,21.305538696697912,31969.820779104008,13787.308269831636,21.387980769230769,0.62212685283029157,165.124463326365,0.078529485320936884,8.5847792757567287,13.061094300011918,5501.5005394834443,0.14140155655438458,20.454695127944692,55483.840994724946,18458.381409521313,29.347115384615385,0.70117934224151857,81.272582811834468,0.10728622967731884,2.8489512025649995,14.007363949410827,2850.9437026965043
7798517032,0.11386345791798487,17.745886208811299,22547.444628032015,15247.039925782467,14.4212890625,0.56912671267974246,114.33603748798028,0.070419530830739874,5.2173324418679528,9.8803858351260185,4522.0027763858225,0.1145102936247171,18.152448490656443,40316.547311931005,20613.268423574507,31.969975490196077,0.64528687698554255,32.427024436990898,0.08105146583630396,1.2549476692449866,11.489469943531279,1365.3868806899857,0.11750264884520807,18.215187187137204,28380.945897362279,15228.939231278166,24.542585784313726,0.6182780251479415,82.695744441809083,0.078413721496315411,3.2515608301193075,11.005549748800513,3312.706842098693,0.11578069826213107,18.021822213145843,38958.884490085671,20430.487897618423,31.504595588235293,0.63886025626173093,32.702278495784348,0.081936990073286156,1.2718792450576779,11.208713297837239,1372.2159368283883
8167972209,0.13207047541039424,19.91279246974451,34616.404858807713,19185.681488121918,21.787109375,0.57324148596330837,60.561147467503361,0.074732487245053297,9.6003505537438443,11.786773584690412,1213.577023756163,0.13494307803349082,20.469766167336498,44377.021449884305,21538.370965777616,28.168096054888508,0.60170146903383914,28.157334672999635,0.082373940136845097,4.9089450764022828,12.474208899528522,513.00302186091824,0.13255157137217358,20.170453238710103,39182.940252657172,20465.671660670578,26.103344768439108,0.5848986331063375,41.993149672268494,0.077484374121653168,7.9979537178846511,11.950354608209008,778.05073677985308,0.13472508761560403,20.312154636271046,50895.52588467289,22933.162509661157,29.682890222984561,0.62962528571747645,26.246054275828694,0.085595276892673572,4.9245864239837376,12.916597477450326,478.74992957288663
8463002502,0.16591071159921633,16.000032020151348,38013.37158318302,16452.997737242637,18.299023437500001,0.66149905998338077,252.5120235668314,0.10811384188128272,9.9439832724750801,10.572126345240623,9550.7332721392668,0.16900203159385452,16.330346243742724,45870.455037519991,18044.726222356803,27.520052083333333,0.68483865756529516,117.56779620920352,0.11518166806639094,4.5817804257006589,11.123836778265353,4509.2054183975697,0.17018778277778246,16.026254123030107,34418.52553779861,15596.043323745322,23.448697916666667,0.64094742970036722,162.47264084937197,0.10848641073711704,7.0090164932820098,10.1796707911707,6229.8420199238144,0.17244692241812989,16.229256986280802,46218.898541748778,18140.961807706022,27.751562499999999,0.68444777066014051,107.64337593603963,0.11811176717793689,4.3015081414074121,10.985112189317396,4162.651042546403
