1130496707,0.0020319835680751176,0.0021958137715179971,0.0019439553990610329,0.00186570813771518,0.0016456377151799688,0.0013913341158059468,0.0011981611893583724,0.001337539123630673,0.0022373826291079814,0.0023792057902973394,0.0018877151799687011,0.0012617370892018778,0.0017434467918622848,0.0016089593114241001,0.0010441118935837245,0.00072867762128325504,0.0011248043818466353,0.0011248043818466353,0.000907179186228482,0.00094874804381846634,0.00096097417840375582,0.00097564553990610325,0.0006871087636932707,0.00041568857589984349,0.0013179773082942097,0.0017996870109546167,0.0016138497652582161,0.00076046557120500787,0.00091451486697965566,0.0013179773082942097,0.0010343309859154929,0.00036678403755868543,0.00010514475743348982,0.00018339201877934271,9.7809076682316121e-005,9.7809076682316121e-005,0.00022740610328638499,0.00044503129890453836,0.0003301056338028169,0.00045236697965571207,5.134976525821596e-005,0.00011737089201877934,0.00010025430359937403,6.6021126760563374e-005,0.00019317292644757434,0.00022496087636932708,0.00013448748043818465,4.6459311424100155e-005,0.00038879107981220658,0.0006161971830985916,0.0003080985915492958,5.3794992175273865e-005,2.4452269170579028e-006,7.3356807511737087e-006,9.7809076682316111e-006,2.4452269170579028e-006,2.4452269170579028e-006,8.31377151799687e-005,4.4014084507042256e-005,3.1787949921752741e-005,2.2007042253521128e-005,3.1787949921752741e-005,7.3356807511737087e-006,7.3356807511737087e-006
1355064292,0.0012263593380614658,0.00047281323877068556,0.00021793735224586287,0.00020316193853427895,0.00016991725768321513,0.00019946808510638297,0.00022532505910165485,0.0018653959810874705,0.0013113179669030732,0.0007387706855791962,0.00035091607565011822,0.00032136524822695033,0.0010342789598108747,0.00033614066193853428,0.00021054964539007093,0.00027334515366430262,0.00028073286052009459,0.00011081560283687943,0.00013297872340425532,0.0002511820330969267,0.00040263002364066192,9.6040189125295511e-005,0.00011450945626477542,0.00020685579196217494,0.001159869976359338,0.0008458924349881797,0.00039893617021276594,7.0183215130023647e-005,0.00086066784869976364,0.00046542553191489364,0.00024379432624113475,2.2163120567375888e-005,0.00016252955082742316,9.9734042553191484e-005,7.387706855791962e-005,6.2795508274231674e-005,2.5856973995271868e-005,2.9550827423167847e-005,2.2163120567375888e-005,2.2163120567375888e-005,2.9550827423167847e-005,5.5407801418439715e-005,5.5407801418439715e-005,3.324468085106383e-005,9.9734042553191484e-005,7.387706855791962e-005,4.4326241134751776e-005,4.063238770685579e-005,0.00028442671394799052,0.00083850472813238772,0.00040263002364066192,5.1713947990543735e-005,0,0,0,0,7.3877068557919618e-006,3.6938534278959809e-006,3.6938534278959809e-006,0,2.2163120567375888e-005,3.324468085106383e-005,0,0
1355567566,0.001559506704980843,0.0016343390804597702,0.00089200191570881228,0.00052083333333333333,0.00031429597701149425,0.00033524904214559385,0.00029932950191570879,0.0013739224137931034,0.0019606082375478928,0.0021940852490421455,0.00086805555555555551,0.00045198754789272028,0.0017211446360153257,0.001391882183908046,0.00039511494252873563,0.00037416187739463603,0.00078424329501915711,0.00029034961685823753,0.00021551724137931034,0.00034722222222222224,0.00086805555555555551,0.00049389367816091959,0.00032626915708812258,0.00029034961685823753,0.0018767959770114942,0.0021222461685823754,0.0012811302681992338,0.00032626915708812258,0.0017750239463601534,0.0019456417624521072,0.00054477969348658999,0.00010177203065134099,0.00032626915708812258,0.00026041666666666666,0.00021551724137931034,0.00016163793103448276,8.9798850574712642e-005,0.00015565134099616859,0.00013170498084291187,0.00019755747126436781,4.7892720306513412e-005,2.6939655172413793e-005,1.496647509578544e-005,2.6939655172413793e-005,0.00020354406130268198,0.00030232279693486591,0.00024844348659003833,0.00013469827586206896,0.00045198754789272028,0.0010147270114942528,0.00045198754789272028,3.5919540229885057e-005,4.4899425287356321e-005,2.6939655172413793e-005,1.7959770114942528e-005,5.9865900383141764e-006,0,1.496647509578544e-005,2.0953065134099615e-005,5.9865900383141764e-006,0,3.2926245210727967e-005,2.6939655172413793e-005,1.1973180076628353e-005
1546100721,0.0011393229166666667,0.0019303385416666666,0.0023795572916666665,0.0023242187499999999,0.001728515625,0.00090494791666666664,0.00059244791666666669,0.00076171875000000003,0.0020898437500000001,0.0031575520833333334,0.0020312500000000001,0.00065104166666666663,0.0017447916666666666,0.0026822916666666666,0.0014973958333333334,0.00054036458333333334,0.0012792968750000001,0.0019824218749999998,0.0011979166666666666,0.00058268229166666668,0.0015722656250000001,0.0027180989583333332,0.0017447916666666666,0.00055664062499999995,0.00166015625,0.0023567708333333335,0.0017513020833333332,0.00052083333333333333,0.00126953125,0.0018782552083333333,0.0010677083333333333,0.00020182291666666667,0.00078450520833333334,0.0009830729166666666,0.00041341145833333334,0.00019531250000000001,0.00025716145833333331,0.00052408854166666663,0.00034505208333333333,0.00029622395833333334,0.00019531250000000001,0.00040690104166666668,0.00019856770833333334,0.00016601562500000001,0.0010807291666666667,0.0020996093749999999,0.0012467447916666666,0.00026367187500000002,0.00068359374999999996,0.0013085937500000001,0.0010481770833333333,0.00027018229166666667,0.00014648437499999999,0.00028320312499999998,3.5807291666666667e-005,3.2552083333333335e-006,2.9296874999999999e-005,4.8828125000000003e-005,3.2552083333333333e-005,1.953125e-005,4.8828125000000003e-005,0.00025716145833333331,0.00014973958333333332,9.7656250000000002e-006
2120987896,0.001220703125,0.0017024739583333334,0.0019889322916666666,0.0021614583333333334,0.0019270833333333334,0.0015527343750000001,0.0010872395833333333,0.0012760416666666666,0.0021223958333333333,0.00296875,0.0028255208333333335,0.0016569010416666668,0.0016243489583333333,0.0022623697916666669,0.0018001302083333333,0.0012890625000000001,0.0014388020833333334,0.0019856770833333332,0.0017415364583333334,0.0013802083333333333,0.0016471354166666668,0.0026367187500000002,0.0024055989583333334,0.0013085937500000001,0.001748046875,0.0029199218750000002,0.0026432291666666666,0.0012825520833333332,0.00091796874999999995,0.0015201822916666666,0.0011132812499999999,0.00056640624999999996,0.00064778645833333333,0.00078125000000000004,0.00056966145833333337,0.00053385416666666663,0.00091471354166666665,0.0013313802083333333,0.0012337239583333334,0.001005859375,0.00050455729166666672,0.00083007812499999998,0.00049479166666666671,0.00048502604166666665,0.00074544270833333331,0.0015527343750000001,0.0014127604166666668,0.00058268229166666668,0.00037760416666666666,0.0011393229166666667,0.0010449218750000001,0.00048177083333333335,7.1614583333333334e-005,0.00016276041666666666,0.00017252604166666667,5.8593749999999998e-005,0.00031901041666666666,0.0006119791666666667,0.00064453125000000003,0.00042643229166666665,0.00011393229166666667,0.00025390625000000001,0.00023763020833333335,6.5104166666666666e-005
2131100320,2.6041666666666668e-005,4.5572916666666669e-005,5.5338541666666664e-005,3.9062500000000001e-005,2.2786458333333334e-005,9.7656250000000002e-006,6.5104166666666671e-006,9.7656250000000005e-005,0.0016861979166666666,0.00013671875000000001,4.8828125000000003e-005,0.00010416666666666667,1.953125e-005,5.2083333333333337e-005,1.3020833333333334e-005,2.9296874999999999e-005,2.2786458333333334e-005,4.5572916666666669e-005,2.9296874999999999e-005,4.8828125000000003e-005,7.1614583333333334e-005,6.1848958333333339e-005,4.2317708333333335e-005,3.9062500000000001e-005,0.0028613281250000002,0.001181640625,0.000126953125,0.00012044270833333334,3.2552083333333333e-005,4.2317708333333335e-005,2.2786458333333334e-005,7.8125000000000002e-005,3.2552083333333335e-006,2.6041666666666668e-005,1.6276041666666666e-005,9.7656250000000002e-006,1.3020833333333334e-005,3.5807291666666667e-005,2.2786458333333334e-005,2.6041666666666668e-005,6.5104166666666671e-006,2.2786458333333334e-005,3.2552083333333333e-005,1.3020833333333334e-005,4.8828125000000003e-005,4.2317708333333335e-005,1.3020833333333334e-005,6.5104166666666671e-006,0.00022135416666666666,0.00050455729166666672,0.00028971354166666669,0.00011393229166666667,0,0,0,0,9.7656250000000002e-006,2.2786458333333334e-005,3.9062500000000001e-005,1.953125e-005,3.2552083333333335e-006,1.953125e-005,9.7656250000000002e-006,6.5104166666666671e-006
2318428651,0.0020607461734693877,0.0024394132653061226,0.0022361288265306122,0.0019610969387755103,0.0014907525510204083,0.0010243941326530611,0.00086495535714285711,0.0018415178571428571,0.0023557079081632654,0.002383609693877551,0.0014987244897959183,0.00086495535714285711,0.0023477359693877551,0.0021205357142857141,0.0012197066326530613,0.000821109693877551,0.0020487882653061223,0.0018853635204081633,0.0011160714285714285,0.00078922193877551023,0.0019850127551020408,0.0017458545918367346,0.00095264668367346943,0.00071348852040816326,0.0013990752551020409,0.0017777423469387756,0.0013512436224489795,0.00050621811224489796,0.00052614795918367349,0.00070153061224489791,0.00039859693877551021,9.5663265306122444e-005,0.00077327806122448974,0.00093271683673469389,0.00057796556122448979,0.00033083545918367348,0.0011240433673469388,0.0012914540816326532,0.00065768494897959181,0.00034677933673469386,0.00018734056122448979,0.00023517219387755102,0.00012356505102040815,6.3775510204081638e-005,0.00079719387755102043,0.0010204081632653062,0.00057796556122448979,0.00029894770408163266,0.0001833545918367347,0.00062579719387755104,0.00057796556122448979,0.00011160714285714285,4.384566326530612e-005,9.5663265306122444e-005,9.1677295918367348e-005,2.7901785714285713e-005,0.00014349489795918369,0.00026307397959183674,0.00013552295918367347,5.1817602040816324e-005,3.1887755102040819e-005,0.00014748086734693878,0.00010363520408163265,1.9929846938775509e-005
2319936172,0.001416015625,0.0018684895833333333,0.0017805989583333333,0.0014680989583333334,0.0013574218749999999,0.0011946614583333334,0.0010644531250000001,0.0012923177083333333,0.0024283854166666668,0.0027669270833333335,0.0023209635416666665,0.0011979166666666666,0.0015917968749999999,0.0017610677083333332,0.0015397135416666667,0.00099934895833333343,0.001171875,0.0012890625000000001,0.0011946614583333334,0.00093749999999999997,0.001435546875,0.0015722656250000001,0.0010351562500000001,0.00063802083333333332,0.0022428385416666669,0.0026888020833333334,0.0020800781249999999,0.00082682291666666668,0.0010221354166666666,0.0016569010416666668,0.0012141927083333334,0.00053385416666666663,0.00025390625000000001,0.00045898437499999997,0.00047200520833333334,0.00023437499999999999,0.00059895833333333329,0.00079101562500000005,0.00056966145833333337,0.00029622395833333334,0.00023763020833333335,0.00037434895833333336,0.00035156249999999999,0.00024088541666666667,0.00072265624999999999,0.0011002604166666667,0.00050781250000000002,0.00013020833333333333,0.00090169270833333334,0.001435546875,0.00075846354166666662,6.5104166666666666e-005,3.5807291666666667e-005,0.00015299479166666668,8.1380208333333329e-005,3.5807291666666667e-005,6.1848958333333339e-005,0.00014648437499999999,6.1848958333333339e-005,1.3020833333333334e-005,3.5807291666666667e-005,0.00019856770833333334,9.7656250000000005e-005,9.7656250000000002e-006
2387933639,0.0025945945945945945,0.0021561561561561564,0.0014534534534534536,0.0012492492492492493,0.0011471471471471472,0.0011951951951951951,0.0012132132132132132,0.0011351351351351351,0.0024744744744744744,0.0015195195195195196,0.0008288288288288288,0.00049249249249249251,0.0024204204204204202,0.0015435435435435436,0.0011591591591591593,0.0007447447447447447,0.0013333333333333333,0.0011051051051051051,0.001069069069069069,0.0010030030030030029,0.00034234234234234234,0.0001021021021021021,0.00011411411411411411,0.00030630630630630633,0.0013633633633633633,0.00066066066066066071,0.00021621621621621621,6.6066066066066071e-005,0.00070870870870870875,0.00033633633633633635,0.00013213213213213214,3.0030030030030029e-005,0.0002942942942942943,0.00028228228228228226,0.00016216216216216215,3.6036036036036038e-005,0.00033033033033033035,0.00051051051051051054,0.00042642642642642644,0.00028228228228228226,6.006006006006006e-006,0,6.006006006006006e-006,2.4024024024024024e-005,0.00022822822822822822,3.6036036036036038e-005,2.4024024024024024e-005,0,0.00044444444444444447,0.0004144144144144144,0.0002042042042042042,2.4024024024024024e-005,0,1.8018018018018019e-005,0,0,0,6.006006006006006e-006,6.006006006006006e-006,0,0.0002042042042042042,0.00012612612612612612,0,0
2509623843,0.0029520958083832337,0.0028562874251497005,0.0027724550898203591,0.0025868263473053893,0.0023892215568862276,0.0020179640718562875,0.0017005988023952095,0.0018802395209580839,0.0025868263473053893,0.0025389221556886229,0.0021856287425149699,0.0016167664670658684,0.0017544910179640718,0.0015748502994011977,0.0013473053892215569,0.00081437125748502997,0.0021796407185628742,0.002035928143712575,0.0015748502994011977,0.0011377245508982037,0.0024131736526946108,0.0022455089820359281,0.0017904191616766468,0.001341317365269461,0.0017664670658682634,0.0018383233532934132,0.0014910179640718563,0.00083832335329341316,0.00033532934131736525,0.00040119760479041914,0.00025748502994011978,0.00016766467065868263,0.00030538922155688621,0.00040119760479041914,0.00041317365269461078,0.00022754491017964071,0.00094011976047904194,0.00079640718562874247,0.00064670658682634732,0.00032934131736526946,0.00057485029940119764,0.00045508982035928142,0.00032335329341317366,0.00022155688622754491,0.0015269461077844311,0.0014431137724550899,0.001,0.00056287425149700594,0.00085029940119760476,0.0011796407185628742,0.00066467065868263471,0.00026946107784431137,0,5.9880239520958085e-006,5.9880239520958085e-006,5.9880239520958085e-006,0.00024550898203592813,0.00025149700598802393,0.00016167664670658683,2.9940119760479042e-005,0.00062275449101796402,0.00081437125748502997,0.00042514970059880238,9.5808383233532936e-005
2510454170,0.0022650602409638554,0.0022590361445783132,0.0024337349397590361,0.0022710843373493976,0.0020542168674698796,0.0017228915662650603,0.001608433734939759,0.001680722891566265,0.0020120481927710845,0.0019939759036144578,0.0018132530120481929,0.0016867469879518072,0.001108433734939759,0.0012530120481927711,0.0012409638554216867,0.0010180722891566265,0.0020963855421686746,0.0024518072289156628,0.0015120481927710842,0.0010301204819277109,0.0016987951807228916,0.0015963855421686746,0.0011867469879518072,0.00080722891566265063,0.0015060240963855422,0.0016506024096385541,0.0013734939759036144,0.00096987951807228916,0.00022289156626506025,0.00030722891566265062,0.00038554216867469878,0.00028313253012048192,0.00018674698795180723,0.00023493975903614457,0.00025301204819277106,0.00013855421686746988,0.00084939759036144582,0.0013253012048192771,0.00058433734939759038,0.00030120481927710846,0.00034939759036144581,0.00030722891566265062,0.00022891566265060241,0.00013253012048192772,0.00095783132530120484,0.0010120481927710842,0.00063855421686746989,0.00027710843373493976,0.00042771084337349396,0.00065060240963855421,0.00046385542168674699,0.00016265060240963855,0,0,0,0,7.8313253012048196e-005,0.00014457831325301204,9.0361445783132533e-005,1.2048192771084337e-005,0.00037349397590361445,0.00039156626506024094,0.00018674698795180723,3.614457831325301e-005
2510454376,0.0035060240963855423,0.0030000000000000001,0.0026686746987951808,0.002391566265060241,0.0022409638554216869,0.0023373493975903615,0.0024156626506024095,0.0026626506024096386,0.0033554216867469878,0.003066265060240964,0.0030120481927710845,0.0027951807228915665,0.0012228915662650603,0.0010843373493975904,0.0012168674698795181,0.0012590361445783133,0.0019939759036144578,0.0017650602409638554,0.0016024096385542168,0.001463855421686747,0.0024939759036144578,0.0019939759036144578,0.0017289156626506025,0.001572289156626506,0.0025120481927710845,0.002566265060240964,0.0025903614457831324,0.0021144578313253013,0.00051204819277108433,0.00059036144578313249,0.0005421686746987952,0.00053614457831325298,0.00010240963855421687,9.0361445783132533e-005,0.00016867469879518071,0.00013855421686746988,0.00087349397590361446,0.00080722891566265063,0.00090361445783132533,0.00073493975903614458,0.00049397590361445779,0.00040361445783132532,0.00037951807228915662,0.00025301204819277106,0.00092168674698795176,0.00083132530120481928,0.0007409638554216868,0.00045783132530120482,0.00046987951807228915,0.000891566265060241,0.00084939759036144582,0.00040361445783132532,1.2048192771084337e-005,3.614457831325301e-005,1.2048192771084337e-005,1.8072289156626505e-005,0.00045180722891566266,0.00048192771084337347,0.00036144578313253013,0.00019879518072289158,0,0,0,0
2510456772,0.003066265060240964,0.0024939759036144578,0.002078313253012048,0.0018554216867469879,0.0018493975903614457,0.0017168674698795181,0.0017469879518072289,0.0019036144578313252,0.0028433734939759038,0.0024457831325301205,0.0021445783132530119,0.0019879518072289156,0.0012409638554216867,0.00078313253012048188,0.00071686746987951805,0.0007409638554216868,0.0023012048192771082,0.0016686746987951808,0.0015120481927710842,0.0011987951807228916,0.0025963855421686746,0.0018975903614457832,0.0015240963855421687,0.0012168674698795181,0.0025060240963855423,0.002469879518072289,0.0022228915662650603,0.0015602409638554218,0.00020481927710843374,0.00030120481927710846,0.00028313253012048192,0.00030120481927710846,0.00027710843373493976,0.0002469879518072289,0.0002710843373493976,0.00018072289156626507,0.001,0.00098795180722891559,0.00089759036144578311,0.00058433734939759038,0.00075301204819277112,0.00058433734939759038,0.0004457831325301205,0.00029518072289156624,0.001289156626506024,0.0010602409638554217,0.00079518072289156631,0.00051807228915662655,0.00096385542168674694,0.0015060240963855422,0.0013253012048192771,0.0005963855421686747,0,1.2048192771084337e-005,4.2168674698795179e-005,6.0240963855421684e-006,0.00040963855421686748,0.00040361445783132532,0.00029518072289156624,0.00010240963855421687,0.00038554216867469878,0.0005421686746987952,0.00045783132530120482,0.00022891566265060241
2510457104,0.003119760479041916,0.0024131736526946108,0.0021077844311377246,0.0018502994011976048,0.001718562874251497,0.0015389221556886227,0.0013832335329341317,0.0015149700598802395,0.0031497005988023953,0.0026407185628742513,0.001910179640718563,0.001245508982035928,0.0011976047904191617,0.00082035928143712577,0.00067664670658682631,0.00053293413173652695,0.0019760479041916169,0.0014610778443113772,0.001191616766467066,0.00082634730538922157,0.0030239520958083833,0.0023173652694610776,0.001778443113772455,0.0011616766467065869,0.0032634730538922156,0.0031796407185628742,0.0028323353293413173,0.001059880239520958,0.0003532934131736527,0.00041916167664670658,0.00029940119760479042,0.00023952095808383233,0.00011377245508982036,0.00019161676646706587,0.00014970059880239521,0.00010179640718562875,0.00055688622754491014,0.00047904191616766467,0.00038922155688622754,0.00027544910179640717,0.00047305389221556887,0.00040718562874251499,0.00025748502994011978,0.00011377245508982036,0.0028502994011976048,0.0027724550898203591,0.0017425149700598802,0.00055688622754491014,0.0021317365269461078,0.0026347305389221557,0.0022335329341317367,0.00065269461077844312,1.1976047904191617e-005,2.3952095808383234e-005,1.1976047904191617e-005,1.1976047904191617e-005,6.5868263473053894e-005,0.00011377245508982036,0.00011976047904191617,5.3892215568862272e-005,0.00049700598802395206,0.00093413173652694614,0.00048502994011976046,0.00019161676646706587
2528429163,0.00062174479166666671,0.0011979166666666666,0.0015364583333333333,0.0015299479166666667,0.0010384114583333332,0.0015332031250000001,0.00059244791666666669,0.00012044270833333334,0.0011002604166666667,0.0016959635416666666,0.0011848958333333334,0.00040690104166666668,0.00079752604166666665,0.0015657552083333333,0.00076497395833333333,0.00027994791666666668,0.00062174479166666671,0.0008463541666666667,0.0010123697916666666,0.00036783854166666665,0.00042317708333333335,0.00090494791666666664,0.00052083333333333333,0.00017252604166666667,0.00050130208333333331,0.0008626302083333333,0.00058919270833333339,4.8828125000000003e-005,0.00010091145833333333,0.00033528645833333332,0.00013671875000000001,1.953125e-005,0.00023111979166666666,0.00046874999999999998,0.00039713541666666668,0.00013346354166666666,0.00018880208333333333,0.00031901041666666666,0.00096354166666666669,0.00019856770833333334,5.5338541666666664e-005,5.2083333333333337e-005,4.8828125000000003e-005,1.953125e-005,0.00020507812499999999,0.00037434895833333336,0.00020833333333333335,2.6041666666666668e-005,0.00027669270833333333,0.00044921875000000002,0.00023437499999999999,0,0,3.2552083333333335e-006,1.6276041666666666e-005,0,4.5572916666666669e-005,4.8828125000000003e-005,2.6041666666666668e-005,1.6276041666666666e-005,1.3020833333333334e-005,5.5338541666666664e-005,3.2552083333333335e-006,3.2552083333333335e-006
2536699431,0.00099720528455284562,0.0010734247967479674,0.001410060975609756,0.0011496443089430894,0.0011814024390243902,0.0010734247967479674,0.0011242378048780487,0.00032393292682926831,0.0019880589430894308,0.0024009146341463414,0.0018038617886178862,0.0012703252032520325,0.0011115345528455284,0.0015561483739837398,0.0010162601626016261,0.00074314024390243903,0.0007367886178861789,0.00082571138211382118,0.0009209857723577236,0.00048907520325203256,0.0007748983739837398,0.0010289634146341464,0.00070503048780487802,0.00041285569105691059,0.0019817073170731708,0.0022294207317073169,0.0013973577235772358,0.00058434959349593497,0.00090828252032520323,0.0013465447154471545,0.00045731707317073173,0.00017149390243902438,0.00035569105691056913,0.0005335365853658537,0.00047637195121951218,0.00026041666666666666,0.00031758130081300812,0.00056529471544715447,0.0012703252032520325,0.00093368902439024386,5.0813008130081301e-005,0.00010797764227642276,6.9867886178861792e-005,5.7164634146341467e-005,0.00034298780487804876,0.00061610772357723574,0.00032393292682926831,0.00012703252032520327,0.00062245934959349598,0.0011941056910569105,0.00048907520325203256,0,5.0813008130081301e-005,5.7164634146341467e-005,3.8109756097560976e-005,1.2703252032520325e-005,5.0813008130081301e-005,4.4461382113821142e-005,0.00066692073170731712,0.00040650406504065041,6.3516260162601633e-005,8.257113821138211e-005,3.1758130081300816e-005,6.3516260162601626e-006
2581808992,0.00067057291666666665,0.00062500000000000001,0.00059570312499999999,0.00088216145833333332,0.00059895833333333329,0.00047200520833333334,0.00038085937500000001,0.00053059895833333333,0.0015787760416666667,0.002158203125,0.00125,0.00052734375000000003,0.00033854166666666668,0.00034505208333333333,0.00016601562500000001,0.00023763020833333335,0.00015950520833333333,0.00036783854166666665,0.00047851562499999999,0.00049804687500000001,0.000107421875,0.00038736979166666667,0.00040690104166666668,0.00040364583333333333,0.00077148437500000003,0.0016927083333333334,0.00074218750000000001,0.00013020833333333333,0.00023437499999999999,0.00072591145833333329,0.00015625,8.463541666666667e-005,9.7656250000000002e-006,1.3020833333333334e-005,4.5572916666666669e-005,6.1848958333333339e-005,5.5338541666666664e-005,0.000244140625,0.00032552083333333332,0.000302734375,1.6276041666666666e-005,0.00013346354166666666,0.00022135416666666666,0.00019856770833333334,1.3020833333333334e-005,3.5807291666666667e-005,3.5807291666666667e-005,4.8828125000000003e-005,1.6276041666666666e-005,7.8125000000000002e-005,9.1145833333333337e-005,3.2552083333333333e-005,0,6.5104166666666671e-006,1.953125e-005,1.6276041666666666e-005,3.2552083333333335e-006,6.5104166666666666e-005,0.00013346354166666666,0.00011067708333333333,0,3.2552083333333335e-006,1.6276041666666666e-005,1.3020833333333334e-005
2647205379,0.0013708419958419959,0.0017216735966735968,0.001874350311850312,0.0017216735966735968,0.0011304573804573805,0.00085433991683991689,0.00055873180873180876,0.0013026247401247402,0.0018451143451143452,0.0023681133056133057,0.0013026247401247402,0.0004677754677754678,0.0015819906444906446,0.0019815488565488567,0.0012181652806652807,0.00064319126819126823,0.0013286122661122662,0.0015495062370062371,0.00097453222453222459,0.0011596933471933473,0.0011856808731808732,0.0013870841995841997,0.00065293659043659047,0.00038656444906444909,0.0016047297297297298,0.0021017411642411644,0.00092580561330561336,0.00030210498960498962,0.000581470893970894,0.00092580561330561336,0.00040605509355509358,9.0956340956340961e-005,0.00060745841995841999,0.00084784303534303539,0.00055548336798336801,0.00023063929313929315,0.00054248960498960502,0.00078287422037422042,0.00050350831600831604,0.00039630977130977133,0.00016567047817047818,0.0001201923076923077,0.0001201923076923077,5.8471933471933475e-005,0.0008153586278586279,0.001175935550935551,0.00038331600831600834,0.00014942827442827444,0.00035083160083160085,0.00089007276507276512,0.00033458939708939711,5.8471933471933475e-005,4.5478170478170481e-005,8.7707900207900213e-005,3.2484407484407486e-005,3.2484407484407486e-006,5.5223492723492727e-005,0.00010395010395010396,8.4459459459459464e-005,1.9490644490644492e-005,0.0001071985446985447,0.00021764553014553016,8.1211018711018716e-005,3.2484407484407486e-005
2830528549,0.0014322916666666666,0.001728515625,0.0021744791666666666,0.0017220052083333334,0.001015625,0.00071614583333333328,0.00056640624999999996,0.00079752604166666665,0.0024674479166666668,0.0030045572916666667,0.0017154947916666666,0.00079752604166666665,0.0015722656250000001,0.0019303385416666666,0.00092773437499999996,0.00059244791666666669,0.00080729166666666666,0.0008561197916666667,0.00062500000000000001,0.00077148437500000003,0.0010514322916666667,0.0017447916666666666,0.00063802083333333332,0.00027994791666666668,0.0017024739583333334,0.0023404947916666665,0.0013444010416666667,0.00052734375000000003,0.0011035156249999999,0.001416015625,0.00064453125000000003,0.00026367187500000002,0.00035156249999999999,0.00055664062499999995,0.00030924479166666665,0.00011067708333333333,0.000185546875,0.00027669270833333333,0.00024088541666666667,0.00036458333333333335,0.00013020833333333333,0.00021809895833333333,0.00017578124999999999,0.00011067708333333333,0.00043945312500000001,0.0011360677083333333,0.00040364583333333333,9.4401041666666665e-005,0.00018880208333333333,0.00062825520833333331,0.00028971354166666669,3.5807291666666667e-005,1.6276041666666666e-005,1.3020833333333334e-005,1.3020833333333334e-005,3.2552083333333335e-006,4.8828125000000003e-005,8.7890624999999997e-005,2.2786458333333334e-005,3.2552083333333335e-006,5.5338541666666664e-005,0.00021158854166666667,0.00011067708333333333,0
2867436565,0.00090576171874999999,0.00151611328125,0.0017919921875,0.0018579101562500001,0.0018896484375000001,0.00176025390625,0.00092529296875000001,0.00058105468749999997,0.00178955078125,0.0024853515624999999,0.0030590820312499998,0.001748046875,0.00058837890625000003,0.0012036132812499999,0.0012158203125000001,0.00053710937500000004,0.00093994140625000002,0.0015893554687499999,0.0016308593749999999,0.00068359374999999996,0.001416015625,0.0020654296875000002,0.0025317382812499998,0.0010791015625,0.00099365234375000007,0.0024755859375000001,0.0025512695312499998,0.0015820312500000001,8.0566406250000004e-005,0.00021484375,0.00014648437499999999,7.0800781249999995e-005,0.00011962890625,0.000244140625,0.00033691406249999997,0.000185546875,0.00032714843750000002,0.00083496093749999998,0.00096923828125000005,0.00036376953125,0.00016113281250000001,0.00042236328125,0.00041259765624999999,0.0001123046875,0.00049560546874999995,0.0019140625,0.00166748046875,0.00074951171874999996,0.00016845703124999999,0.00041748046874999999,0.00034667968749999998,4.1503906250000003e-005,3.1738281250000001e-005,2.9296874999999999e-005,1.953125e-005,7.3242187499999997e-006,0.0001123046875,0.00014648437499999999,6.103515625e-005,2.4414062500000001e-005,5.1269531249999998e-005,0.00026367187500000002,0.00023681640624999999,1.4648437499999999e-005
2926691189,0.0015983072916666667,0.00171875,0.0020182291666666669,0.0019856770833333332,0.0019108072916666668,0.0018749999999999999,0.0016048177083333333,0.0014225260416666668,0.0023209635416666665,0.0032259114583333332,0.0027604166666666667,0.0022265624999999998,0.0014029947916666668,0.0016634114583333334,0.0016861979166666666,0.0014388020833333334,0.0012467447916666666,0.0016829427083333334,0.0013281250000000001,0.0011946614583333334,0.0015657552083333333,0.0016731770833333334,0.0016243489583333333,0.0013248697916666667,0.0018587239583333333,0.0026595052083333332,0.0025520833333333333,0.0015625000000000001,0.0011653645833333334,0.0014680989583333334,0.0013509114583333333,0.00075195312500000002,0.00072265624999999999,0.00071940104166666669,0.00068033854166666666,0.00052734375000000003,0.00051106770833333332,0.00066080729166666664,0.00074218750000000001,0.00068359374999999996,0.00043945312500000001,0.0006184895833333333,0.00055989583333333336,0.00053059895833333333,0.00082031249999999997,0.0010026041666666666,0.000859375,0.00068684895833333337,0.0010416666666666667,0.00142578125,0.0011751302083333334,0.0006119791666666667,0.00046223958333333333,0.00035481770833333334,0.00015950520833333333,2.9296874999999999e-005,9.4401041666666665e-005,0.00020182291666666667,0.00025065104166666665,0.00012369791666666668,7.8125000000000002e-005,0.00013671875000000001,0.00014648437499999999,6.5104166666666666e-005
3015245912,0.0011197916666666667,0.0014811197916666666,0.0008463541666666667,0.00029296874999999999,0.000107421875,3.9062500000000001e-005,1.3020833333333334e-005,0.00031901041666666666,0.0012369791666666666,0.00068033854166666666,0.00012044270833333334,0.00045572916666666667,0.00087890625000000002,0.00026367187500000002,2.9296874999999999e-005,0.00019531250000000001,0.00083984374999999999,0.00071614583333333328,0.00020507812499999999,0.00015950520833333333,0.00055989583333333336,0.00054036458333333334,9.7656250000000005e-005,0.00029622395833333334,0.0007291666666666667,0.00076822916666666663,0.00041341145833333334,0.001416015625,0.00032877604166666667,0.00022786458333333334,0.00011393229166666667,0.00044921875000000002,9.7656250000000005e-005,5.2083333333333337e-005,2.6041666666666668e-005,2.6041666666666668e-005,0.00010091145833333333,0.000185546875,0.00016601562500000001,2.6041666666666668e-005,6.8359375000000007e-005,9.4401041666666665e-005,4.2317708333333335e-005,3.2552083333333335e-006,0.00035156249999999999,0.00039388020833333332,0.00017252604166666667,0.000615234375,0.00047526041666666669,0.00081380208333333337,0.00044270833333333331,0.00095377604166666668,0,3.2552083333333335e-006,0,3.2552083333333335e-006,0,0,0,0,0.00013671875000000001,0.00025716145833333331,0.00013020833333333333,3.9062500000000001e-005
3105342248,0.0022949218750000001,0.0022884114583333333,0.0018424479166666667,0.00197265625,0.0020996093749999999,0.0019824218749999998,0.0016015624999999999,0.0013606770833333333,0.0027408854166666666,0.0025325520833333333,0.00197265625,0.0013997395833333333,0.00171875,0.0013476562499999999,0.0010611979166666667,0.00090820312500000005,0.0017057291666666666,0.0017675781250000001,0.0020117187500000001,0.0016569010416666668,0.0018912760416666668,0.0013997395833333333,0.0012825520833333332,0.00074218750000000001,0.0020149739583333335,0.002197265625,0.0011783854166666668,0.00040364583333333333,0.0013964843749999999,0.0015266927083333332,0.00094726562499999997,0.00064127604166666662,0.00013346354166666666,0.00013997395833333334,0.0001171875,5.8593749999999998e-005,0.00076822916666666663,0.00096028645833333328,0.0010774739583333333,0.00094075520833333337,0.00083007812499999998,0.00095052083333333338,0.00093424479166666667,0.00075195312500000002,0.00080403645833333336,0.00078450520833333334,0.00025390625000000001,2.9296874999999999e-005,0.00074869791666666672,0.0011751302083333334,0.00048177083333333335,0.0001171875,0.000244140625,0.00024088541666666667,6.5104166666666671e-006,0,0.0001171875,0.00022135416666666666,0.000244140625,0.00012044270833333334,8.7890624999999997e-005,0.00026367187500000002,0.000107421875,0
3750024815,0.0014322916666666666,0.0014241536458333333,0.0011474609375,0.00090603298611111114,0.00068630642361111106,0.00050998263888888892,0.00055338541666666665,0.00062662760416666672,0.0018391927083333333,0.0022542317708333331,0.0015652126736111112,0.001003689236111111,0.0014458550347222223,0.0012451171874999999,0.00077039930555555553,0.0006157769097222222,0.0013292100694444445,0.00096028645833333328,0.00067003038194444445,0.00070529513888888888,0.0011528862847222222,0.0008572048611111111,0.00071885850694444449,0.00053710937500000004,0.001559787326388889,0.0019721137152777777,0.001736111111111111,0.0010823567708333334,0.0012993706597222222,0.0014621310763888889,0.0012451171874999999,0.00046115451388888888,0.00050998263888888892,0.00054253472222222225,0.00047200520833333334,0.00022786458333333334,0.00070258246527777778,0.00081108940972222227,0.00092230902777777775,0.00059136284722222218,0.00054796006944444445,0.0003607855902777778,0.00029839409722222225,0.00019259982638888888,0.00046657986111111113,0.00053710937500000004,0.00035536024305555554,0.00023057725694444444,0.0010606553819444444,0.0014078776041666667,0.0011203342013888888,0.0003716362847222222,0.00021701388888888888,0.00028211805555555553,8.951822916666666e-005,8.1380208333333332e-006,0.00020616319444444444,0.00055067274305555555,0.0010904947916666667,0.0003662109375,7.5954861111111112e-005,0.00013834635416666666,0.0001220703125,4.8828125000000003e-005
3952236664,0.0020312500000000001,0.00171875,0.0014615885416666666,0.00099609375000000002,0.00082356770833333338,0.00065104166666666663,0.0006184895833333333,0.00071289062499999998,0.0022298177083333332,0.0022298177083333332,0.001689453125,0.00092122395833333336,0.0017578125,0.0012239583333333334,0.0008561197916666667,0.00078776041666666664,0.0014453125,0.0010319010416666666,0.0007291666666666667,0.00089518229166666663,0.0016048177083333333,0.0010904947916666667,0.00056315104166666666,0.00054036458333333334,0.0018554687499999999,0.0024641927083333334,0.0021647135416666668,0.0010937500000000001,0.00075195312500000002,0.00091471354166666665,0.00057617187499999997,0.00033528645833333332,0.00042317708333333335,0.00044270833333333331,0.00043294270833333336,0.00033203125000000002,0.00052408854166666663,0.00065104166666666663,0.00081054687499999996,0.0012109375,0.00020833333333333335,0.00019531250000000001,0.000107421875,9.7656250000000005e-005,0.00075195312500000002,0.00074544270833333331,0.00039713541666666668,0.00021484375,0.00065429687500000004,0.0014485677083333334,0.0013867187499999999,0.00042643229166666665,2.6041666666666668e-005,2.6041666666666668e-005,2.6041666666666668e-005,3.2552083333333335e-006,7.4869791666666661e-005,0.00018880208333333333,0.00067057291666666665,0.00054361979166666664,0.00012369791666666668,0.00021158854166666667,0.00013997395833333334,2.2786458333333334e-005
4080787755,0.0014127604166666668,0.0015006510416666666,0.0012565104166666666,0.0011881510416666666,0.0013997395833333333,0.0012369791666666666,0.00089192708333333333,0.0019140625,0.0019563802083333334,0.0021875000000000002,0.0021093750000000001,0.0015299479166666667,0.0013118489583333333,0.0011686197916666668,0.0010970052083333333,0.00082682291666666668,0.00126953125,0.00099934895833333343,0.00099609375000000002,0.00091471354166666665,0.0014680989583333334,0.0013541666666666667,0.0011100260416666667,0.00083333333333333339,0.0021712239583333332,0.0024251302083333334,0.002158203125,0.0012467447916666666,0.0013020833333333333,0.0015429687500000001,0.0012141927083333334,0.00075520833333333332,0.00029622395833333334,0.00023111979166666666,0.00026367187500000002,0.000185546875,0.00045898437499999997,0.00054361979166666664,0.00055338541666666665,0.00038736979166666667,0.00032226562500000002,0.00041341145833333334,0.00033203125000000002,0.00023763020833333335,0.00083658854166666669,0.00099609375000000002,0.0004915364583333333,0.00020182291666666667,0.0013444010416666667,0.0019889322916666666,0.0014322916666666666,0.00026367187500000002,5.2083333333333337e-005,5.2083333333333337e-005,6.5104166666666671e-006,6.5104166666666671e-006,0.00016601562500000001,0.00032877604166666667,0.00025716145833333331,1.953125e-005,5.5338541666666664e-005,0.00021484375,0.00017252604166666667,3.5807291666666667e-005
4177029943,0.0019208037825059101,0.0021424349881796691,0.0017656619385342789,0.0013556442080378251,0.0012632978723404256,0.0012411347517730497,0.0011377068557919621,0.0017250295508274233,0.0026300236406619384,0.0028590425531914892,0.0016031323877068557,0.0011746453900709219,0.001743498817966903,0.0015698877068557921,0.00089021867612293143,0.00082742316784869977,0.001385195035460993,0.00098625886524822686,0.00090130023640661939,0.00083111702127659575,0.0019799054373522457,0.0016474586288416076,0.0011931146572104019,0.00098256501182033087,0.0024564125295508275,0.0025930851063829786,0.0019281914893617021,0.00072399527186761225,0.0015255614657210402,0.0016880910165484634,0.00090499408983451537,0.00031028368794326243,0.00060579196217494091,0.00054299645390070924,0.00026965130023640663,0.00012559101654846335,0.0003693853427895981,0.00042109929078014186,0.00028812056737588651,0.00016252955082742316,0.00038046690307328606,0.00033244680851063829,0.00026965130023640663,0.00016991725768321513,0.0012300531914893617,0.0013002364066193853,0.00071660756501182028,0.00036569148936170211,0.00088283096926713945,0.0012891548463356973,0.0010970744680851064,0.00032505910165484632,8.4958628841607566e-005,9.2346335697399525e-005,2.5856973995271868e-005,0,1.1081560283687944e-005,1.8469267139479905e-005,3.6938534278959809e-006,0,0.00011081560283687943,0.00013667257683215131,2.9550827423167847e-005,3.6938534278959809e-006
4521374221,0.00098242496050552925,0.0014440165876777251,0.0013255331753554503,0.0011996445497630332,0.0011601500789889415,0.0011206556082148499,0.001029324644549763,0.0017056674565560821,0.0016513625592417061,0.002285742496050553,0.0020660545023696683,0.0013329383886255925,0.0011181872037914692,0.0011675552922590837,0.00099970379146919423,0.00063931674565560824,0.0010490718799368089,0.0011897709320695103,0.0010441350710900473,0.00089356240126382304,0.00084666271721958925,0.0010638823064770932,0.00074052132701421796,0.00053564375987361773,0.0014835110584518168,0.0024856832543443917,0.0022832740916271721,0.00090837282780410744,0.00092565165876777253,0.0017130726698262244,0.0014637638230647709,0.00046159162717219587,4.6899684044233806e-005,0.0001950039494470774,0.00011601500789889415,3.4557661927330176e-005,0.00026905608214849921,0.0006886848341232227,0.00063684834123222745,0.00033323459715639813,1.4810426540284361e-005,0.00014316745655608214,0.00012588862559241706,5.1836492890995261e-005,0.0002320300157977883,0.00044924960505529225,0.00013329383886255924,2.7152448657187994e-005,0.00068374802527646134,0.0014218009478672985,0.0010910347551342811,4.9368088467614533e-005,1.4810426540284361e-005,1.4810426540284361e-005,1.4810426540284361e-005,1.4810426540284361e-005,5.4304897314375988e-005,0.0003677922590837283,0.000261650868878357,2.2215639810426539e-005,1.2342022116903633e-005,3.9494470774091624e-005,1.4810426540284361e-005,0
4626702800,0.001601148409893993,0.0016287544169611308,0.0015266121908127208,0.0014796819787985865,0.0015956272084805653,0.001625993816254417,0.0013554549469964663,0.0015956272084805653,0.0024127650176678445,0.0026750220848056538,0.0024265680212014135,0.0019462234982332155,0.002318904593639576,0.0022747349823321553,0.0020704505300353357,0.0014106669611307421,0.0014079063604240283,0.001573542402826855,0.0016342756183745583,0.0015210909893992933,0.0012947217314487633,0.0014824425795053003,0.0016922482332155477,0.0014051457597173145,0.0021670715547703178,0.0028627429328621909,0.0025618374558303886,0.0013002429328621908,0.002785446113074205,0.0033486086572438161,0.0028903489399293284,0.001021422261484099,0.0018551236749116608,0.0019020538869257951,0.0014575971731448764,0.00069567137809187283,0.00038372349823321557,0.00093584363957597172,0.0011042402826855124,0.0009413648409893993,0.00016011484098939929,0.00048034452296819789,0.00072603798586572436,0.00069567137809187283,0.00049966872791519436,0.00096621024734982336,0.00093860424028268546,0.00069567137809187283,0.0023989620141342755,0.0031746908127208481,0.0024155256183745581,0.0003009054770318021,0.0020814929328621906,0.0029069125441696115,0.0019517446996466432,0.00010490282685512367,3.0366607773851592e-005,0.00019048144876325089,0.00022636925795053002,6.349381625441696e-005,3.5887809187279151e-005,0.000201523851590106,0.00022360865724381626,5.7972614840989401e-005
4633577801,0.0024699941451990634,0.00013905152224824357,0.0001244145199063232,9.8799765807962536e-005,8.0503512880562061e-005,2.9274004683840749e-005,6.9525761124121787e-005,0.00035860655737704917,0.0030847482435597188,0.00031103629976580798,0.00023053278688524591,0.00043179156908665107,0.00075380562060889931,8.7822014051522248e-005,8.7822014051522248e-005,0.00013173302107728337,0.00048668032786885248,3.6592505854800937e-005,3.6592505854800937e-005,8.4162763466042161e-005,0.00073185011709601879,6.9525761124121787e-005,4.3911007025761124e-005,0.00011343676814988291,0.0028651932084309134,0.00081967213114754098,0.00053059133489461363,0.00041715456674473067,0.0010758196721311476,0.00031835480093676816,0.00027078454332552692,0.0002415105386416862,0,1.0977751756440281e-005,1.4637002341920375e-005,7.3185011709601873e-006,3.6592505854800937e-006,0,3.6592505854800937e-006,0,7.3185011709601873e-006,1.4637002341920375e-005,1.8296252927400468e-005,2.5614754098360656e-005,0.00010611826697892272,2.5614754098360656e-005,1.4637002341920375e-005,2.9274004683840749e-005,0.0015405444964871195,0.0012843969555035128,0.00077576112412177983,0.00026346604215456674,0,3.6592505854800937e-006,1.0977751756440281e-005,0,0,0,0,0,0,0,0,0
474897814,0.0024641927083333334,0.00014648437499999999,7.8125000000000002e-005,5.5338541666666664e-005,0,0,0,4.8828125000000003e-005,0.0025683593749999999,0.00012044270833333334,2.6041666666666668e-005,5.5338541666666664e-005,0.0018196614583333333,2.9296874999999999e-005,0,3.2552083333333333e-005,0.0011458333333333333,0.00029296874999999999,1.3020833333333334e-005,4.2317708333333335e-005,0.0023242187499999999,0.00025390625000000001,3.9062500000000001e-005,4.5572916666666669e-005,0.001923828125,0.00026041666666666666,9.1145833333333337e-005,7.1614583333333334e-005,0.00030924479166666665,1.3020833333333334e-005,3.2552083333333335e-006,8.1380208333333329e-005,0.00013671875000000001,1.953125e-005,3.2552083333333335e-006,3.2552083333333335e-006,0.00029296874999999999,0.00065429687500000004,2.2786458333333334e-005,9.7656250000000002e-006,0.00031575520833333331,0.00053385416666666663,2.2786458333333334e-005,6.5104166666666671e-006,0.001708984375,0.00028645833333333333,6.8359375000000007e-005,9.7656250000000002e-006,0.0010872395833333333,0.00070963541666666668,0.000302734375,0.00016927083333333334,3.2552083333333335e-006,6.5104166666666671e-006,6.5104166666666671e-006,3.2552083333333335e-006,0.00014973958333333332,0.00064778645833333333,1.3020833333333334e-005,3.2552083333333335e-006,0.00055664062499999995,0.00029296874999999999,3.9062500000000001e-005,0
4789603169,0.0015316205533596838,0.0017416007905138339,0.0014328063241106719,0.001065340909090909,0.00077198616600790513,0.00056818181818181815,0.00040143280632411069,0.0013031126482213439,0.0019515810276679842,0.0018929100790513833,0.0010838685770750988,0.00064538043478260866,0.0016829298418972332,0.0014883893280632412,0.00079977766798418977,0.00047863142292490119,0.0013463438735177866,0.0011456274703557313,0.00067008399209486169,0.0013309041501976284,0.0010529891304347826,0.00091711956521739132,0.00053730237154150202,0.00033349802371541505,0.001522356719367589,0.0018651185770750989,0.0011610671936758893,0.00071949110671936756,0.0011147480237154151,0.0013062005928853755,0.00066082015810276678,0.00030879446640316206,0.00023159584980237153,0.00029335474308300394,0.00013586956521739131,4.3231225296442689e-005,0.00021615612648221344,0.00050642292490118577,0.00034893774703557311,0.00057435770750988147,3.3967391304347826e-005,6.4846837944664037e-005,7.4110671936758899e-005,4.9407114624505928e-005,0.00035202569169960472,0.00053421442687747031,0.00022233201581027667,8.3374505928853761e-005,0.000447751976284585,0.0011085721343873519,0.00089550395256916999,0.00027791501976284587,3.0879446640316205e-006,2.4703557312252964e-005,0,0,4.3231225296442689e-005,0.0001049901185770751,4.3231225296442689e-005,0,6.4846837944664037e-005,9.8814229249011856e-005,3.3967391304347826e-005,3.0879446640316205e-006
5110836602,0.0010878164556962025,0.0012394514767932489,0.0015427215189873418,0.0012130801687763714,0.00068565400843881861,0.00051753691983122364,0.00042523734177215189,0.0014273470464135022,0.001061445147679325,0.0016185390295358651,0.00075158227848101265,0.00025712025316455698,0.00098233122362869209,0.0015592035864978903,0.00063620780590717299,0.00047138713080168776,0.0011768196202531645,0.0011998945147679325,0.0005274261603375527,0.00088343881856540085,0.00088343881856540085,0.0012262658227848102,0.00045490506329113923,0.00020767405063291139,0.00047797995780590719,0.00095595991561181438,0.00051094409282700427,8.9003164556962025e-005,0.00064939345991561184,0.00060324367088607591,7.9113924050632913e-005,3.2964135021097044e-005,0.000435126582278481,0.0005010548523206751,0.00024723101265822786,3.2964135021097044e-005,0.00020437763713080167,0.0005274261603375527,0.00032304852320675108,0.00016482067510548522,1.6482067510548522e-005,5.9335443037974681e-005,2.6371308016877638e-005,2.3074894514767931e-005,9.8892405063291138e-005,0.000290084388185654,0.00016811708860759494,1.9778481012658228e-005,0.00011207805907172996,0.00068235759493670881,0.00022085970464135021,0,9.8892405063291141e-006,1.6482067510548522e-005,2.3074894514767931e-005,0,0,6.5928270042194094e-006,3.2964135021097047e-006,0,3.2964135021097047e-006,1.9778481012658228e-005,9.8892405063291141e-006,0
5445568497,0.0016243489583333333,0.001689453125,0.0018294270833333333,0.0021940104166666666,0.0023111979166666667,0.0014908854166666666,0.00072591145833333329,0.00094401041666666667,0.001708984375,0.0022786458333333335,0.0020312500000000001,0.00091796874999999995,0.0013964843749999999,0.0015885416666666667,0.0013248697916666667,0.00056640624999999996,0.0013769531249999999,0.0020735677083333335,0.0018782552083333333,0.00072265624999999999,0.0012858072916666667,0.0018587239583333333,0.001728515625,0.00051757812500000003,0.001025390625,0.0012792968750000001,0.0011881510416666666,0.00059570312499999999,0.00032552083333333332,0.00039388020833333332,0.00033203125000000002,0.00013020833333333333,0.00019531250000000001,0.00031901041666666666,0.00028320312499999998,0.00011393229166666667,0.00046874999999999998,0.00080078124999999995,0.00076822916666666663,0.00047526041666666669,0.000185546875,0.00029947916666666664,0.00023763020833333335,0.00015950520833333333,0.00056315104166666666,0.00086588541666666671,0.00058593749999999998,0.00018229166666666667,0.00013671875000000001,0.00047851562499999999,0.00033203125000000002,0.000107421875,6.5104166666666671e-006,2.9296874999999999e-005,3.2552083333333335e-006,0,3.9062500000000001e-005,0.00013997395833333334,0.00017903645833333332,8.463541666666667e-005,6.1848958333333339e-005,0.000126953125,0.00010091145833333333,2.9296874999999999e-005
5662265128,0.00077557506053268761,0.0018727300242130751,0.0022699757869249393,0.0022056598062953994,0.0022548426150121067,0.0022283595641646491,0.0021943099273607747,0.0021980932203389831,0.0021413438256658594,0.0030228510895883775,0.0028488196125907991,0.0025158898305084744,0.0020051452784503633,0.0026407384987893463,0.0023342917675544792,0.0014792675544794188,0.0016873486682808716,0.0024440072639225182,0.0023910411622276029,0.0021413438256658594,0.00072639225181598058,0.00090799031476997583,0.00080584140435835351,0.0010744552058111381,0.00099122276029055679,0.0018954297820823244,0.0020013619854721549,0.0011917372881355933,0.0023380750605326876,0.0031552663438256657,0.0031023002421307505,0.0024061743341404359,0.00081719128329297826,0.0010063559322033898,0.00018159806295399514,3.7832929782082325e-006,0.00052966101694915254,0.001123638014527845,0.0012068704600484261,0.00069612590799031479,7.1882566585956416e-005,0.00062424334140435836,0.0010858050847457627,0.00094960653753026637,0.00056749394673123483,0.00053344430992736079,0.00016646489104116222,9.4582324455205809e-005,0.00081340799031477001,0.0027542372881355932,0.0028336864406779661,0.0011690375302663438,0.00018538135593220339,0.00063937651331719126,0.00020808111380145279,0,1.513317191283293e-005,0.00013619854721549636,0.00014754842615012105,1.8916464891041163e-005,0.00031023002421307506,0.00027239709443099272,6.0532687651331719e-005,2.2699757869249393e-005
5698766031,0.0006076388888888889,0.00099392361111111101,0.0017578125,0.0023480902777777779,0.0024522569444444444,0.0017317708333333334,0.00072482638888888889,0.00034288194444444443,0.00052083333333333333,0.0011414930555555555,0.0015147569444444444,0.00036458333333333335,0.00018663194444444445,0.00022135416666666666,0.00020399305555555557,0.00013454861111111111,0.00063368055555555552,0.0015755208333333333,0.0013454861111111111,0.00026041666666666666,0.00043402777777777775,0.00065538194444444444,0.00056423611111111106,6.5104166666666666e-005,0.00016493055555555556,0.00020833333333333335,0.0004904513888888889,3.9062500000000001e-005,4.3402777777777778e-006,1.3020833333333334e-005,2.170138888888889e-005,0,2.170138888888889e-005,3.9062500000000001e-005,3.9062500000000001e-005,1.7361111111111111e-005,0.0001171875,0.00020833333333333335,0.00023003472222222221,0.00013020833333333333,1.7361111111111111e-005,3.9062500000000001e-005,2.6041666666666668e-005,1.3020833333333334e-005,0.00026041666666666666,0.00029513888888888889,0.00012152777777777777,3.4722222222222222e-005,4.7743055555555558e-005,0.0001779513888888889,3.9062500000000001e-005,0,0,1.3020833333333334e-005,1.3020833333333334e-005,8.6805555555555555e-006,4.3402777777777778e-006,1.3020833333333334e-005,0,0,0.0002126736111111111,0.00059461805555555559,0.00013020833333333333,6.0763888888888887e-005
5701173319,0.00077572879858657246,0.0012698763250883391,0.002318904593639576,0.0026722614840989397,0.0026198100706713782,0.002307862190812721,0.0011815371024734983,0.00058248674911660773,0.0007784893992932862,0.002078732332155477,0.0022636925795053004,0.00073431978798586567,0.00054935954063604236,0.0012919611307420495,0.0013306095406360424,0.00068462897526501768,0.0013333701413427562,0.0026087676678445229,0.002520428445229682,0.0011401280918727915,0.0005659231448763251,0.0011511704946996467,0.0011152826855123676,0.00030642667844522968,0.00041409010600706715,0.00093308303886925799,0.0010103798586572439,9.6621024734982328e-005,0.00011042402826855124,0.00045825971731448763,0.00060457155477031805,0.000289863074204947,0.00011318462897526501,0.00025121466431095405,0.00031470848056537105,0.0001877208480565371,0.0005521201413427562,0.001046267667844523,0.00086682862190812725,0.00051071113074204952,0.00026777826855123673,0.00061285335689045936,0.00051071113074204952,0.00017391784452296821,0.00024293286219081273,0.00055488074204946994,0.00056868374558303883,8.5578621908127209e-005,3.0366607773851592e-005,0.00032299028268551236,0.00021256625441696113,5.5212014134275616e-006,2.7606007067137808e-006,4.1409010600706717e-005,4.4169611307420493e-005,0,8.8339222614840986e-005,0.00021256625441696113,0.0002318904593639576,9.1099823321554775e-005,3.0366607773851592e-005,0.00015735424028268552,4.6930212014134276e-005,2.7606007067137808e-006
5918808515,0.00050781250000000002,0.0009765625,0.0018793402777777777,0.0030946180555555558,0.0030685763888888889,0.0023828124999999999,0.0011067708333333333,0.00046006944444444443,0.0006119791666666667,0.0015581597222222223,0.001736111111111111,0.00055989583333333336,0.00026041666666666666,0.00034722222222222224,0.00033420138888888887,0.00013888888888888889,0.00063368055555555552,0.0021571180555555554,0.0017881944444444445,0.00046874999999999998,0.00036024305555555554,0.00072048611111111109,0.00058593749999999998,5.2083333333333337e-005,0.0001171875,0.0004296875,0.00027777777777777778,1.7361111111111111e-005,3.9062500000000001e-005,9.9826388888888895e-005,3.0381944444444444e-005,8.6805555555555555e-006,2.6041666666666668e-005,3.4722222222222222e-005,5.6423611111111109e-005,1.3020833333333334e-005,0.0002126736111111111,0.00026041666666666666,0.00023437499999999999,0.00014756944444444445,7.8125000000000002e-005,0.00010416666666666667,2.6041666666666668e-005,8.6805555555555555e-006,3.9062500000000001e-005,0.00014756944444444445,8.246527777777778e-005,0,1.3020833333333334e-005,0.00010850694444444444,6.5104166666666666e-005,0,0,0,0,0,4.3402777777777778e-006,8.6805555555555555e-006,0,0,0,8.6805555555555555e-006,0,0
5930049995,0.00062332289803220041,0.0017078488372093024,0.0028426878354203934,0.0030439400715563504,0.0030886627906976743,0.0029712656529516995,0.0024849060822898033,0.0013836091234347048,0.00083855098389982107,0.0024541592128801432,0.0029293381037567086,0.002272473166368515,0.000106216457960644,0.00043884168157423974,0.00063450357781753126,0.00026833631484794273,0.0015652951699463328,0.0030299642218246871,0.0028985912343470481,0.0015708855098389982,0.00051431127012522366,0.0018140652951699463,0.0022221601073345257,0.0013221153846153847,0.0002264087656529517,0.00068761180679785332,0.0010901162790697674,0.00080500894454382831,7.2674418604651162e-005,0.00033821556350626118,0.00058978085867620754,0.00040809481216457958,0,0,8.3855098389982105e-006,0,6.9879248658318423e-005,0.00096992397137745973,0.00072953935599284433,0.00029628801431127013,0.00021802325581395349,0.0011432245080500894,0.00098110465116279079,0.0001816860465116279,2.5156529516994635e-005,6.9879248658318423e-005,5.3108228980322002e-005,5.5903398926654739e-006,0,0,0,0,0,0,0,0,0,2.795169946332737e-006,0,0,2.795169946332737e-006,0,2.795169946332737e-006,0
5938008501,0.00090866416309012875,0.0010763143776824035,0.00090195815450643782,0.00064042381974248927,0.00050630364806866952,0.00036883047210300432,0.00042247854077253217,0.0011668454935622318,0.0012506706008583691,0.0014786748927038626,0.00080136802575107293,0.00039900751072961371,0.0010327253218884119,0.00077789699570815453,0.00054653969957081541,0.00056665772532188841,0.0010025482832618025,0.00075442596566523601,0.00060354077253218889,0.0022096298283261801,0.00057336373390557945,0.00078795600858369097,0.00034535944206008585,0.00015759120171673821,0.00085836909871244631,0.0015524409871244635,0.0012339055793991417,0.00012070815450643777,0.00072424892703862656,0.0010226663090128756,0.00066724785407725319,0.00034871244635193132,0.00027829935622317598,0.00015759120171673821,0.00011400214592274678,0.00010729613733905579,0.00038224248927038628,0.00053648068669527897,0.0004794796137339056,0.0010763143776824035,0.00017435622317596566,0.00038894849785407726,0.00034535944206008585,0.00020788626609442059,0.00019112124463519314,0.0004794796137339056,0.00023135729613733906,3.3530042918454934e-006,4.0236051502145924e-005,0.00058006974248927038,0.00033865343347639487,2.3471030042918456e-005,0,1.0059012875536481e-005,1.6765021459227468e-005,0,4.3589055793991415e-005,0.00017770922746781115,0.00020788626609442059,4.3589055793991415e-005,2.3471030042918456e-005,7.3766094420600853e-005,5.7001072961373392e-005,1.0059012875536481e-005
6620492857,0.0012118055555555556,0.0015104166666666666,0.0014583333333333334,0.0012916666666666667,0.001420138888888889,0.0011631944444444443,0.00069791666666666667,0.0010208333333333332,0.0018715277777777777,0.002232638888888889,0.0023888888888888887,0.00032986111111111112,0.00066666666666666664,0.00058333333333333338,0.0004861111111111111,0.00022222222222222223,0.00063541666666666662,0.00068749999999999996,0.00063194444444444442,0.00096180555555555559,0.001,0.0011909722222222222,0.00057986111111111107,8.3333333333333331e-005,0.0011944444444444444,0.0016631944444444444,0.0013784722222222221,0.00013541666666666666,0.0004861111111111111,0.001017361111111111,0.00068402777777777776,0.00011458333333333333,7.2916666666666673e-005,0.00014236111111111112,9.7222222222222217e-005,1.0416666666666666e-005,0.00017013888888888889,0.00032638888888888887,0.00028124999999999998,0.00014236111111111112,6.2500000000000001e-005,0.00015972222222222223,0.00014583333333333335,6.9444444444444444e-005,0.00028819444444444444,0.00045138888888888887,8.3333333333333331e-005,3.4722222222222224e-006,2.7777777777777779e-005,0.00013541666666666666,6.2500000000000001e-005,3.4722222222222224e-006,0,0,0,0,0,6.9444444444444448e-006,6.9444444444444448e-006,1.0416666666666666e-005,2.4305555555555554e-005,4.8611111111111108e-005,2.4305555555555554e-005,0
6749183629,0.00094401041666666667,0.0015917968749999999,0.0015071614583333332,0.0011946614583333334,0.00088541666666666662,0.0006119791666666667,0.00039062500000000002,0.00019531250000000001,0.00092773437499999996,0.0010709635416666667,0.000615234375,0.00024739583333333335,0.00055338541666666665,0.00056966145833333337,0.00029296874999999999,0.00010416666666666667,0.0016243489583333333,0.0022526041666666666,0.0018554687499999999,0.00096028645833333328,0.00068359374999999996,0.00091145833333333335,0.00054036458333333334,0.00015299479166666668,0.00025390625000000001,0.00065429687500000004,0.00041666666666666669,0.00018880208333333333,3.9062500000000001e-005,7.4869791666666661e-005,4.5572916666666669e-005,9.4401041666666665e-005,0.00012044270833333334,0.000185546875,6.5104166666666666e-005,1.3020833333333334e-005,0.0010286458333333332,0.0024772135416666666,0.0022656249999999998,0.0016959635416666666,2.2786458333333334e-005,0.00012044270833333334,0.00016601562500000001,2.2786458333333334e-005,0.00020833333333333335,0.00040039062499999998,0.00028645833333333333,7.4869791666666661e-005,7.4869791666666661e-005,0.00027669270833333333,0.00026367187500000002,0.00019205729166666666,1.3020833333333334e-005,6.8359375000000007e-005,2.2786458333333334e-005,0,4.5572916666666669e-005,0.00020833333333333335,7.1614583333333334e-005,9.7656250000000002e-006,9.7656250000000002e-006,0.00020507812499999999,0.00015950520833333333,1.3020833333333334e-005
6797092876,0.0012792968750000001,0.0017675781250000001,0.0016080729166666667,0.001513671875,0.0012955729166666667,0.001181640625,0.00074869791666666672,0.00049804687500000001,0.00126953125,0.002158203125,0.0022981770833333335,0.00126953125,0.00075520833333333332,0.00099283854166666661,0.00089192708333333333,0.000615234375,0.0016503906249999999,0.0017610677083333332,0.0013085937500000001,0.0010677083333333333,0.0010807291666666667,0.001708984375,0.0017447916666666666,0.000732421875,0.00074869791666666672,0.0019270833333333334,0.0021386718749999999,0.001240234375,0.00027669270833333333,0.00075195312500000002,0.0010351562500000001,0.00036783854166666665,8.463541666666667e-005,0.00018880208333333333,0.00029947916666666664,0.00023763020833333335,0.00080078124999999995,0.0013248697916666667,0.0011425781249999999,0.0011751302083333334,0.00029296874999999999,0.0006119791666666667,0.00071289062499999998,0.00034830729166666669,0.00032877604166666667,0.0011555989583333333,0.0011751302083333334,0.00023111979166666666,1.953125e-005,0.00046549479166666668,0.00067382812499999995,0.00034179687499999998,0,1.3020833333333334e-005,1.6276041666666666e-005,1.3020833333333334e-005,0.00014322916666666667,0.00047200520833333334,0.00070638020833333338,0.00065429687500000004,0.0001171875,0.00025065104166666665,0.00016927083333333334,1.953125e-005
6843869571,0.001473496835443038,0.0019020305907172996,0.0019976265822784808,0.0016152426160337553,0.0013943829113924051,0.0013317510548523208,0.00111748417721519,0.00078125000000000004,0.0018921413502109704,0.0021624472573839662,0.0016350210970464134,0.001361418776371308,0.0010647415611814346,0.0011768196202531645,0.00087684599156118148,0.00042853375527426163,0.0015822784810126582,0.0018657700421940927,0.0014042721518987341,0.00061972573839662445,0.0013416402953586497,0.001516350210970464,0.0014141613924050632,0.0010647415611814346,0.0010284810126582279,0.0016086497890295359,0.0014636075949367089,0.0012559335443037974,0.00078454641350210973,0.00099551687763713083,0.0010581487341772152,0.00068565400843881861,4.2853375527426163e-005,0.00020108122362869199,0.00023074894514767933,8.9003164556962025e-005,0.00071861814345991557,0.0013020833333333333,0.0012856012658227847,0.0005537974683544304,0.00035271624472573842,0.00080432489451476795,0.0007911392405063291,0.00024723101265822786,0.00031645569620253165,0.00070543248945147683,0.0007911392405063291,0.0003691983122362869,7.9113924050632913e-005,0.00043842299578059074,0.00032634493670886076,2.9667721518987341e-005,0,9.8892405063291141e-006,6.5928270042194094e-006,0,4.6149789029535862e-005,0.00049775843881856542,0.0014899789029535866,0.00064609704641350216,6.5928270042194094e-006,4.9446202531645569e-005,5.6039029535864982e-005,9.8892405063291141e-006
6880799220,0.0014470265588914549,0.0017032332563510393,0.0018331408775981524,0.0011547344110854503,0.00090935334872979212,0.00078305427251732103,0.00078666281755196302,0.00068923210161662822,0.0016094110854503465,0.0019053117782909931,0.0010861720554272518,0.0010573036951501155,0.00078666281755196302,0.00081192263279445732,0.00043663394919168594,0.00042219976905311779,0.0013676385681293303,0.0011980369515011548,0.00060623556581986145,0.00018403579676674366,0.00088048498845265594,0.00067118937644341798,0.00047632794457274827,0.00018042725173210162,0.00093461316397228642,0.0012810334872979214,0.00092017898383371828,0.000891310623556582,0.00014073325635103926,0.00044385103926096995,0.0003211605080831409,0.00032476905311778288,9.7430715935334868e-005,0.00019486143187066974,9.3822170900692846e-005,1.4434180138568129e-005,0.00049076212471131642,0.00068201501154734414,0.00045467667436489606,9.021362586605081e-005,0.0001226905311778291,0.000111864896073903,5.4128175519630488e-005,0,0.00028146651270207851,0.00019486143187066974,0.000111864896073903,1.0825635103926097e-005,0.00035363741339491917,0.00055210739030023097,0.0003103348729792148,5.7736720554272516e-005,3.2476905311778294e-005,2.5259815242494226e-005,0,0,2.5259815242494226e-005,6.4953810623556588e-005,0.0010103926096997691,0.00011547344110854503,6.856235565819861e-005,5.0519630484988452e-005,2.8868360277136258e-005,0
6908309815,0.0011108803986710964,0.0015105897009966777,0.0016870847176079734,0.0014742524916943522,0.00091362126245847172,0.00079941860465116278,0.0010485880398671097,0.00053467607973421922,0.0010070598006644519,0.0016974667774086378,0.001012250830564784,0.00055024916943521591,0.001079734219269103,0.0014690614617940199,0.0010849252491694351,0.00093957641196013291,0.0013600498338870433,0.0014379152823920265,0.0014586794019933555,0.0012510382059800664,0.00052429401993355483,0.0007734634551495017,0.00052948504983388702,0.0001401578073089701,0.00031146179401993354,0.00069040697674418604,0.00053986710963455152,0.00012458471760797341,0.0001972591362126246,0.0005710132890365449,0.00053986710963455152,0.00011420265780730896,0.00010382059800664452,0.00034260797342192692,0.00037375415282392025,0.00014534883720930232,0.00064887873754152826,0.001053779069767442,0.0013808139534883721,0.0010485880398671097,0.00011420265780730896,0.00026474252491694351,0.0002803156146179402,4.6719269102990032e-005,0.0001401578073089701,0.00026474252491694351,0.0001816860465116279,4.6719269102990032e-005,1.5573089700996676e-005,0.00023359634551495018,0.00012977574750830566,3.1146179401993352e-005,0,2.595514950166113e-005,1.0382059800664452e-005,0,0.00010901162790697674,0.00034779900332225912,0.0011108803986710964,0.00034260797342192692,6.748338870431894e-005,0.00016092192691029902,0.0001401578073089701,2.0764119601328905e-005
6979459280,0.00064670138888888893,0.0013237847222222223,0.0018663194444444445,0.0024435763888888888,0.0024869791666666669,0.0017274305555555556,0.00096354166666666669,0.00065104166666666663,0.001427951388888889,0.0023741319444444443,0.0019140625,0.00070746527777777778,0.00015190972222222222,0.00040364583333333333,0.00037760416666666666,0.0002126736111111111,0.00058159722222222217,0.0016710069444444444,0.0018619791666666667,0.00063802083333333332,0.0010069444444444444,0.0018836805555555555,0.0013802083333333333,0.00032986111111111112,0.00062065972222222221,0.0015277777777777779,0.00090711805555555554,0.00035590277777777779,0.00010416666666666667,0.00019531250000000001,0.00018229166666666667,8.6805555555555559e-005,5.6423611111111109e-005,9.9826388888888895e-005,8.6805555555555559e-005,8.6805555555555555e-006,0.00015625,0.00039930555555555558,0.00043836805555555556,0.00029079861111111109,3.0381944444444444e-005,8.246527777777778e-005,4.3402777777777779e-005,1.3020833333333334e-005,0.00036024305555555554,0.00063802083333333332,0.00046006944444444443,0.00012586805555555555,0.00013888888888888889,0.00042100694444444444,0.00029947916666666664,0.00010416666666666667,1.3020833333333334e-005,2.6041666666666668e-005,8.6805555555555555e-006,0,1.3020833333333334e-005,0.0001171875,7.8125000000000002e-005,8.6805555555555555e-006,9.5486111111111116e-005,0.00036024305555555554,0.00024305555555555555,3.0381944444444444e-005
7538504280,0.0022797131147540982,0.0024041276346604217,0.0024041276346604217,0.0026566159250585482,0.0025065866510538643,0.0018113290398126464,0.0013392857142857143,0.0013173302107728337,0.0024736533957845433,0.0028176229508196722,0.0023492388758782202,0.0011782786885245903,0.0021772540983606556,0.0022504391100702575,0.0020857728337236535,0.001331967213114754,0.0020382025761124124,0.0021479800936768149,0.0017637587822014052,0.0012917154566744731,0.0019833138173302109,0.0021333430913348947,0.00156615925058548,0.00080503512880562064,0.00196135831381733,0.0022723946135831384,0.0014234484777517565,0.00064402810304449649,0.00024516978922716626,0.00049399882903981265,0.00049765807962529279,0.00035494730679156908,0.00043179156908665107,0.00078673887587822015,0.00070989461358313816,0.0004061768149882904,0.00086358313817330213,0.000900175644028103,0.00069525761124121781,0.00050131733021077283,0.00043179156908665107,0.00045740632318501173,0.00030371779859484775,0.00010977751756440281,0.0011453454332552694,0.0010648419203747072,0.00069891686182669784,0.00026712529274004683,0.0010721604215456675,0.0015405444964871195,0.00080137587822014049,0.00016832552693208432,2.9274004683840749e-005,8.4162763466042161e-005,6.9525761124121787e-005,1.4637002341920375e-005,0.00014637002341920375,0.00022687353629976582,0.0001244145199063232,4.025175644028103e-005,0.000508635831381733,0.00072087236533957847,0.00036226580796252925,8.0503512880562061e-005
7640511568,0.0017708333333333332,0.0020800781249999999,0.0019205729166666666,0.001513671875,0.0014029947916666668,0.0013541666666666667,0.00097005208333333329,0.00052408854166666663,0.0018424479166666667,0.0021614583333333334,0.00248046875,0.00076822916666666663,0.0014518229166666666,0.0014583333333333334,0.0012174479166666666,0.00076497395833333333,0.0019694010416666666,0.0016145833333333333,0.0015983072916666667,0.00126953125,0.0013444010416666667,0.001181640625,0.001181640625,0.00046549479166666668,0.00090494791666666664,0.0016536458333333334,0.0020833333333333333,0.00050455729166666672,0.00091471354166666665,0.001474609375,0.0015071614583333332,0.00034505208333333333,0.00021809895833333333,0.00029947916666666664,0.00032552083333333332,0.00015625,0.00066080729166666664,0.0010904947916666667,0.0012825520833333332,0.0010416666666666667,0.00039713541666666668,0.00056966145833333337,0.00050781250000000002,0.00029947916666666664,0.00035807291666666664,0.00059895833333333329,0.00063476562500000002,7.1614583333333334e-005,7.8125000000000002e-005,0.0008561197916666667,0.0010384114583333332,0.00010091145833333333,2.6041666666666668e-005,0.00031250000000000001,0.00027994791666666668,1.3020833333333334e-005,4.5572916666666669e-005,0.00043945312500000001,0.00051432291666666662,5.8593749999999998e-005,4.8828125000000003e-005,0.00025716145833333331,0.00031250000000000001,2.2786458333333334e-005
7648023840,0.00171875,0.0019170673076923078,0.001709735576923077,0.0013852163461538461,0.0011658653846153845,0.00095853365384615389,0.00078425480769230764,0.00057091346153846157,0.0017608173076923076,0.0019471153846153846,0.0016346153846153845,0.0010216346153846154,0.0013521634615384615,0.0012289663461538462,0.00079026442307692304,0.00050180288461538461,0.0016256009615384615,0.0014002403846153845,0.00099158653846153841,0.00082331730769230767,0.0012439903846153846,0.0012890625000000001,0.00090444711538461534,0.00037560096153846156,0.00070913461538461538,0.0013852163461538461,0.0015685096153846153,0.00096454326923076919,0.00074218750000000001,0.00094651442307692308,0.00077824519230769234,0.00017127403846153847,0.00028846153846153849,0.00043870192307692306,0.00031850961538461536,0.0001171875,0.0004266826923076923,0.00079927884615384615,0.0012469951923076922,0.0012169471153846154,0.00017427884615384614,0.00033353365384615382,0.00027944711538461538,8.4134615384615381e-005,0.00025240384615384616,0.00055288461538461535,0.0003605769230769231,7.8125000000000002e-005,9.6153846153846154e-005,0.00079026442307692304,0.0006159855769230769,0.00011418269230769231,3.0048076923076923e-006,0.00012920673076923078,2.7043269230769232e-005,0,6.6105769230769229e-005,0.00021634615384615385,0.0013401442307692307,0.00079326923076923075,5.4086538461538463e-005,0.00018329326923076922,0.0001532451923076923,1.5024038461538462e-005
7798517032,0.0015931372549019608,0.0021599264705882354,0.0023935355392156864,0.0025122549019607845,0.002420343137254902,0.0019416360294117647,0.00078890931372549021,0.0010186887254901961,0.0018535539215686274,0.0026807598039215686,0.0024356617647058824,0.0008463541666666667,0.0012791053921568628,0.0022097120098039215,0.001753982843137255,0.00049785539215686271,0.0021446078431372551,0.0026462928921568629,0.0023284313725490196,0.001011029411764706,0.00091528799019607843,0.0017233455882352941,0.0012446384803921568,0.00037147671568627449,0.00094209558823529413,0.0021178002450980391,0.0012637867647058824,0.00033700980392156862,0.00037147671568627449,0.0012676164215686275,0.0008693321078431372,0.00040594362745098041,0.00010340073529411765,0.00073146446078431373,0.00032552083333333332,5.3615196078431372e-005,0.0011029411764705882,0.0018535539215686274,0.0013978247549019608,0.00032935049019607845,0.00032169117647058823,0.00054764093137254903,0.00037913602941176471,0.00010340073529411765,0.00025275735294117649,0.00086167279411764703,0.00024892769607843136,3.4466911764705882e-005,9.9571078431372548e-005,0.0012408088235294117,0.00082337622549019608,8.8082107843137254e-005,3.829656862745098e-006,0.00039828431372549019,0.00011488970588235294,0,7.659313725490196e-005,0.00017616421568627451,0.00010723039215686274,1.5318627450980392e-005,3.829656862745098e-005,0.00010723039215686274,0.00010340073529411765,7.659313725490196e-006
8167972209,0.001267688679245283,0.0014124142367066895,0.001356132075471698,0.0013454116638078903,0.001173885077186964,0.00089247427101200687,0.00081475128644939963,0.0009621569468267582,0.00075310891938250432,0.00079867066895368782,0.00073166809605488853,0.00082547169811320758,0.00022512864493996569,0.00025996998284734136,0.00019296740994854202,0.00041541595197255572,0.00082547169811320758,0.0012516080617495711,0.00087371355060034302,0.00075578902229845625,0.00031357204116638077,0.00023048885077186964,0.00013400514579759863,0.00019028730703259006,0.00083887221269296746,0.0012006861063464838,0.00094607632933104628,0.00030553173241852486,0.00013400514579759863,0.00026533018867924528,0.00039933533447684391,0.00028409090909090908,2.6801029159519725e-005,4.0201543739279591e-005,3.7521440823327618e-005,3.7521440823327618e-005,0.00028677101200686106,0.00045025728987993139,0.00037253430531732421,0.00036985420240137222,0.00022512864493996569,0.00030553173241852486,0.00031357204116638077,0.00019296740994854202,0.00010988421955403087,0.00027605060034305317,6.9682675814751289e-005,1.6080617495711836e-005,0.00010988421955403087,0.0010586406518010292,0.0010398799313893654,0.0004663379073756432,2.6801029159519723e-006,3.4841337907375645e-005,4.8241852487135504e-005,1.3400514579759863e-005,8.8443396226415088e-005,0.00018224699828473412,0.00014740566037735848,3.7521440823327618e-005,0,8.0403087478559179e-006,8.0403087478559179e-006,0
8463002502,0.001435546875,0.0011197916666666667,0.00050455729166666672,0.00031901041666666666,0.00023111979166666666,0.00021484375,0.000185546875,0.00020833333333333335,0.0018587239583333333,0.0015006510416666666,0.00047851562499999999,0.00028645833333333333,0.001015625,0.00041015624999999998,0.00028645833333333333,0.000185546875,0.00097005208333333329,0.00040364583333333333,0.00027343750000000003,0.00032552083333333332,0.00150390625,0.00062825520833333331,0.00024088541666666667,0.00013997395833333334,0.0019498697916666666,0.0022200520833333334,0.00146484375,0.00048828125,0.0010221354166666666,0.0011458333333333333,0.00047851562499999999,0.000126953125,6.8359375000000007e-005,0.00016276041666666666,0.00032877604166666667,0.00020182291666666667,0.00014973958333333332,0.00033203125000000002,0.00031901041666666666,0.00077473958333333333,0.00011393229166666667,0.00016601562500000001,7.4869791666666661e-005,2.6041666666666668e-005,0.00092773437499999996,0.00094401041666666667,0.00023437499999999999,3.2552083333333333e-005,0.00082682291666666668,0.0019596354166666668,0.0018391927083333333,0.00052083333333333333,3.2552083333333335e-006,0.00012044270833333334,0.00014973958333333332,6.1848958333333339e-005,6.8359375000000007e-005,0.00019531250000000001,0.00070638020833333338,0.0012369791666666666,5.8593749999999998e-005,0.00026367187500000002,8.463541666666667e-005,6.5104166666666671e-006
