1130496707,0.26977606497880291,0.19693637673505424,0.0020895155516977033,0.20987859046122151,0.11856460759911579,0.00088968789373181686,1.0525910988802214,1.6345654461857364,-0.21704492651095905,0.32894235673446837,0.069299888257151568,0.0032051894445043138,0.21611752928563094,0.083210099186656741,0.00097981322692936306,0.61931016492411461,3.0904688147416182,-1.4861999316273851,0.31364112014863577,0.21799130897055971,0.0015364812925483451,0.19976705288689722,0.17740851693666007,0.0013706284826874491,1.1156105521500341,1.0866941046070837,0.76101712356579909,0.27614211725086302,0.19047613011060818,0.0020419073063055529,0.22394961538359542,0.15055273309877668,0.00090533475722632335,0.99925532877980849,2.2443316068917198,-0.2141303115213139,0.23124990795194969,0.29695303041733456,0.0022724986648630084,0.23224911572901519,0.25725845704303579,0.0011268475091601106,1.1816901414955781,0.50883899656850051,0.12413783689365732,0.30076587838954871,0.21435649494141432,0.0015171430910557514,0.18251607633376102,0.16474836941427354,0.0014612233710303206,1.1423549807954361,1.1978051791838076,0.77750380384946038,0.18739491483418935,0.19088327037873273,0.0017644659767945545,0.2023509854768229,0.15029993012399612,0.00082736325354007686,2.3460606493883844,1.8621892950022738,0.023888405714964814,0.14563471401048836,0.23892099818552212,0.001826162805335425,0.16501844659166404,0.1809849166614087,0.00073115247719229251,3.3335779387970432,1.5270624789263889,-0.26689517190042339,0.15392192857037809,0.1083703165398268,0.0025638133319846527,0.23277144808144257,0.16327413424171167,0.0011847177746763364,1.950892035621417,2.326045483046348,-0.34940620290707775
1355064292,0,0,0.0039061899269512415,0,0,6.8955258170078082e-017,0,0,-1,0.034970643514346554,0.27438574888360728,0.0035153918156387849,0.09696886916929312,0.34161504604580889,0.0005213943752961042,6.6012607202076143,0.49628115856014809,-1.0442548721472169,0.10651225728339773,0.29519120157773376,0.0026723857633315098,0.08551690545340232,0.2674489303582907,0.00053877943898101297,4.3930776086351395,1.0628773479645712,0.43577108669461584,0,0,0.0039061899269512415,0,0,6.8955258170078082e-017,0,0,-1,0.062643486862546033,0.44587607153817266,0.0029067802426174594,0.093602245126065367,0.35172433723380458,0.00090783012299730243,4.7723639854332447,-0.37453741903115623,-0.50232833241183283,0.09130805762750803,0.59125839412976178,0.0010728001837988388,0.09712196106066083,0.17857087690730675,0.00055409572954405299,5.5971807705664505,-0.40273076180427314,0.88599732471175041,0.13090951003479076,0.071013883046177978,0.0031720017630741059,0.22234458399366805,0.15866730238812862,0.0013173710052609205,1.7741845396168823,2.996105798976854,-1.3653830487327168,0.17014622561658382,0.35602541211577632,0.0011949398273715548,0.14293022762097232,0.23757930229373525,0.0012013699937949481,2.3708077315161451,0.35222828275196194,1.4326651025764159,0.10163857879595065,0.51511024417738271,0.00064767612476204317,0.080290846830335716,0.14845243834687333,0.00021107390860086636,5.7929872412980217,0.57161918025516822,-0.6607401140063176
1355567566,0.23652364296846895,0.19879240396211631,0.0021536645546576662,0.19714519728484894,0.18646919460273589,0.0011826060065603197,1.4696409185809753,1.3910855905892543,0.085571578904403783,0.32003280218939489,0.34502965106021199,0.0032091827547672423,0.19505913569686273,0.42528879067411318,0.00081544016789089255,0.15423592348835957,0.69767957830910443,-0.98833319237746209,0.5,0.0039215686274481961,0.00392156862744976,0,2.7703533911349609e-015,1.2203779653496838e-015,0,1,1,0.18100269118936635,0.37623227201350828,0.00094890548960310946,0.12301166880487568,0.18894930655232409,0.00049175584418802989,3.7614170683580457,1.2338426901036261,1.1714124868826428,0.19255777438393809,0.53654035452724469,0.0021719520212925246,0.14473366990944253,0.37185338873983015,0.0010163141431109993,2.0832551969043638,-0.038172955852387926,0.10919012786011242,0.46823848932518974,0.017523332862639698,0.0038232149870077166,0.10098971178343864,0.066012695206125058,0.00047858480873303627,-1.2010730081086207,7.6949702556957629,-5.3933952271804344,0.21962918427642883,0.3388141430429385,0.0007381726446478898,0.14517465925602699,0.22653205233433929,0.00046343605411522636,2.8193406522415474,1.2423613529578468,0.86539907926917092,0.18183693035315202,0.40202750485415623,0.00098098573602912586,0.10645839374722521,0.19139538061656017,0.00045731412469856778,4.1263738722665764,1.1319768035462474,0.63546701001889305,0.21279428171931036,0.20428620182965029,0.0017656343223284364,0.17476076056108764,0.14956895371136203,0.00096220770005355589,2.225365896230878,1.4017328089209153,1.0238225622850072
1546100721,0.20192553008301159,0.16175856027796526,0.0029136234167790264,0.28455975208242684,0.19657348530993404,0.0012050820236955905,1.4569933378849922,1.1410270630213675,-0.9079208338268655,0.19520410143693001,0.27402287889910987,0.0020214367713393255,0.2132758524641081,0.23979718827292201,0.0012985153849784116,1.9243321466419088,0.7149006221043559,0.32590303166435636,0.23717683158978617,0.3865532368073003,0.0014655269822188451,0.22821731080992672,0.20853771787702929,0.00079480123820283206,1.9685661290974235,0.61215543471344214,0.75723926659281393,0.37908566013731759,0.12069706195614212,0.0022947629387758024,0.33263027504291076,0.13360706797775149,0.00084298739225754742,0.51603660328494938,2.821498643661585,-0.15115662249296702,0.34264408450575401,0.15301206475583284,0.0016766519919207659,0.34050951447463479,0.15708131251064583,0.00057860258972809091,0.80259206551331419,1.8112070188844573,-0.047725805735754308,0.21736540874910459,0.2733570337646643,0.0017248900296563934,0.28983096040193446,0.1705028172172855,0.00055501072693296249,1.8459297181765855,0.8127957621196249,-0.5106891253187027,0.31515125926030163,0.10908897239742384,0.0019376521850570717,0.28915784440682085,0.11586295679372433,0.00047193005776509605,1.1047223392597516,1.6978065558178306,-0.087451438565206582,0.47588431167755191,0.089923122732256319,0.0014048677558108139,0.29738444156718979,0.080552200814674998,0.00033870116171489761,0.050191231451433414,2.7172302158240633,1.6170419046033397,0.25966698590958492,0.17358017028181574,0.00099002415105778948,0.29285824758485385,0.15094052576827643,0.00063853743791555853,1.3387046170854837,2.062793894381286,0.4939347936612109
2120987896,0.25298800026601176,0.26261575628964445,0.0023037153460297864,0.25657489813043111,0.18801341860054252,0.00090409289684097432,1.2176677572176855,1.0679916346664637,-0.011660408397717141,0.24177882019440972,0.20846734691274485,0.002601340131007763,0.26562032484630743,0.16338672929293549,0.0008458013704197362,1.3909307214068616,1.5751096768438781,-0.54995576405640167,0.33975143317015782,0.20798907656920343,0.0026656928628026591,0.30726695960270162,0.2066537125015766,0.0010989514615506115,0.66065617050964698,1.2892563373996462,-0.86577824452141772,0.36777061740083206,0.31772963108905428,0.0019478301953204356,0.29181798179609242,0.2536290010407658,0.0011797933728710001,0.33298765773664951,0.96404456821434648,0.027410471353677236,0.42115415992892075,0.30649854401904941,0.0018498374586878137,0.27736117608243238,0.27079122663871591,0.0011051124491103699,0.10919976204483174,1.0391638165896389,0.27661613969392862,0.3485133233883817,0.23768180953471682,0.0016798676204349348,0.30731804664900758,0.19939181000478734,0.0010536285425209332,0.69810384490448851,1.6737491144674488,0.31156543118033142,0.24799316869628726,0.09643788304918062,0.0020793961513538742,0.31790216168773117,0.059002796239959986,0.00035612025967671185,1.4770326042146371,2.1551100438773463,1.1368355256189551,0.21039256355812064,0.15998910666386079,0.0017396509648690721,0.2751908935450143,0.15054616199812093,0.00066010672852373237,1.9763570159768811,2.4149653939530737,-0.91287313307768569,0.28244089627889341,0.12231014781440604,0.0017002804988331174,0.30346419491480631,0.09885711585049585,0.00060315587818164196,1.2053726948791004,3.7537143368261781,0.54919741863093829
2131100320,0.083258706701785201,0.45513224448258605,0.0010023004875335366,0.007112011992834376,0.027222662194764966,0.00013886275218220683,-0.19429527304836158,-0.36487595733414779,0.99504969947583277,0.081996546009956567,0.43016661359973796,0.00067222249297405729,0.011044130572107496,0.029122848609852897,9.2634107859490404e-005,28.88192071960696,-0.15801515744257916,1.1002600850793409,0.093013829030914541,0.449151229136528,0.0008079368173669933,0.0092685773320077217,0.033023772793454857,0.00016469871691107316,0.018832200946152702,-0.040660445495044092,0.37834423374210052,0.098157161846190721,0.43605396833931542,0.0018987149218520627,0.048561904254741176,0.090139301424697574,0.00084722364249362853,12.241943220543146,-2.1659761751266386,0.75924431278318338,0.10099670860925561,0.46100305561904531,0.0013031756475027623,0.084582026924548817,0.088359385326968187,0.00058746002836763587,8.0606204557002066,-0.46500061917636404,1.6641560694481001,0.11093770065029641,0.53551356532764283,0.0014474872430789445,0.031741738363661322,0.11825946591532097,0.00058004449940100183,15.471682034549751,0.40081142290782251,2.4025039345036565,0.090954791392937634,0.50088366748732771,0.0010482041937644262,0.038884116615602898,0.084909770938593893,0.00040369759444550926,15.301731971551114,-0.35504700322933413,1.3061251588142677,0.089203351464465924,0.49021059330267364,0.00081707288457147408,0.05217739008988885,0.084451032854381297,0.00043838914649906247,13.852585840123076,-0.44434450929012331,2.5327507642859257,0.097856253902833631,0.55339201994495779,0.00080580103715977957,0.039943544160193474,0.11075648530492584,0.00027678353939543951,14.538100200039626,1.0443325491332789,2.9176293944840088
2318428651,0.020573979471363538,0.0028098587260951117,0.0038677170724541847,0.11662867411966464,0.028339895666629384,0.00031048023922576086,6.17913131119154,19.971341500947954,-8.7767331424371058,0.13918476724434106,0.036527667574826124,0.0032717127298734932,0.26625614755395677,0.086398090645292747,0.0010897292477391911,1.9424055397276832,4.2800287986293553,-1.4142812213883456,0.17676417129809907,0.14811507449464778,0.0027540603393228411,0.26568358513982326,0.19246446325600375,0.001233767284272512,1.6228514764512063,1.3364102304558243,-0.50257077964025076,0.22768430737246367,0.083869875863170004,0.0025033880765641791,0.28708360044036585,0.14124912569490991,0.0014094366480097286,1.0456910232093746,3.044835406332012,-0.2340595225605645,0.40300131375111675,0.12349561901418335,0.0012729376386474648,0.24728301911540132,0.096961979155953726,0.00070723046163353792,0.12718818935316642,2.2173993501077938,1.9125161638197843,0.30054485561219813,0.1836388582116748,0.0018178440411492581,0.26895195473537514,0.14813589324077112,0.0011132448249588905,0.55069217705128759,0.95090450229608214,0.75708548822570465,0.23863618542348036,0.21134178192980962,0.0014893618852876368,0.24325028187714542,0.18182258528337619,0.00095925094607234268,1.5266372342041907,1.7802069092653041,0.84105639827621836,0.28222322209491929,0.22784597182373181,0.0015392785145697378,0.26728477907655651,0.18106123303655891,0.00095107293237961044,1.0812387390760465,1.3150581113799895,1.151604939565172,0.24276972340753425,0.24334661898092411,0.0014187298298609997,0.24351771312449591,0.17737919058976462,0.00089280165587137309,1.4998217651448522,2.0554148636536369,0.3381510494929244
2319936172,0.14051104564864922,0.05628845542481594,0.0032094531175267255,0.24160122444069093,0.11054245219480567,0.0011219067063601305,1.6008976091619602,2.619176022877892,-1.1896278374870508,0.21114857695440239,0.30418690387864139,0.00167301805192301,0.24780284217206752,0.21654281236951528,0.00083355324163849936,1.6872198802838747,0.49529428046008928,0.96808311149184412,0.17009407353723202,0.37783196021164783,0.0020293016589863389,0.21169859146493036,0.26053753679529928,0.00087871071025930904,2.4599194229544445,0.19084787183577545,0.54512279223323656,0.26074024874167034,0.076319277229728796,0.0028115608297997834,0.2635523544060554,0.12397993627087253,0.0012382411992498973,0.39442284900414371,2.6475642741856529,-0.53103030254134898,0.18513860917394662,0.2945599879528909,0.0016035666130578311,0.21956851886332079,0.20790117201454414,0.00072239551139878185,1.953523311633667,0.73985333277973175,0.92094202655580415,0.21183236522851046,0.33060838706667545,0.0018882738311195193,0.23103159345077948,0.23266568203314603,0.00079434390507418225,1.5868845946452159,0.51863244064426306,0.22108027183039142,0.22080991852819803,0.22188627284136891,0.0019106131083566945,0.2365182398246205,0.19018974176007131,0.00087987427839146819,1.8156236715286915,1.9248933137846582,0.22252375507103464,0.16788617249922624,0.25803915323234594,0.0018444544622598564,0.15582104096710941,0.20240810544827931,0.00088389660775096317,2.5942071162203035,1.5433733956982356,-0.023794027669869273,0.17276332235217504,0.23729842758460842,0.0015727546104514036,0.19513059556374221,0.16348380025992909,0.00086846579843962346,2.3018520782947278,1.6246848903105611,0.35555020709304064
2387933639,0.30172416644933159,0.26008613947908044,0.0013077762800529542,0.14947461659534206,0.2145820745640924,0.00099510595306083016,0.77059694445056459,1.3617822415981358,1.0182400918986059,0.46174189833756502,0.16015827192749058,0.0019874687711432934,0.20960229045345813,0.17072192056130159,0.0011745368031285837,-0.36720790434187622,1.6542629028411826,-0.050835397264874911,0.54294761446190987,0.10062096358496474,0.0029606827822528901,0.15571406236885588,0.11189044431426542,0.00095514179775779825,-1.658139625852866,2.3744761941622419,-1.2524236779795499,0.28257449657882905,0.55463345991296409,0.0010740385610106616,0.17667329868215542,0.32743994148192568,0.0010384160279674969,1.7020128245684985,-0.034087640867290207,1.1152687670622941,0.31300042797986133,0.32252212193092855,0.0010690901014826051,0.19361317838316655,0.30861001568261193,0.00098360072979009191,0.64073544262826709,1.0432579921948439,1.1800981470507728,0.34459224445570258,0.15350290261409449,0.001742871816661738,0.19596033122617554,0.2222125808537595,0.0013784796840731555,-0.031585444302083328,2.1782211410702974,0.074663744671575424,0.21158488041650106,0.64038275062042938,0.00046372549228261009,0.20833308767606423,0.25101706515572497,0.00035925992839297996,2.3496997082713715,-0.13435334717606209,1.4323726471419822,0.22407081672989931,0.42772140007418724,0.00059707600208701924,0.16081952287580442,0.29928752082922316,0.00043446140974588113,1.9747326923942907,0.8529270273256303,0.34570035952400818,0.20832582771179436,0.30602788693012856,0.00067784130484753132,0.12712081125209754,0.23873741412875976,0.00038314530133797003,1.0259833050062741,1.7052773973506974,-0.11271885402163551
2509623843,0.24797575328891266,0.10884574017789321,0.0030697199888852153,0.32431538711662511,0.16927692671799746,0.0010114599112268873,1.1668029241595632,2.3953981223638245,-1.0315778659205563,0.26553882641347393,0.056497274311282965,0.002893735441365535,0.32168247955690749,0.13374808991469625,0.0011967346161858663,0.83790366040987863,5.0210282842979934,-0.81684353059957682,0.21591419164340811,0.26228890460623361,0.0014011167961224113,0.27828134175152131,0.25677474523743271,0.0007015746138586892,1.6497234799706801,1.2354396129030889,0.23115011878253969,0.49366257222252463,0.35877663509985086,0.0017521611326588961,0.39267209054552787,0.33511934993713655,0.0012093387570314836,0.037273222134406786,0.76220442719375803,0.21315319716228442,0.51187962433489709,0.33180941342691544,0.0016885147122358334,0.35881265189452272,0.34317607968069097,0.0011299174020131121,-0.051884591229657682,0.82522988273522435,0.15631445595227222,0.41360018694095374,0.37127808979626142,0.0012149849436712819,0.33642590669460842,0.32079731796624888,0.0010064640261766892,0.1965389916583942,0.75092079762588815,0.62977032227587704,0.47022783694037623,0.29856273184423116,0.0016351975438147475,0.35446916450629501,0.36577184515419797,0.00081899922261863527,0.10347851775993822,0.97075276884012351,-0.31828788328872359,0.5488847007539136,0.36639844794990206,0.0013276911380050137,0.330070966552797,0.36021080338454309,0.00085910018196591717,-0.37263087376882809,0.70221083567135179,0.48906865113171571,0.50494319949320143,0.3868161194375338,0.0010484341013377195,0.2884441433039831,0.33396039241524839,0.00083460266033354635,-0.41015710984411924,0.61627242144408356,0.63671919338067218
2510454170,0.31253805468586499,0.2285180893827049,0.0022123734531290414,0.32023626715063441,0.23310736320454581,0.0011291918017716941,0.81239679993636071,1.5346842042257183,-0.03205494571308936,0.25033510025117939,0.07956128500100311,0.0027782279374392637,0.24464798137602192,0.14512367000799886,0.0012062513604596638,1.8036302436342875,4.6010366968613816,-0.68299233194859121,0.18054531938976787,0.25853294592249959,0.0017533832509443945,0.24520907627420177,0.21968415718598963,0.00097038852007968329,2.2473646393916229,1.0847714560017068,0.40707497832204786,0.44407628114101438,0.2060041308139183,0.0016297952636802099,0.28944771170846251,0.25262738663398349,0.00083046187283394802,-0.14186819974902121,1.9694611586337711,0.034265219501033652,0.50719897825263971,0.25471919760595052,0.0015634554575646967,0.25144500052509006,0.24457652759735016,0.00083361854130645013,-0.5634577422161815,1.6977150117441175,0.5182118494643454,0.43164420345735788,0.36670378183404856,0.0012600571100591781,0.34836658611080717,0.32520970286771667,0.00093369676720543853,0.28015981524517342,0.78734228795227201,0.67689631157970997,0.59656008407777517,0.1557583195267164,0.0014615231398487484,0.13289649216387103,0.13238792550297096,0.0003754994977327263,-2.0207078547537369,2.2625672752730464,-0.34199373328595922,0.5787155242043166,0.24488325822019175,0.0013228596466182637,0.12025512998590485,0.15195217355287863,0.00045148462647915495,-3.5062262374998734,2.6505517482962522,-0.47899077008865076,0.60539887784692503,0.24011162353237317,0.0013350901772130742,0.10732020932664631,0.12023068515849895,0.00031887949519174383,-2.640821796224865,1.5898753177456439,2.7573409271501781
2510454376,0.29913100168277357,0.28386032383910392,0.0020718217317208681,0.30558981172146416,0.29420024601382927,0.0012233893344647266,0.86269953967755963,1.3749891523499675,-0.19486037962504971,0.25962442239629419,0.33354550442976899,0.0018197272680951229,0.28996932883250154,0.29785802935658912,0.0011756833860044704,1.1749825855199039,1.0880027144556339,0.077089527276659547,0.35380246986299346,0.26310711631210099,0.001125528011174403,0.34146384478538788,0.2878417766846274,0.0012669487873346382,0.61801216788371638,1.4060548405434921,1.121327944099259,0.43003836186290256,0.2157526934625468,0.0022383656467118576,0.2874966475569522,0.27897869581573698,0.0011796896510148592,-0.13265441281674836,1.7994193897118338,-0.46148433630423241,0.35785498320504561,0.33398259127214897,0.0013675707338107617,0.31167120633022571,0.30577935219846403,0.0011233681217628531,0.44750260255503305,0.99950447425617672,0.61224915528708657,0.34560064864784878,0.21931323385451898,0.00080339139929751951,0.33000291790389785,0.27854937203239105,0.00091579030013322718,0.53199981447655353,1.7042462779445899,1.5907457298219922,0.27928621833416589,0.28365841676113684,0.0021123495765593952,0.27629364026057068,0.30096139758634732,0.0013544449618263562,1.0214561547398084,1.2784427179849485,-0.17047608362101624,0.20591976316168445,0.19356232614268659,0.0022374661695960915,0.23973360355895978,0.26876583203488275,0.0013086806350538047,1.8880222497235193,1.9863693268785214,-0.31926101546181729,0.23179379012317794,0.26342504788585025,0.0017716684079296318,0.26643796066462394,0.30503308161309201,0.001435059385688819,1.4544735816810395,1.3353778422730527,0.21272359242897101
2510456772,0.35457806543188036,0.22866825520924028,0.0020252080988313074,0.3543153950763821,0.26193084450381626,0.0013659830784734206,0.59995921628585969,1.4681085497318496,0.030416690624837286,0.31037808464449751,0.37086430817373611,0.0020493465947253658,0.28905562095874243,0.26037791200981775,0.0010843125451568559,0.84042131120719954,0.91571950495284105,-0.30317431641167492,0.37541282992775221,0.33539379321051205,0.0016974202777344882,0.32302694431404683,0.28414022023732943,0.0012076245422581405,0.4015101233539819,1.0163267655472092,0.18826556150643745,0.15131231675061316,0.40550951945483449,0.0018901096679892928,0.21384416119242564,0.25581946456964294,0.0010360557172785019,3.0533406864054,0.28434927836336338,0.030354604966527862,0.2764263456394358,0.3462655512430759,0.001820140791750389,0.27817834334870573,0.24920158055401284,0.001095786322381425,1.0970934926200442,0.97738814482718173,-0.046393528000437771,0.45676381506218716,0.3247730423114521,0.001310133898285616,0.31009574232805337,0.28603151768810764,0.0011134622653394177,-0.19033262587230973,1.0609505023636028,0.63600737781379091,0.34120332951617394,0.3933011207563521,0.0014016666435059579,0.36724900983162384,0.28330741449741664,0.0011225156866938911,0.71879590084743628,0.67286493927794644,0.66801672068128903,0.45893904010816022,0.43102976176177182,0.0013414025189569987,0.27938571675316093,0.35227423036377048,0.00097213361311681581,-0.44851409395249942,0.44407847138017553,0.73740546769831772,0.4811891656310836,0.30300015019551962,0.0014163479965787703,0.2809290036223614,0.30774507238972715,0.0012703474800343367,-0.33125784872777742,0.99442619333979687,0.52798507459140831
2510457104,0.26148319281268045,0.37767054424177915,0.0019004054289833909,0.36987514305024799,0.25564026457161676,0.00088600220916238066,1.1348770287879377,0.40213612827201051,-0.057307087725540898,0.15694099417220397,0.51893032987712528,0.001917927432581197,0.30264449994390186,0.21189098530048675,0.00080982570831588925,2.1427940531636103,-0.11640379604645403,-0.35972204982719896,0.2068982299243193,0.55241600374303279,0.0015888669759516348,0.35627459341981133,0.23407741051900544,0.00082209702737636716,1.587680699113069,-0.39964874978793219,0.41654630750831639,0.37653290578110971,0.29013593272766652,0.0017032131977727388,0.37622226965200867,0.26033829316384488,0.00089054464242706603,0.43056749495546731,0.95078872810201531,0.14474816951786867,0.26430238746281381,0.44274398765750855,0.0017033225329385585,0.35508499631454987,0.26201424185001693,0.00095300128123968853,1.0870135675938253,0.28474701092951155,0.063829256122798564,0.31104713415216861,0.35981153779839431,0.0011124152042148961,0.37466146902611974,0.30885571252688071,0.00087609750794568925,0.77551856694089627,0.60881639940424725,1.0032397036547143,0.64845016843286674,0.35538436888266317,0.0021566194534885885,0.37388108504070444,0.25525627983236587,0.0013079194467997908,-0.73409217021914897,0.84851259731245288,-0.15750886278975521,0.45751996839873227,0.45131364344321484,0.0015088561692972301,0.39051439488806122,0.28866903685259909,0.001165341420954939,0.10421790754764219,0.47445664275616461,0.46431345007351127,0.37371488104716305,0.37985672592658248,0.0012151184828050861,0.33905990037444728,0.30622602207643662,0.0010047272442333256,0.54978046217694942,0.69989602715569565,0.78888357012425181
2528429163,0.57502474980321172,0.18042160678470881,0.0025489456023592197,0.036525620143096404,0.038651554656378893,0.00022702389187872999,-8.9409838994654152,0.11520832336170932,-5.084397658697525,0.36332213634201788,0.070510261129928475,0.0024856190197706314,0.25557234544102247,0.087007796359268155,0.00057557329109462856,-0.15557050757327753,1.6184879607914582,-2.1822460530997949,0.47219751895767048,0.05641850581042504,0.002600226438729539,0.25230994045095378,0.084381305979079543,0.00021159903021571017,-0.96201833602437758,1.9842869815374151,-6.7051349819444042,0.29303397394135394,0.33602931047421364,0.0020431542220129524,0.23038602197730523,0.26589233042161148,0.00074737744145534745,0.31680664524398822,0.57092687858062774,-0.59417865782535395,0.19714469379415595,0.15142473110537419,0.0026343136352395195,0.21017175265898996,0.24272941836026768,0.0005092236483826664,1.6605217750614711,1.6513519095728157,-1.3938615945806236,0.34563748520576698,0.15674995740813127,0.002114230171494117,0.30579102308515632,0.23789840157202916,0.00082976064167289908,0.24157600760482115,1.6164572650204387,-0.73817749088978279,0.19740776407656416,0.11897451764190302,0.0015091252371335145,0.16605598085444576,0.146222619586061,0.00050304537333476309,2.306686732483751,4.4166066429191462,-0.90132563021250978,0.18186308592072259,0.10935790352396456,0.0014667264125570996,0.16274899821545738,0.109491558830523,0.00048450995473161087,2.8583556296133508,5.2139790910263351,0.035837460202535289,0.20862301006869777,0.11317804279733486,0.0011393008828313074,0.18650611077376306,0.13475218845215972,0.00049501556924476278,2.1385047826912182,4.1674162841972304,-0.31746020195719787
2536699431,0.30474582362563052,0.18898666735957809,0.0024999448590909703,0.19477134514664979,0.22293281902997517,0.0010454106064542259,1.0655932619262967,1.7238334966713618,-1.0409838827311664,0.53992828936783677,0.2226020212099129,0.0032592014988819052,0.13338365119245155,0.087774469879887282,0.00046489827090012709,-2.481757981675079,1.4362098674632149,-3.7159103009287602,0.55089072456435229,0.2948186477335567,0.0029042824697297302,0.10780451065371498,0.11606376077855486,0.0007860574180613871,-2.722723233646053,1.7088835038662935,-2.4647186021296528,0.15723749256618158,0.26780335862488047,0.0020162580494170299,0.15441387553332944,0.26706562566561859,0.00098423210867644223,2.986604225997556,1.0395681317872842,-0.25381968914059827,0.16108752991978287,0.14392259179796965,0.0023562491907713709,0.15442070062347421,0.15828443264066758,0.00080496969922246866,3.0975579713827179,3.2723239002602367,-0.64017181881738439,0.25532088372128564,0.24803553707513359,0.0020220578604895384,0.25336701870425776,0.27903776614581399,0.00092652875598892709,1.2182662232749319,1.5099978196697805,-0.1335143868801463,0.11700195490191015,0.32168939883636943,0.0015740319204448642,0.10258920084955767,0.16933660184064045,0.00056093369502579072,5.4449646378285435,1.2761946615234607,0.89529890447636629,0.12081521375316392,0.28993474803781483,0.00164339808350881,0.11858478368720718,0.14149166824882412,0.00057914540752739192,5.0280261468011904,1.825743422587311,0.77426401497756425,0.13242049232371422,0.2627015441685156,0.0015941925814631213,0.14451070804674038,0.15909833225171732,0.00055056605859603086,3.9636486385977898,1.6923528923844187,-0.23890585929034436
2581808992,0.18840337096890991,0.16321938143360859,0.0023212352417722841,0.18233352968491193,0.094346675309400524,0.00054501175172741304,2.6805733106698191,0.3294895689151407,1.061995487366092,0.23921855467084796,0.10298797222646412,0.0027940878643641742,0.29255189968669837,0.11119534821113121,0.00099750824579335966,1.3321294055288968,1.1062172305737423,-0.044391885060798629,0.12656590278239341,0.22206519458747306,0.0018891289554575049,0.094817628186106617,0.09065167210648542,0.0006913766288055371,7.0859015098960825,-0.55397959378036921,1.2376233352472168,0.14900437947867248,0.13409767387337246,0.0017956735672266966,0.037473349599315336,0.060060569660891724,0.00030301394335573221,9.7897477935784796,3.9828226400464493,-1.68412774261264,0.37777796209288433,0.11994467802132242,0.0022746930126188404,0.26239790405057495,0.10309592267909348,0.0012049743161175986,-0.07713005459089152,1.5772304007424871,0.13201533008993588,0.18742676776124281,0.25057644710785704,0.0012458881831293837,0.12695076953273704,0.10792953572971771,0.0008148009448157769,3.4163961775575955,0.52869316716483972,0.67106715372682779,0.1581741759242811,0.24627679730880339,0.0011382020819007269,0.03116282804118933,0.12418224015733002,0.00047326939854776278,2.7802009339345592,0.4006664761981914,0.25944164846555651,0.15829079651316935,0.24668932049641307,0.00087758861254135954,0.074609785474950244,0.10311773218462618,0.00021475453334903572,6.1165561132295805,0.49744681335843671,1.3194655610148247,0.19595611572221266,0.33120458294455968,0.00048586224510958149,0.030957130631982594,0.060243250503293301,0.0001234262932720764,-0.11967775335467566,0.52141362672172631,1.3802046160450017
2647205379,0.053155278233860348,0.0082875705126040401,0.0038235411443413264,0.17904803372928732,0.049478249737793939,0.00042521891602076802,3.6155316107031297,9.1141213674475114,-5.5545096294932508,0.39097471114423393,0.028508243788104792,0.0036306341186939073,0.25601031445822842,0.049228095971957861,0.00072867751659662307,-0.71762685459257336,5.7352683246896063,-2.8085934806694217,0.58441240453827203,0.071147741355542249,0.0035907627618839465,0.087523601918110955,0.057814400787379469,0.00070346990301768696,-3.5984828252161964,5.7675460517145494,-3.0470186446961685,0.25760194837869366,0.25516997883250692,0.001694085247097128,0.2725232928470927,0.20332137372225359,0.00091705662542250716,1.0804325490801874,0.73425707687421549,1.2940696418138999,0.26255233802183287,0.27056483077843102,0.0015880656230088832,0.27333648245754738,0.17393585016239552,0.00055643287835038899,0.9790021820528847,0.057997047768160642,0.83480989388261306,0.36400736121428129,0.22185447300093519,0.0021765012734358226,0.27684167072555693,0.20562868208099233,0.001192385178635649,0.27198682043367689,1.2124104670353713,0.24925287775652558,0.23940435692794534,0.21312425885615155,0.001349362289332559,0.20307906417196867,0.17566473676453878,0.00078922074622291721,1.4866178502972274,1.9189803246434021,0.36996907466036882,0.19400654254849933,0.20685512263952255,0.0017208468032337706,0.20612457264034534,0.17000056757903001,0.00070910907086219098,2.2888551000937656,2.0425760539546913,-0.055516702974466314,0.24540247829079495,0.19031700499666257,0.0017686732982800028,0.24671633206343677,0.17808321119117249,0.00086184027979577965,1.514473712852954,2.4852645814708718,-0.053648551401115609
2830528549,0.47258301143304199,0.12932669120856213,0.0026041216541850677,0.17988764205738453,0.13995038413482469,0.0011793329742458166,-0.6544502826636609,3.1530527634859076,-0.73053797310714164,0.41934448106608591,0.052774535760207276,0.0033195033329539827,0.21722806305095491,0.080327188561058013,0.00084444263784916307,-0.22211213333791185,5.6896538697955314,-2.5334306358908929,0.22653290946677015,0.24976997564116474,0.00074558719741234236,0.12946489896301699,0.15506871260456331,0.00056058846663902527,3.0566648721544927,1.4509477464066096,2.832277798355173,0.18492038563855895,0.27216743782928771,0.0013475121522418506,0.20010531212748578,0.18239475159179205,0.00064767970088127128,2.4881514913014873,1.2319204478708807,0.41343513306556334,0.17728119785322774,0.18616068299708941,0.0018765006416816361,0.20863480558465503,0.16549229743528021,0.00094650036536593832,2.5452417922464994,1.9919291133128483,0.47076394878501154,0.15378639783810552,0.21705614851160637,0.0012111087645958179,0.16791329814685099,0.12572369376212239,0.00058696579025344976,3.3097396887929573,1.7672739380827482,0.20633659748632227,0.1137841032793602,0.213321001806479,0.0015618099214278786,0.12475236591665695,0.084370543902603803,0.00051704772537122193,5.5588059967399825,0.56559305162058493,1.7019561180094409,0.11724535857362986,0.22918161063139172,0.0017544547691119125,0.13191080793399393,0.079175035328379287,0.00053014259895474555,4.9615379255619203,0.87222203120101527,1.3676237695954572,0.10814541744005497,0.18408639313748401,0.0016247899417523401,0.10268255811638403,0.071489424883383362,0.00044844929866213166,6.5151690214907907,1.1716019258972969,1.8561991078686688
2867436565,0.20508822331135354,0.17650795677347933,0.0025009524826915541,0.25975080735299,0.18418685017939088,0.00093814985961721432,1.6171642341446291,2.829554844157419,-1.333120825883314,0.3102083263315572,0.19348023197067404,0.0020297891519960821,0.32864759164441665,0.24060884380488221,0.0011348839389663131,0.8322225538215009,2.1519496385749184,-0.2966621424418322,0.44523946601031872,0.30332618262273248,0.001084486678669797,0.32083471781524492,0.31379798631737188,0.00093862978832887143,-0.1209450288754484,1.0447009643207248,0.58401304905423468,0.28246569521989412,0.18681574335563769,0.0026096931726548441,0.39957600444489227,0.12396405615437894,0.0006239752158413612,1.1518188630690727,3.1343297791756357,-2.0293087628657975,0.46939786079361767,0.13765441343133888,0.0024684375256053739,0.41591864038508308,0.094972620429435259,0.00062860199432210784,0.1083829183874528,1.5598120458996978,-0.53356870677873536,0.60690716715899418,0.072469881775184777,0.0017671685794325711,0.30239516833667507,0.052140957953254102,0.00041567399102174305,-0.87542593996593054,3.2255655049572667,0.012691025984713399,0.52817951357375703,0.18397027893999796,0.0025532588432931034,0.47082378595441515,0.082680411979212151,0.00039009631055217836,-0.10353653916932966,1.8746264609282683,-0.9974224287813761,0.46405078094696689,0.16386398016137932,0.0024129251928792536,0.41158385736492337,0.10224768238305998,0.00060686639562337148,0.12154377456841121,1.1676435841181536,-0.46375514045737848,0.41576453161972093,0.1073698018154977,0.0018057168520027873,0.36721955417448293,0.068035156179625286,0.00040935423603424663,0.215819670561259,2.7406945331034116,0.62441883172870161
2926691189,0.30227947224204027,0.5217945606703025,0.0014663988029162002,0.22140339082338698,0.32622439864960129,0.0010216655227302262,1.4072874057757794,0.062790228566541234,0.79717964089467719,0.23160809118515649,0.51851909380857697,0.0012838114809580784,0.1999881187847678,0.29299128722684881,0.00093164284440731143,2.1561791184874446,0.09745568409864501,1.227909316915756,0.3546083227736101,0.28894481141136191,0.0022219974982536825,0.29796521253421004,0.27289723753389405,0.0012360727436185638,0.65463172014275561,1.3045469929558908,-0.11925224030515723,0.26028362261005245,0.12853190813647236,0.0020711815426713996,0.26209204890568705,0.20691808824088143,0.0010402547263017497,1.223492377690458,2.9239930526627638,-0.10885263386296043,0.23224208578567701,0.11883213780880345,0.0020365686364761091,0.27317576959510903,0.17976723427692981,0.00085840637464667548,1.6279644021163671,3.4081952521629408,-0.096106725418238642,0.34625989395287593,0.13557879853921584,0.0024994769978321538,0.33371203966824092,0.20055333377509346,0.0011011769935497049,0.59424358341922989,2.9688757361260811,-0.5826701238051869,0.15297841992009417,0.13633981273207807,0.0020748782068290648,0.18732848505474586,0.11853124301209425,0.00081904586295680542,3.1070629135301333,2.397318762252421,-0.2390154360863917,0.17326547640980047,0.12964529503518138,0.0022302694160606764,0.22365931388345575,0.12921357037820869,0.00067253126699977838,2.567047967846193,3.4256487673385663,-0.23634414216131053,0.17715250175254396,0.13293662768652539,0.0020686206821861181,0.23244143213108176,0.11029282586525609,0.00075983658467122285,2.3922996096140525,2.5620999496047543,-0.30396414583018033
3015245912,0.61184367357091618,0.14729470590275301,0.0034738426715617394,0.43648743408223944,0.074586026412184925,0.00039787648362658379,-0.5449714309205681,3.183778093255254,-2.2946135666850345,0.19082367297660685,0.20322528855933833,0.0038054716225065575,0.32528410309960182,0.04790112153808971,0.00015067677874871512,1.9926804891847609,0.011776179009393335,-3.0508072817575895,0.16219538912173898,0.25284557512692346,0.003661224556102005,0.28043684347962355,0.08738300175074136,0.00053134663003054751,2.5084763872841918,2.1651048915349249,-3.4988318346600011,0.27524756723986193,0.27184531935544726,0.0016281089071918102,0.22838528463267493,0.21425340742429447,0.0010121795310779125,0.83412528187204049,0.74299363209814673,0.42328826988425439,0.14009974973326089,0.25875364220006553,0.0024423235555843703,0.14589150667537198,0.22203052107772403,0.0014683689636378566,3.859786200044486,0.9566155768054817,-0.18508355556434594,0.18550646658795306,0.31454087382425244,0.0018528527308926497,0.20590453370849299,0.2321052519964871,0.0014112634888293152,2.6704971395334489,0.82318668929468419,0.41609578457645646,0.55675014876632545,0.12850563906824791,0.001011812899697468,0.17835899342394756,0.060931107172875906,0.0002997124352302165,-1.3275968169881218,1.0301639218856997,-0.6265329443723584,0.51409966628764536,0.17291922787010131,0.0011596591596225955,0.31575905903442997,0.21886565208477063,0.00049638862694178999,-0.40413990036998815,2.0291938925248538,1.0870506498629873,0.26430971204863707,0.27041836753114074,0.00071951064325230377,0.16386696488319305,0.19795185902487036,0.00051872879382146514,1.4675117254278303,1.1120887228204706,2.4168976997539269
3105342248,0.38851372961973052,0.10754505500942817,0.0029836104928943571,0.28402183646156154,0.188367224227072,0.0011556535283684976,-0.038590327336412635,3.0193570185074621,-1.0743990062550224,0.35544021704125289,0.18403962950249428,0.0020514320061081645,0.28318326200100741,0.22739938305946816,0.0013678358981414147,0.39784303841464347,1.9653196717138828,0.1787021242114836,0.28062857732186575,0.25458114412240435,0.0017076905235076452,0.27811113430940648,0.24999861698064504,0.0013088750302632545,0.96533699507953552,1.405346028869692,0.36367253710217762,0.45274206077872181,0.18478211404777831,0.0020280372482234365,0.24066228001743181,0.20745228331252327,0.0011913573138532397,-0.33498359726564003,2.0776837220113391,0.098930389809292876,0.23675179538139768,0.31652198488771716,0.0013456448675392442,0.25865722237456312,0.22573114735499328,0.0009411960570828295,1.3120391296368306,0.54436811825274123,0.9850599716302102,0.12493695627565747,0.39792498986203717,0.0011524075247332319,0.21477731714491732,0.17904125107420221,0.00080568323695352567,3.1771222912924122,0.35647482924099344,0.73261489998016915,0.52412472572896573,0.23058070228217548,0.0021528867553649417,0.26913019870588178,0.30011973130055025,0.00082215165259790478,-0.22821097405886639,1.2373413728514775,-0.82095255670828948,0.47284985401040086,0.17633713696470338,0.0018807067704187579,0.35797754452559261,0.2236202811709197,0.00069294321588424278,0.087856388674964939,1.8238813716779458,-0.48283360241970852,0.42658653140332825,0.15731940957454835,0.0018128283993335736,0.38282406830750254,0.15180654376270739,0.00066116465674290355,0.21008304330775091,1.8068272846451814,-0.061004102229106412
3750024815,0.42278669561977195,0.49018881210008203,0.0024637662684208902,0.2448995213707677,0.28404228727068509,0.0012842195088796293,-0.15740781576395318,-0.068489623833719274,-0.4587992459734333,0.40907306503910823,0.49808430679215071,0.0023237721858511405,0.19972219794378607,0.24861422696291724,0.0014877593288285288,-0.06299482132007253,-0.29108453675940954,-0.26780334720251192,0.52122776543076221,0.51983972720444105,0.0027970853872864914,0.14285101446468407,0.23392396853062361,0.0011186942277887301,-1.52596890667493,-0.57061184839881318,-1.3838943250083453,0.32118531067227801,0.44260789738595246,0.001364811535710079,0.23857475622158975,0.25751697621422548,0.0010326096453648389,0.65362328908241041,0.46045086819167003,0.70585782445542444,0.20769729650463056,0.38977702982141121,0.0010799370532220778,0.16247549944178444,0.22857659645760173,0.00089143260771655747,2.5607011837462283,0.73548249297688151,0.922847738091923,0.43502150531311229,0.35480352908335822,0.0022075820723822803,0.250701382175401,0.21030785653588224,0.0012211349834723496,-0.029530383918600904,0.81119355423545669,-0.28871904323383224,0.18194420395986555,0.23168871243707984,0.0026310179093272665,0.20195540547724769,0.17004313743640093,0.00089762831272059381,2.0041935894943745,2.2351457601501097,-0.75932998690340803,0.098173809832763484,0.16675714375540898,0.0024688624183909903,0.098808483991524726,0.08635796593845968,0.00076718367940720351,6.4301767167116592,4.0042085908768117,-0.4575477496575836,0.11724451145507196,0.17879166941102612,0.0022812562611348487,0.18085086550541318,0.15527354908242091,0.00072092415976553182,3.7718134603858071,2.566331986767751,-0.8501768571843259
3952236664,0.4965741209079006,0.23982454321916816,0.0030243117038770795,0.17885807309631357,0.15896213287898575,0.00097515257588583649,-1.37106937063296,2.4925652170697958,-1.7016175438266177,0.52637153235275036,0.19576422200781055,0.0032290149328627433,0.15109982395167201,0.15372449969455171,0.00089181671934919471,-2.1800715187509487,2.8860318005252887,-2.4376561270687227,0.5108847388277582,0.34992372848604697,0.0027703447392029971,0.17132101285000692,0.16310832982105072,0.0010869807867739671,-1.531590487656397,1.3958933526873096,-1.4433843232854333,0.18834570503415776,0.33150413100418419,0.0018492887351019285,0.21110370650723759,0.25918069274093603,0.001031370770019003,2.0919964292804911,1.2241462730972523,0.068150852742225321,0.18557690171643876,0.3238269980208639,0.0017667604370295825,0.20817479908888517,0.25270450414912288,0.0011422126560383711,2.2578996874220061,1.0813112906597493,0.29199347313952123,0.29027809323381365,0.29173749130579846,0.0013436774046818962,0.28194219502129553,0.26185751607279079,0.0010828277679465613,0.83830758125961491,1.3027330122220004,0.93258687318068989,0.13484182292898944,0.2962577801872372,0.0016723001084811659,0.1576562688833025,0.20082272202918899,0.00095773262370761484,3.7661065035470811,1.9287972149565431,0.046680159888517994,0.19833269394994188,0.30694622075902783,0.0022347638954320508,0.23000987563708042,0.23365823642147426,0.0010909658248103428,1.8441607363037102,1.3440874899365236,-0.508977363333458,0.10313866997480808,0.31091598203928561,0.0022277302157169381,0.13943999418034242,0.1320096534202993,0.00070645155517996567,4.5827494166298965,0.49249887872607512,-1.0858946198190178
4080787755,0.028190072040333487,0.027000246677668874,0.0037884891690260795,0.11648477889135267,0.10972007378097846,0.00050961076698642551,5.4807474910116358,4.5951694181695162,-4.061866718784553,0.11130376993081267,0.1478417909254986,0.0031275619886170494,0.1953552261307975,0.20491550068409034,0.00098758043503036617,2.6383621484133997,1.0860531615808917,-0.80836021368632771,0.021392770972785507,0.02200418571065434,0.0038255920889934398,0.10338223266363228,0.1052465890817928,0.00042986713293756656,6.5419587376246531,5.3493854885515546,-4.6688483476725295,0.18091997152899847,0.41989959595158077,0.0019454764599387147,0.2345624545020793,0.26222988229070948,0.00093477713237408611,2.1385027624766444,-0.051229568987832381,0.50941660826228463,0.23380094016581776,0.35366372192602885,0.0019281190152577858,0.23650575929781056,0.21983101226318927,0.00087437411819085448,1.5079822287616027,0.53498635398532235,-0.042606573454634047,0.20419575871000306,0.49051924453963919,0.0015044737217358251,0.18377786769998664,0.29114834922739019,0.0010523467319458026,2.4866878086145285,0.030446439024935424,0.93707496236116816,0.18029053785633239,0.30252845299317677,0.0017917485690769031,0.20855505920300435,0.23232769942403303,0.0007469458588032406,2.5027161930141157,1.1514634014562384,-0.090158505705218467,0.2076592763825677,0.22194939241683856,0.0019997883623669877,0.2468404982388003,0.21376725286123222,0.00094625415665125045,1.9947615597540935,1.7603282907948357,-0.40912848057025875,0.13993636136806034,0.22112179692586592,0.002079386223788904,0.16290317429811207,0.22864962799768515,0.00077890065764154334,3.6113248464851782,1.5113920310506965,-0.68269623119017353
4177029943,0.20706875346265535,0.053187985928511351,0.0032268480066004212,0.34794581444213518,0.1320967206610498,0.0010787755745230803,1.4248398615841609,4.4799585958216595,-1.4821576259050235,0.41789893112240828,0.1008010511756401,0.0026330933448535246,0.37358022632578203,0.17210350783064216,0.0012394200919816972,0.26212074720895612,3.2110634837847032,-0.54037666614365487,0.087139791497401684,0.023472859986653698,0.0037206756791540135,0.17842160386015726,0.088384814150543153,0.00060385975296045461,1.9954216946534933,4.4627152064265196,-4.0420488225347304,0.28315727100916915,0.159164313681359,0.002069443207499307,0.32045057048491365,0.18391042167808,0.001094326903804378,0.91313524526816126,1.7122092946424254,0.27356678522841776,0.23572277476207598,0.26344811791602779,0.0014121951435889029,0.26647326693609474,0.18759086970048081,0.00093528178640731182,1.6150972415749132,0.91766460507334457,1.2022193241591757,0.17947183138533501,0.26524734094958291,0.0010404963613458668,0.15583975058637572,0.15934733580884172,0.00078211618269340242,2.7940536464694716,1.0640333458371756,2.1326605889577492,0.11485674239231294,0.26523727667800734,0.0017849344319224628,0.090127566919624397,0.10434047361207904,0.00061484543773008171,6.6570668972274145,2.088742720927482,0.4505449985665706,0.16040848696636567,0.39653720937155568,0.0016115565201743553,0.16546564892974566,0.20277953410809721,0.0007739026796083888,3.4941304601627214,1.0395915278151504,0.40267346355363781,0.16414966442685355,0.43957174949653449,0.0014470823091651515,0.18371721790404424,0.19757839792079446,0.00073032379725233919,3.1506112558221573,0.66861058573437726,0.18939188901303666
4521374221,0.19564555125761565,0.062680499485709557,0.0034631216371856445,0.27797995451783092,0.10845787519973481,0.00077159341692651664,1.0901237143133216,1.5218003206367121,-1.3795512640554219,0.18504277970436156,0.106033553148885,0.0029217693430515787,0.23303187609856868,0.11899705502569019,0.00092112841838890469,1.4638289426294551,0.85213853568252795,-0.34153163678322951,0.10741275262388922,0.028859609233003677,0.003439365628859048,0.2206297732368474,0.067204391102527933,0.00085882775361193744,2.2366889057346002,3.0338911445590124,-1.7309263322070605,0.19580578957483719,0.1749314859045332,0.0026336477142052126,0.22549674269719391,0.14301391052743009,0.00083729267663645792,1.6702493397572216,0.36654457540062135,0.39452870827853426,0.17497322030704454,0.32922250223202731,0.0021973474487651189,0.14313521451509731,0.2053778864512853,0.00070102052367582613,2.9176196873460993,0.88120238183332722,-0.70406525040959722,0.298406540760696,0.23555180511281082,0.001097432800159329,0.24440017839807088,0.20551601853120985,0.00087110157791336646,0.65219141434159567,1.285933264975279,0.79095876889219263,0.19707475246713874,0.28558734282418718,0.0019737049474509824,0.22285029625600009,0.17177290783433288,0.0007471654307101694,1.9733295771531734,0.67707889871564519,-0.11761046999032722,0.19740199921418103,0.29890760353562679,0.001860238655237801,0.17706454851504838,0.19627442582550331,0.00087507551058023901,2.1440873090358084,0.88680273883475413,-0.16208229200172594,0.23285982149201251,0.31477212930769793,0.0012758254522112983,0.21272894590214594,0.19469066026547127,0.0006887565624025475,1.6277546293775764,0.68060224314757323,0.55278380479408129
4626702800,0.34368482200267464,0.30088563873057828,0.0022738513202566766,0.24327481449559807,0.2449519808582642,0.0010486822481268951,1.1050274437964396,0.63840062253667751,0.28694630799251203,0.30334269479787673,0.49187766658404203,0.0015726107663730751,0.18597962852193489,0.2920631043137476,0.00085127578580647531,1.8525188823629271,-0.1056116534946223,0.89681733843895639,0.31045509625659196,0.4573675597070917,0.0021527707449525424,0.16746084268915865,0.29520294577581641,0.00087742516932796369,1.9389490763801314,-0.040605217462704818,0.33967191454923024,0.24004868806222618,0.30974851143188448,0.0021852809276193272,0.20481976809702201,0.2805791670169781,0.0011575075110561884,1.4630526997371704,0.54188637006209395,0.3195058929273551,0.23946639719177326,0.36615939948267956,0.0013553107729133381,0.20698534201364988,0.24882148182818153,0.00091902958806407999,1.8853671994620753,0.52498982617976697,1.0806083006014195,0.27991223027369816,0.53395607607897055,0.0016507681611741985,0.13101657182383952,0.2504700997192118,0.000876642210132787,2.7298050820792188,-0.42147164603317,0.40347228308654065,0.22099139456202527,0.41702504879836988,0.0022169780868879548,0.19453252342448593,0.25341910307797805,0.00082913053243668466,2.7467375791143804,0.059845476272483072,-0.51850296435689669,0.18470579817732041,0.36837704376750857,0.0022367829067380927,0.13863955156570759,0.25513366654786629,0.00072006398841163656,3.2121277719243162,0.20826499532783233,-0.76192267083242271,0.18262687358507126,0.32879318599418678,0.0025929946877736604,0.14276152588530758,0.27273073096823075,0.00046098277424864282,3.3783872358085847,0.32352811760986044,-0.94064444960433868
4633577801,0.12267933820925389,0.82595644893876197,0.00076991735817051035,0.14425928571486432,0.29690262525697197,0.00093519228502605294,3.8920768291862209,-2.0098198092585746,1.8386836667501043,0.14277508924073917,0.86702121996954173,0.00052458168025389562,0.11171134557620566,0.23620410126951016,0.00086325057255691451,4.1002098444043131,-2.2503946821053047,2.7515724448198351,0.20881124405477403,0.75781467458951057,0.00025571729223921891,0.14053921208342712,0.35663641901920473,0.0005877969660181997,0.88975449219767477,-1.3081797877492116,4.0621666380246078,0.17140756071563543,0.80119966256609731,0.00038581389875859813,0.16541467087120126,0.31532242842958402,0.00054232217990519006,2.4892932416187041,-1.7952430309877108,2.7698206533305725,0.13425216488750746,0.76877518549351875,0.0012340896154798789,0.10404983659264881,0.22930831010917596,0.00090323397356473711,5.7515173440419112,-1.1240706128056415,0.87981127021870686,0.15051683129927496,0.75022181345779326,0.00098140525151149812,0.10496901482677612,0.24968114413944745,0.00086533270151694709,4.9287435777767685,-1.2432981224357686,1.4327504906873463,0.13459585007853941,0.89126328797007059,0.0002495187291964535,0.097937760815465402,0.23688118052363769,0.00015639125702805989,4.3164794754360374,-3.0727977698612667,1.2139802005057907,0.1236793834056959,0.95004275375145653,0.000320151637261392,0.033038611518369718,0.07813571569410889,0.00020852956707765398,4.6282767364347688,-2.6748978187002415,3.8753330676791391,0.13987191630730406,0.88238118787367126,0.00025095968790886635,0.078098798019710328,0.24723935261349234,0.00020054044939661533,2.4704884210280253,-2.917169804838176,4.2803021107075363
474897814,0.43733115019124436,0.74047042346046155,0.00024724825951729404,0.34651108412451626,0.32054856204500098,0.00042524465463393015,0.038366427773721054,-1.2674210919821338,3.1869191600740225,0.4620469202056488,0.69057351674557799,0.0010683440641281996,0.31131131787600064,0.24062984469574852,0.00097997539866093272,-0.19015253068830973,-0.51167449306023716,0.11188246856326135,0.40609609030977489,0.72827646294109216,0.00089986471436569377,0.33589298100413656,0.21491226534573499,0.00090187670347106701,0.18987380418358116,-0.55503797640662977,0.64973846875186325,0.28724020490001856,0.71536123445511357,0.00013250140339668152,0.30787016416626017,0.34761667094090787,0.00026008428433834876,1.0062047868330564,-1.0820423520332905,5.3996767158414531,0.29171947464172387,0.72591539833957963,0.0013552579091104533,0.318972638062193,0.25376255171131246,0.00079797958793188155,0.7649696447522355,-0.6771588294838895,0.52704305534580487,0.21956104214850852,0.79830226356026324,0.0011351574782541213,0.30695373654922686,0.22437323828896732,0.00081748817453366888,1.4972923069364543,-1.2157213056340268,0.81469767095422596,0.28626236868222221,0.72159890536085636,8.3224581372648565e-005,0.24763635857467384,0.3638819961639328,0.00013686042924688068,0.88036574345924357,-1.1076976548795887,6.1543791065219589,0.15615067869298849,0.87574576933297632,0.00062235272457499685,0.23420209957375462,0.23632565277912576,0.00066093919113307273,2.2477921990534115,-2.7819101082438902,1.6512570378814182,0.17817434867047574,0.87775621311900598,0.00060478454476696768,0.26761064587919137,0.2188050691461399,0.00071803611553981873,2.0101997431159022,-2.8004543668087152,1.7633246021415101
4789603169,0.57101162375530967,0.061942616942439632,0.0036915877769068974,0.07138675537905198,0.037234866074007868,0.00013610085826689804,-5.9260821343521695,2.0753804203997905,-13.689369413891949,0.45617242144471276,0.05046609927257268,0.0035050346506390025,0.22155340743062921,0.080254268179041521,0.00073343124038223917,-0.95813357474458871,3.2450183837739139,-2.5351737875843914,0.37994506529044153,0.016749121991332733,0.0038198583615829608,0.24095900783160415,0.019682679635710954,0.00021753022851998683,-0.38040666572824294,6.844368157273208,-8.5278684650547874,0.37330496149792697,0.22705878438288826,0.0023336950233159839,0.23511645524514252,0.19160052345566228,0.0013024120364538399,0.083050021897492485,1.1672983850217191,-0.17031202957344302,0.18067642509870122,0.28429042518658076,0.0020694494619474726,0.17260726263144149,0.15428403515374869,0.0009282986319737493,2.1680251490603362,0.6289351122733654,0.2233968726009975,0.32354213681661848,0.31474172793759558,0.0011197493818479792,0.25088092980294219,0.25254797678199181,0.001098734590209505,1.0209378924833001,0.97532654274739949,1.1036312425745065,0.28026930435439845,0.27867580004371123,0.0011130308700852984,0.22802125299145806,0.21013841276399836,0.00070034622063667919,0.96977350349118618,1.1477840337330345,0.75177636610757947,0.26732081135260805,0.30485756480435594,0.0016466808884405782,0.22689247700296847,0.22462398598019195,0.00087817311091867181,1.1324494567444445,0.69685568585734703,0.36173260048107914,0.30482739508926437,0.27298074718403159,0.00087852803522821515,0.23716950287786009,0.2256776505065704,0.00084565036076436595,0.72930380031751585,1.5017029040464391,1.2215587455039978
5110836602,0.024579287589442032,0.00072713677516199175,0.0038828125108878626,0.11560519048016719,0.0041029108911668387,0.00019061573171390831,4.9176420388050097,9.5123867523299435,-4.8939588471428577,0.22932035802444584,0.15160194067656552,0.0033492071554229491,0.23314804003763948,0.23337749399846422,0.00079292026346232749,0.60833532757809006,1.2211793821295782,-0.95699020736722162,0.47469554170024247,0.042188215910670089,0.0038686315156839833,0.22799093254704039,0.084840288692022064,0.00023598021272516512,-1.4493309117258535,6.5766201314611408,-6.7801895246155199,0.19863553889541927,0.10903651994300197,0.0025191484904840116,0.23937377933640633,0.15357114858354426,0.0013926456644193597,1.1985634153045155,1.6187301030939163,-0.22479099801242369,0.19477190083089627,0.4108797801779423,0.0019719639627338533,0.16717841783208004,0.25302536465379538,0.00065023002486020191,2.0344368370237262,-0.3647862688522977,-1.0828057676784302,0.35483879452058648,0.19343771629697692,0.00142776478740504,0.28223288264135526,0.19758325276232139,0.0013898298833668731,0.22316912808711234,1.396744810433022,0.87739825779342029,0.48686955319993402,0.13679749706133207,0.0013969616899042068,0.25143462302279551,0.16348847122461294,0.00078613644622176971,-0.43017170837205604,2.925322671132045,0.27544498577328352,0.41065380739802426,0.12342559576387083,0.0013055883370830283,0.27260455057280425,0.12926670414046484,0.00051438750663039068,0.24594312610198471,2.2384672721889718,0.075443630062283176,0.40479613627029687,0.1184502213774236,0.0012580703733885417,0.2950196745439807,0.12225878245115239,0.00050072456905084683,0.25407115338451769,2.9847060753975025,-0.89021190744433565
5445568497,0.17321007986023385,0.049109280007701581,0.0031748546514251694,0.27574655301674267,0.10807047061615958,0.0012795555264506272,1.3017866103369,3.1531919292067419,-1.3376008366067498,0.27143975457214164,0.18712982925038388,0.0015471807520761579,0.26697163075893865,0.14422423025089814,0.0011900893990064571,1.0870759174631168,1.3318141581851193,0.71450359869703106,0.19152207999509963,0.26971929993087407,0.0014165728060532767,0.29315057985294052,0.15618449078961724,0.00083541370944189587,1.709584912109043,0.42885153430735978,1.1222557364205186,0.41396342420415888,0.16448187034730083,0.0020157744493360373,0.31415154363360315,0.20450595350249423,0.0010931228266169567,0.17022943262527482,2.0292883411160898,-0.1537557600621908,0.38787823862427079,0.16001016597490567,0.0014800582296805591,0.30267922844006534,0.1838326745174732,0.0010021724220668294,0.21090369161789962,2.318144016032702,0.30903726943266197,0.32266345303510274,0.17354355952714987,0.0015234263455912386,0.3130778918110998,0.18737585973337453,0.00094797693653211174,0.70370452266991168,1.733080202353785,0.063164783331428928,0.19693381517871217,0.060109982848191558,0.0022838516424703963,0.27059033427258838,0.053920337206070472,0.00063340149469238982,1.8682487795501799,5.6160931524959752,-2.1515537939584868,0.46084155238407415,0.038840217562144549,0.0019722601274699417,0.32125468444060062,0.034876300006856167,0.00033561575344352555,-0.14270742442575118,2.3142808727294923,2.3106941267005605,0.56276667592747465,0.03129882151617467,0.0018364546499811593,0.28796313547161811,0.021432580716370397,0.00025065334500455714,-0.8094573042198504,1.2842102857142201,-0.40216226354792145
5662265128,0.30860096479693006,0.10609400001447582,0.003163911632366726,0.22971503180595973,0.12574652271193124,0.00077466623228202936,0.88383950852270643,1.6233017590533898,-0.88051409253493584,0.25505069928478291,0.12666693948821284,0.0031241518338504574,0.21184832578305884,0.14174046675699856,0.00078463619004745218,1.2565441422230352,1.097813109640893,-0.81277480079223952,0.34847876606013461,0.23318063639281503,0.0018852439113098743,0.19402047712296708,0.14915821259618425,0.00097668078601418685,1.1783506142366016,0.44356661156766525,0.71788903503021184,0.30234444028633095,0.21238818140148766,0.0021270533046729516,0.19337119337136066,0.17646313794108692,0.00095489073252949985,1.5007437341187544,1.1556911537896655,0.32463940971970234,0.27584936067135096,0.20083441843267372,0.0024010293257631481,0.17994125589572879,0.15426907609682405,0.00083130943359058479,1.8532839835316195,0.64689829506395979,0.16535307643772787,0.4709801070620529,0.3310133862182188,0.0016786309304370668,0.38446947591343172,0.23979079219826646,0.00086807908386810832,0.32629902547883272,0.25087305470517263,0.97773013411792953,0.26250280159034406,0.37985171385670102,0.0020140527151192326,0.12686587808643188,0.21458507830990334,0.0008104903124605497,2.2189241363091465,0.26807314097976848,-0.12079702800180409,0.27880381562378914,0.30309848477508994,0.0016904754968923965,0.17183229979762904,0.18773112621262611,0.0008363637581761149,1.6935670581971214,0.56326583424262122,0.4082465770351611,0.44407453071039532,0.40550260168147628,0.0017930043829770684,0.34980362203399434,0.21210229021871077,0.00088313093898513214,0.50605953036493923,0.14437500772733122,0.35681006104896762
5698766031,0.52336385434116695,0.064791102018562016,0.0020832537623966282,0.24835840969680259,0.068969324956882516,0.00068854386390812268,-0.87476534507530868,3.9704757318857054,0.06600269167033844,0.50695768292269683,0.056283952692755962,0.0021434448890790469,0.26593041511851773,0.080064879820456486,0.00067727424281824767,-0.96513165056471151,4.6912036603515865,-0.89424836246309325,0.58794323082809896,0.2819073329910467,0.001748439717720159,0.32244857527075144,0.29621450386273501,0.00077716874329904662,-0.35960677340043917,1.0017853419818488,0.10642429399777098,0.26400277046752985,0.059749594705159094,0.0023390756775259571,0.25638266810798954,0.04369015832168447,0.00027354845485865576,0.98266574652325878,0.24723595537338897,-0.54429020236367698,0.47871375544870998,0.044926789315976032,0.0020114479864792199,0.29706423333597265,0.039655830029540255,0.00034568765779445249,-0.57327403711628189,1.2668131559365443,0.57727959442400778,0.65421236862858845,0.33127528358381458,0.0016672689389360615,0.33953392511878999,0.34023138823783056,0.00063508950909958522,-0.69435787029872731,0.5692855132055622,-0.36697536925452751,0.14728623558999854,0.075484278122481832,0.0022402633151205852,0.17006185992194417,0.04382799656927322,0.00041070714859303475,3.9490915877111958,0.444653855483713,0.11958282278095561,0.30951991111127564,0.075006092429843213,0.0019887162695940682,0.32126082035377496,0.049442461260300212,0.00034559196208160266,0.65858656861058273,3.2788777750445162,-0.88565824439978424,0.72201196454408034,0.44765240410859142,0.0018003699070841522,0.34095143044462445,0.36670084498226901,0.00061442666872581805,-1.0424015369199602,-0.04150573688689542,-0.97304717024454812
5701173319,0.52638919156128317,0.097298534822670743,0.0030785547662274433,0.1642683868890229,0.13573072972728362,0.00097674771083240772,-1.2064824915347296,2.4815152878296853,-1.2269974784563635,0.30986649603100769,0.19848927027358401,0.0021124210504162725,0.28234533778574433,0.14793588077955047,0.0008699432120522838,0.4959268285592025,1.0978226555852766,0.1582788903231398,0.44397872412415196,0.24853842418531075,0.0017771201390120244,0.2764124727903034,0.15462060208350542,0.00092188209899432474,-0.18901616550244857,1.396305689133515,0.25332223131301401,0.53455431460870106,0.081066622588412254,0.002370005066706541,0.30997456255153583,0.10156389443179456,0.00063779611193093147,-0.39905751213715024,4.5206236850778296,-1.9345056636010063,0.29468825997328624,0.11712902846275061,0.0022456105665544343,0.28637045061485583,0.1614315971963981,0.00055256038679253106,0.81380300637411829,2.9231012360225894,-0.95177087762575507,0.47706997486676367,0.072920625562244934,0.0020934749553268906,0.27363385624816261,0.10574486329341151,0.00044727620412324118,-0.54496969204931622,4.5359957004103917,-1.0509415148858205,0.50607868681873791,0.070528067706024183,0.0018292469594480382,0.23774197564921129,0.046296652836340803,0.00045093450444703308,-0.74477545531955136,0.89283293178105294,0.54819368720512185,0.45284671209961952,0.070176899116248873,0.0019007008476758101,0.24329337738549559,0.048981132543726311,0.00045874144519959787,-0.43549543853950307,2.0565335554633259,0.77703162933511039,0.54429214038227514,0.073491581725178973,0.0018022178679193215,0.18010522054337658,0.044408307643575791,0.0004168913781568444,-1.4691240378775687,1.250194426675693,1.1233927463578568
5918808515,0.48900840991856181,0.079545109922229407,0.001757103172669269,0.28025512604069081,0.083330854497605439,0.00058002704951339479,-0.3757876823622337,4.0377555834708687,0.030978796707720708,0.55625391331530005,0.079728289849299111,0.0019382126412194648,0.20798118371274821,0.088420279513842417,0.00072596810754611905,-1.4393343893997261,3.2551409938551026,-0.32124301157014701,0.38205207625781218,0.13400756059853353,0.0016565928958346353,0.30360070415248369,0.14951327299254635,0.00069791430880241116,0.18667261806641453,2.7397236515694634,0.18900765238973097,0.51140371310943111,0.036273167843185655,0.0023288027537259831,0.25933742235985874,0.03977514080951524,0.00026752915572682116,-0.94661797337325371,5.9888114246606747,0.35095347503602342,0.38974473929118242,0.046925354491810387,0.0023026391077465968,0.31323690909040336,0.033937129039131084,0.00044034873126966328,0.19003421888515887,2.4313897385609704,0.038680803536227999,0.49291454249123462,0.06137625607889538,0.0017013487649808487,0.28905555352685941,0.06179167940879314,0.00044636442618763053,-0.64596408537225536,2.3784883868888524,0.42391227164179107,0.17398714346803468,0.041787043408974857,0.002406191431127652,0.21070435003532206,0.034299760256598241,0.00033214375398708145,2.6569643206141684,3.719718963079035,0.32448286170753604,0.3135179382745174,0.058630827968899589,0.0021674720027628318,0.28961564406210438,0.038580313114767777,0.00048137412584626382,0.71536949448003617,1.8123058764350506,-0.32248159482801281,0.51826667512219426,0.049029339854430323,0.0018137251893607137,0.25026987424565927,0.038762231038184401,0.0004824642087516762,-0.9897799777332803,0.88587496716308434,1.536791425652277
5930049995,0.5139447102803868,0.04657074483041141,0.0020695244350949086,0.33647878088102484,0.050093624177725039,0.00061266149030733057,-0.41234339460758629,10.310646309845767,-0.92509878978036897,0.54142037448885183,0.051542992766740112,0.0020997546950152434,0.27987213982990017,0.044823721150228472,0.00064482245602863193,-0.79674590846550897,2.4624648111798217,0.53331682900002497,0.50352249427417028,0.088343432632862526,0.0017715041778550828,0.27989033960412096,0.10614446080882327,0.00078758255005748144,-0.66413012195080501,4.2095005714728089,-0.1572946432752996,0.41084426696897797,0.069294581976141467,0.0024140060841319009,0.30543071062544996,0.046704908906498289,0.00065046572090655139,-0.024188769448264157,1.1809526863371478,-0.17671137190968131,0.46778648517840471,0.077659984779937796,0.0022701745925802434,0.28955619378332137,0.088623256793482222,0.00067192189040654821,-0.33894897555914355,6.2098329264515737,-0.45465636962388106,0.50894420415582409,0.076579013438605154,0.0020236581149283557,0.28149017248374009,0.057921319080816394,0.00079312188885076625,-0.57348515487045604,0.82164522457360289,0.72685978763471659,0.14538197266666347,0.075557646379051574,0.0029253084760305303,0.23765511666945685,0.0509859637551833,0.00048306251063641036,2.7586672608443839,8.0450412445400463,-2.2564276508252998,0.37875498600353924,0.13211803596409608,0.0019953419438607043,0.30216792728920577,0.11828780677095441,0.00071036930511502762,0.2344051721743462,3.7213201314914794,-0.18169966353161804,0.56321940385540625,0.096716877409092142,0.0019662886292660603,0.19844148836290651,0.066160372735021233,0.00081796223992798708,-1.6119499752612494,1.1487522067640845,1.0880720281475302
5938008501,0.62516741991684299,0.03921624883710606,0.0037223344531971429,0.079090850496782064,0.019831953970089137,5.7992640109607182e-005,-4.5288147047174458,0.10773011411556986,-0.73723352739409631,0.54012698909541923,0.087313975107360942,0.0034567270839046243,0.1792977732084296,0.1015188301158933,0.00074433975097364406,-1.9289953748554443,3.5205920486472189,-2.6321608922986863,0.61774186254150709,0.049116100977919873,0.0037416534362208521,0.047603243430580588,0.018580948658748365,3.4668889287327493e-005,-3.8210274227357464,-0.31769646111461086,-0.062476302083583547,0.50264739637614575,0.16490560940824911,0.0027371101050793116,0.15305450865412806,0.14437955044236361,0.0010922266660819031,-1.0797374342402739,2.0734150283817709,-1.0379783779663758,0.37132643632795148,0.19734605904074959,0.0025569219494849804,0.23820687248949671,0.15346084786286057,0.0010700928612989485,-0.22916338466483471,1.5768527248572419,-0.5145216758877712,0.51091755361213065,0.13347725242756162,0.0030553893489051755,0.16511831486284781,0.12525114765333431,0.00090332731963863337,-1.3176254871801614,2.2206452346663506,-1.6669348050199422,0.20750707949036132,0.26547739410833721,0.001435620207584497,0.23568978478852198,0.18502308919287055,0.00068653525776881448,1.5106771871143827,1.5276500576738936,-0.28199332192377224,0.15359701939778408,0.26698116617666279,0.0017706541531603197,0.19842759041369623,0.11489283234947885,0.00066486324477053535,2.4681780787315311,1.8796673117905462,-0.43018363479244742,0.18945816742471527,0.30119581189023659,0.0018705497943654033,0.22913727346771492,0.15669911655378335,0.00085009631865966327,1.6652141156446225,2.0053285636060338,-0.61406256448525698
6620492857,0.54815241311171237,0.075928442461806273,0.0031464185858455502,0.20802664179556896,0.12217957780566725,0.00086296230855085565,-1.6562099137267436,2.6213090441696885,-1.6807894025123711,0.59431931211095956,0.03062876559218802,0.0034566659386450873,0.12680635910358373,0.028266040792202966,0.00044363711426819699,-3.1162767915963738,3.5255411924178315,-3.1812965326694966,0.59193220090762932,0.052629444287889869,0.0031611248592845454,0.14856015272075745,0.065307569358663442,0.00078314612805008895,-2.5287562517043551,2.8331408526664408,-1.798664781581687,0.18573019055585935,0.20015560195242343,0.0015322297491214179,0.21752647359649058,0.13438616741126186,0.0006602382698666574,2.1075253769247304,1.5229711820219654,-0.041121359457101631,0.1647403079270415,0.094664927329661974,0.00215504690323164,0.16839614182796567,0.097383741181783071,0.00068482419208833461,3.0783411415456632,1.7301188903973403,-0.77615112784343032,0.15901055099983266,0.053404404946359313,0.0023557338907209172,0.16565051363510364,0.057655736466887014,0.00053155165179799514,3.3215842706529433,5.6258541463965424,-2.2700033205413663,0.18927943201208153,0.22459560424312772,0.0013205432604168684,0.1934682154484344,0.15066600790866316,0.00059895456102927681,2.8312673691229362,1.8799348590805174,0.2350276859090045,0.12694915573539645,0.22278141208551672,0.0013862654245778891,0.16840464158438198,0.11152690783523621,0.00050498342410781991,4.2481015452937436,2.4571696218704537,-0.05751721448604593,0.16296374126785057,0.18645113666413973,0.0015542196061585165,0.20702398521710808,0.12924160805971549,0.00068487961202186494,2.685030435322763,1.6516792958912832,-0.068072925814095325
6749183629,0.46828055667761492,0.19628157894863146,0.0020950898264121202,0.24968838306906188,0.13254597727743544,0.0010282166191984609,-0.64489705636585315,1.808830752561247,-0.053458069868455894,0.56340655782647775,0.15161553661534222,0.0033069688797919264,0.099042508969671414,0.029417649332455102,0.00049555979163701128,-4.1774160770581172,0.21472821826316146,-3.6397436552255757,0.47452470522152362,0.14826510685060604,0.002233312665948325,0.21580669098172112,0.065727460125617518,0.0010570124836029671,-1.0549921438897594,1.4481375845623101,-0.071933682853863451,0.46049863220487625,0.19135472899840802,0.0015333011138728184,0.25616894942417678,0.14074741353297654,0.00085486128156059802,-0.51194438957525312,1.4376211881415706,0.71627560882250896,0.53142061417818598,0.19823525411947976,0.002150125538570356,0.2430925552882717,0.1531437910576007,0.00077007888723466898,-0.77361830438115053,1.9184631157042145,-0.14908644339966001,0.46165343802572611,0.16521650962381246,0.0014919076808667198,0.26754990027176406,0.13070561610287051,0.00077626035956815257,-0.33562823581018325,1.6980546841091859,0.60157028673241719,0.59560419657830621,0.22858267006448274,0.0019421046979041169,0.016090217297419215,0.049690205626697466,0.00040771040663631656,0.43399634108241714,-0.26294513592225116,1.9712583093205867,0.5847107616599484,0.23306575192320345,0.0022012385088436281,0.01129689707281193,0.044985157878419467,0.00037595909482749176,0.77977575158825141,-1.0543367880556445,1.9491534895679294,0.59913239007576102,0.23802659147303923,0.0015617963838393371,0.057389390020858959,0.11218597065583558,0.00068904723804885442,-4.3324717337406655,2.5108714554841463,-0.47033982394965096
6797092876,0.49851861355339383,0.21074530586145596,0.0027294571607523049,0.27996496758397288,0.14601177552874017,0.0011009632250626432,-0.50298829474848761,1.0167509248852198,-0.3966803967384761,0.49809947463304427,0.2565904667729309,0.0029750443581646911,0.24129279313443766,0.15553345164571439,0.00094097996748467104,-0.88544910516541075,0.079892480051388312,-0.62535253327090135,0.52555674201534208,0.24387133658349142,0.0033051047538592451,0.21126275328151389,0.1436873280373373,0.00079022336953196747,-1.0504534195439532,0.13399170327467427,-1.2890569527206133,0.28203012798184507,0.24503727619178725,0.001889802224857532,0.33272693770474787,0.17365331658020858,0.00078389564984670103,1.1233683933956533,1.9019561605737869,-0.33310274475844975,0.48106522139267344,0.21029816587117425,0.0013788868672757154,0.27310303693350901,0.16848147039276593,0.00087253856872994678,-0.46724121608241959,1.691530105794657,0.78113384567643962,0.47078899147916548,0.25159427408824148,0.0020529057982394123,0.25582671967060838,0.20243416118411736,0.00092627257155082588,-0.57785148204666048,0.93400619718611255,-0.30750175997196155,0.2608205309958162,0.15884482345746359,0.0015777549443785615,0.26693094649664301,0.082813337768426629,0.00099388320009416442,1.0204256981691604,1.8067784899574573,0.19514910419189382,0.27344333207383548,0.15876542995453166,0.0022178008458285541,0.2812799399947124,0.10699709223244308,0.0007867620616130843,0.94345504762887544,1.6776577164466413,-0.83957698405689363,0.18066483981607778,0.11474073260292614,0.002760081442132232,0.26348564606870617,0.068759654779865093,0.0005043124742960145,2.0863852054749645,1.7147567609196031,-1.0991226647147014
6843869571,0.50270562534723406,0.28450020895035338,0.0022642899642235439,0.20040873075568627,0.15289675476873388,0.0013395834170649152,-1.2719853650083717,-0.17997705876525788,-0.11070480001007664,0.57942288751166737,0.42598788297918233,0.0035155638969948419,0.032816918380309722,0.070530243715678745,0.00038035334177640654,-11.556022856283276,-1.5834689364332848,-6.8772644598471162,0.57828861977663459,0.43218488209912276,0.0032753771463618531,0.084709591874553014,0.11364854330961117,0.00072655705531779859,-3.1004659148915499,-1.1594049394198389,-2.2752098750477017,0.38458427785629856,0.2155584281770653,0.00090393711229227796,0.28357077037554446,0.19780098346215069,0.00058627104117851619,-0.01610790120893317,1.9699694902994924,0.85635193256476094,0.40834998691476476,0.19453892822468433,0.002183191926652994,0.26210839125133384,0.14103920772085082,0.0010933672628656106,-0.22040313186160645,1.4124774242181175,-0.26500481756599759,0.46833042089069993,0.20661623405342991,0.0022800566280181682,0.25909997441553817,0.13841721692632045,0.0010996175872204791,-0.41769761744393402,1.3014911129797559,-0.32290110178910753,0.26570264632610907,0.15988640610076366,0.0019892811088128067,0.31922977049515111,0.12327676568298185,0.00095334677775729671,1.2728577522504205,1.9034451073422145,-0.039429361516346642,0.30425683169675405,0.15637726493283516,0.0024548621956889953,0.30221883650875342,0.14835118651331067,0.00092910657285390338,1.0224361487221842,1.6619975486060981,-0.46708528429761748,0.33919769038809278,0.13353653245905417,0.002600188493497638,0.3235414119546533,0.13425293559654344,0.00080361651621122215,0.89100253714490907,2.0101724764362245,-0.59737309600571897
6880799220,0.45770053308666658,0.23336580631646589,0.0027589866021991128,0.20610115012883698,0.13170203109612669,0.00084302527534438462,-1.077945329507785,-0.72324327420253331,-1.1253445802855737,0.54448383141920287,0.31353613822054666,0.0029463593614022557,0.14837745110505052,0.074661579790636423,0.00067717678025622935,-2.5397415861570538,-1.7452997125457301,-2.4212876498911715,0.47413854227507962,0.34628309033760213,0.0024892942744822498,0.23645773023803227,0.13154789946651502,0.0010449242647769339,-0.86658105149175102,0.45158392064532027,-1.1320986466380223,0.23305405938498877,0.13341678699966819,0.0019849634495137602,0.19956863718868342,0.16396282634120291,0.0010199508957903516,1.7135239283469481,2.7599670499998412,0.45092126120743159,0.22879228246876934,0.14925124927161559,0.0024281800848234918,0.23096761813992725,0.16464593672306377,0.0011032325501681493,1.6037324704493305,2.9618316241776372,-0.29350745009761564,0.48259265391296829,0.22410248033634461,0.001227918939728093,0.23018945770293628,0.24352942654154225,0.00067440492208508914,-0.75094872185241412,1.7846952928785991,0.8982407750311906,0.26025000270893689,0.22630565065335165,0.0018869162115530025,0.23867472293117414,0.2322600482724308,0.0011620964919057683,1.6442623580686295,1.4749605481120855,0.1898566935900477,0.23363674627127368,0.17344181817786522,0.0015173590992751142,0.19651343024624196,0.16128536111572989,0.00096848915595497268,1.2804245382187727,1.8839027819413139,0.87431469283547025,0.35643704306105445,0.2102806915603726,0.00085442389338222908,0.22923217708107352,0.1838215409603374,0.00047465892206615979,0.2411061848128245,2.1454590947645436,0.012210222190562975
6908309815,0.55495795378997037,0.081496558696265042,0.0033554570019116918,0.065014110511874071,0.050986789717311735,0.00026003070186493533,-3.5391153038126064,0.55887904888792872,-0.7918460537894797,0.56609768166630947,0.30046230643577049,0.0034762599433586058,0.035037695649711376,0.1092544767391958,0.00021656578573154813,-9.0023676283013838,-0.51648481600577401,-1.5136948833327131,0.57525915308029874,0.46364139943749055,0.0033962047821983988,0.015972193506635635,0.13057941823208685,0.00025222496262317649,-10.907224061234325,-1.2971050420932848,-2.6863900423563796,0.48725607307620972,0.13522295667446738,0.002089721360329028,0.18556936064931268,0.12968010417279904,0.00096991885214442236,-0.34362242572038543,1.7696969141361418,-0.1148675028622923,0.46536743160258465,0.1710395237771066,0.0019008247098894508,0.19466285354985,0.14478442317482848,0.00096583792651461318,-0.34931339152073737,1.999017809028369,-0.064172889622499507,0.43903754409301804,0.24494565310891117,0.0019512394113495597,0.23131451555640373,0.19162883386366944,0.00092520950861740576,-0.33941794535196151,1.5504645970559212,-0.090774262864111555,0.37657151298196279,0.13138034644877708,0.00080070684261919663,0.20352719346471276,0.098346379776206638,0.00059530745392279919,-0.51332203260242171,1.6049686629539366,1.3989263245264758,0.30761693026347708,0.11506841620182903,0.001386550857109704,0.1930639167641309,0.1049591522154439,0.00048608172915784367,0.85343314795942093,2.4004579140016982,-0.1206011087106998,0.20306308719968796,0.12294330634372791,0.001355936413044367,0.18673000712746485,0.15880672663872236,0.00059896622848890665,2.4773576406632354,3.5668350379963956,0.71517499422227182
6979459280,0.34262996518278288,0.1200731143662796,0.0017581825697230667,0.3409097312875442,0.1238199397184072,0.00081145528807025948,0.66969358970755644,2.8196903702813811,0.71961757943665738,0.43863666602513895,0.15319383074143447,0.0022411387458417149,0.33360724679228304,0.16421533354772641,0.00098912985163174044,-0.0065358249348511392,1.6800349421987371,0.066188609639815335,0.34236396990479573,0.23288368000915508,0.0017856873394667449,0.36287007597867621,0.20402883904458499,0.00094186991360164878,0.75603822021514322,1.0914955879780333,0.37843058509100641,0.60195536462607369,0.061756046262264469,0.002085445046716585,0.24330676535370713,0.063914142090608361,0.00040172388148910083,-1.3524629048982764,7.6938649388334666,-0.81273492487740051,0.59995050023308083,0.10488305061831869,0.0019039282471711562,0.33631239270655783,0.14230105941728596,0.00068496659001564741,-0.74614532919914722,3.1299275236946196,-0.34329905084736073,0.22302741119054498,0.1826036346021622,0.0020234446965444845,0.24569193554664737,0.16619426349315186,0.00065006417534195309,1.5413071987260341,1.8995538127407456,0.60550432056924963,0.66631807228038153,0.053502061231447115,0.0021021895394754096,0.1310969091288707,0.054196906627779651,0.00039994470508588974,-2.9932371905602153,4.5990361043596373,0.93583743523297791,0.58491008334233785,0.048858185794037945,0.0021375755923898096,0.33787792111707077,0.034703268918832714,0.00033124030156384953,-0.78441199363161707,1.7925484726190608,-0.32832305577351112,0.088797244994473709,0.17654709660640303,0.0017010984700118112,0.072294696772212355,0.054367187793749994,0.00020819833116018623,10.591029393370743,0.51033204743569605,0.96079901668365253
7538504280,0.26149688715345232,0.3001107872401324,0.001538940854161588,0.27965570636289366,0.27328265513246425,0.00085229683312169674,1.1770576911784765,1.0385087100750146,0.050938774448800093,0.27496661277843354,0.29607084155168578,0.0020424267768363287,0.30385662543737879,0.26675186352096097,0.0011185735592536261,1.0291894788933604,0.57674313197665872,0.3024801662140616,0.42713239549388449,0.082432198191553979,0.0033114548107794251,0.22622230369917359,0.11285258982980337,0.0010490090631073278,-0.48544433054928821,3.6786242902791955,-1.7900500645107407,0.31151222221574087,0.37561026353774829,0.0010379666943799108,0.29661710145251619,0.2866539806062931,0.00088169627708336955,0.78453019845356708,0.64599835071987532,1.0913448561002175,0.32152936730433168,0.33712319705011684,0.001620650433204124,0.30172284217775114,0.26797456396149616,0.00098859913849624285,0.82993081285971482,0.72835566494987414,0.38348513272273888,0.41702331089457878,0.28686668379773406,0.0019213770928190412,0.30063484682442354,0.27327571257313482,0.0012402835143277343,0.24608432142497685,1.1535345496203135,0.098695209704252454,0.3317969865544097,0.12084684126549958,0.0017434308947292705,0.27317711176614751,0.19633479134776194,0.00073746664934159893,0.77774642149245365,2.8207327578762817,-0.22042382269847224,0.35399012991415696,0.197924361801423,0.001793475990788075,0.28048616353795924,0.26482074573259995,0.00069511662400975778,0.33771502657759528,1.4426512810520113,-0.17075122391213038,0.44706935164944345,0.13215929980768693,0.001696464996257898,0.31513376988266012,0.17191677458070184,0.00062074512827918937,-0.016789863210235831,2.2677439468954299,-0.14959110798937925
7640511568,0.5358741202147006,0.19929775069809372,0.0027948441643064993,0.19456623116834687,0.16734926491256724,0.00068593500051379109,-1.3678064056859056,1.486257115924968,-1.4638677035191012,0.403831987388314,0.24878004294532197,0.0021464374482187678,0.22755016542736034,0.16541729662810264,0.00094699588492534227,0.28781288000299565,1.0738244027528228,-0.26379467060004536,0.36650404587812713,0.34500404139964747,0.0015470345461207804,0.21585508542950316,0.24847354678263101,0.0010510987769402175,0.80097024142763296,1.0938999300196774,0.40662621065962501,0.53087570539260087,0.22501288674730791,0.0019967049509667955,0.35449948011207155,0.20475538236151616,0.0010078771998607422,-0.18308235830154282,1.4700009008355726,-0.21567746287939982,0.38993110093963257,0.2500317005959109,0.0019021304554225058,0.26943983989676223,0.22716098981757088,0.001073085060390802,0.18790653705395369,1.6824843461942924,0.038310334993009301,0.38057834351467068,0.2474249474463725,0.0013716961515343211,0.26347000179175878,0.21281417727893856,0.0010590842192301198,0.21888966219866579,1.4597674098239288,0.59977746903988116,0.13904122913093753,0.077278143816308917,0.0027033621052217839,0.20457617079722762,0.047659443423246975,0.00014544554096134241,2.9344629662823536,3.8893431317591047,-1.6190004009201553,0.2080450321207728,0.10817228611830859,0.0025059290124962168,0.24737551666901281,0.086474322294356046,0.00059860984960537482,1.8486009980303375,2.6022735953110896,-1.8794323374782382,0.40753255390069687,0.18315922250549951,0.0016687067812488339,0.28130994396890252,0.1430526306339891,0.0008677038368337214,0.031954497544067935,1.7473314652940874,0.103855173959138
7648023840,0.54393337362979644,0.34476627621899414,0.0033093925124294261,0.13676473554244292,0.12962275932748837,0.0005772066711116448,-2.7532443021299446,-0.23273699430955783,-3.3135467113993124,0.564789884812957,0.398346682742868,0.0034292849433252082,0.063365126232123287,0.11272195832697016,0.00059826678022016752,-4.2254730119975665,-0.84299009731976449,-3.5357835357189424,0.54373701973326172,0.30818977083453852,0.0032114398434070889,0.152201263688205,0.16228652477875211,0.00058285948181535446,-2.7680712664512499,0.1605138213097051,-2.2411220891761059,0.4221337693506419,0.22753506378852342,0.002227411683302977,0.26011624295013347,0.11956983238410522,0.0011069704831654522,-0.2287043545826706,1.7216874485922502,-0.2923194519568143,0.3598088529674538,0.28610401557817911,0.0016787728181792293,0.1973079108120008,0.15652566329064707,0.0010373468622901761,0.87425733623795165,1.038734013722207,0.78935848495440331,0.4041609613272078,0.17383292455451052,0.0020057854488484523,0.26433417642027618,0.17456058441117134,0.0011473113599386664,0.19758328986093029,2.0476997183042638,0.16257458083205292,0.28445634688445609,0.16119139683082498,0.001835775456908196,0.3093245595494814,0.17240789379271584,0.001069963704227234,1.1031748128481234,2.8481712410686142,-0.058269742759887277,0.21813286975617707,0.15978283016022107,0.0022080331601324115,0.26524061394664744,0.12784560184799565,0.0011302061746239756,1.6695499795043371,2.4757891053477792,-0.41852127107577436,0.19147865305993655,0.15544051952136703,0.0022958130748148169,0.2549436818286151,0.13077825648460897,0.0010127682945779803,1.8757562837681094,2.6820646970518722,-0.84597339830596063
7798517032,0.44855815887369993,0.14451390001251499,0.0027233917106001312,0.28539156275805805,0.16456869386757281,0.00088646426859820694,-0.4255862187583761,1.65064268907872,-0.37854678354447824,0.36709138682833731,0.13611661595484678,0.0025091171676689689,0.28766867319941819,0.15232148209520749,0.00093896203654930265,-0.022970188887534285,1.4947811362966914,0.082713904862710061,0.46376290724688585,0.10309473501937721,0.0029718266326519052,0.27382225679587502,0.13982227430927227,0.00085035105642601951,-0.74076859298286657,2.0191972670163394,-0.79256323314617261,0.37819565615656392,0.18918709380891305,0.0018353290924050577,0.26123840167880646,0.19970244527794404,0.0006420842115513922,0.14225176403729559,1.5498805211364777,-0.083063429665881316,0.34092021489530661,0.22402069553792381,0.0017441202537081938,0.25023268975501894,0.24275074067239041,0.00070920696354061111,0.35514862249688822,1.630096846722753,0.063264038280131482,0.30798289083136898,0.1525441390062125,0.0022849819514747516,0.28208058053548069,0.18654412948016361,0.00096135042117976796,0.68973069367327156,1.6200272835137342,-0.041672282236421748,0.36122734282031677,0.17164781843623392,0.0017468022888823861,0.27358246730926211,0.15451929352231938,0.00083535554109499702,0.32849534328373431,2.33269874653549,0.27045708232195487,0.29582404494049674,0.1811054574470331,0.0019059634510594054,0.26772467791661148,0.1747794482813437,0.0007979109104776041,0.69135764426803836,2.056776822330908,-0.04017808359013534,0.20942784837356657,0.26783054880934765,0.0017148668522431116,0.25863113455344688,0.19431683420900914,0.00075838155527987983,1.6624950549888442,1.1484428589623401,0.029179554908120825
8167972209,0.17974911438575347,0.3004194802191863,0.0021329359181176733,0.24594279992966339,0.18207196508121343,0.00061323982749021569,1.6237092045095547,-0.37669080842817165,0.34463365938362245,0.44055222590448884,0.070417871728333276,0.002290722978122025,0.2675301812175559,0.085909132257462106,0.00094677467730731359,-0.49926760500479817,3.0999433082313543,0.17034683480358734,0.30428361712849639,0.2250235786014608,0.0017952427741796068,0.29837577756530931,0.14674702902871017,0.00084113161660803769,0.35553959586129008,0.024200759577167549,1.1625077125038492,0.19793357339488493,0.26319605042894978,0.0021485881616421679,0.24905563830989302,0.1932486035900807,0.00077425353528387845,1.1902974987590871,-0.13923469420474843,-0.1752909094829978,0.42507168022171327,0.048882398668848283,0.0023440768938001242,0.26988143853554203,0.06327944831025821,0.0011628788405158837,-0.20811751253710595,8.2868450325096799,-0.15631751919745585,0.31056885493298991,0.20734303394793341,0.0021483920294326267,0.29753698530627698,0.19495941980117923,0.00098200339566809373,0.42726357035739299,0.58613443806872467,0.41281486534774869,0.11573408516520201,0.29651462457542244,0.0018512736898261496,0.20410086265422911,0.24546585903521578,0.000896327318658317,2.3315626240832961,-0.12950537061154882,-0.17564716681348219,0.23108633630871539,0.055779543642832705,0.00093038718935848491,0.28998826506176395,0.12504099123693771,0.00098045363924182012,0.65525891650206169,3.5502422847999031,1.7238564427586212,0.20749205765774079,0.2077468191655738,0.0017174080603750868,0.27221454276647794,0.21877298262953745,0.0012713266745084722,0.9429494042271459,0.68705941268471615,0.37690843948021552
8463002502,0.56929022704176069,0.46213299375672273,0.0037246847095638879,0.078308076664001663,0.064494660708026494,0.00037350334249612626,-5.4048827172311418,-1.1022869877069346,-5.7000459346492951,0.39000158931177681,0.42786315948218251,0.0027780543958352052,0.25656406692620992,0.13328206233992521,0.0012987197848704835,-0.20623128164711962,0.35721654408156539,-0.705434317867489,0.56516560449304976,0.36412119948406269,0.0037508424892549711,0.096213186611972298,0.081681120616113267,0.00036107073410195198,-4.5532896969987071,-0.39604662454378381,-5.419323974667754,0.33205377422641857,0.33446689203189256,0.0026810611844846734,0.27632094033182852,0.15550098888920033,0.0013116950649622264,0.48899389170428026,1.1563317426226607,-0.80004613126445701,0.2235976604759127,0.35805660266587419,0.0017247086259707986,0.26983669758836892,0.19923554787745371,0.0011404402969665036,1.3567494067989263,0.45611349646067106,0.31063190062430773,0.41889936774340158,0.25931812410494898,0.0033591657596478814,0.23453229322400926,0.15313631018535179,0.00064135995307172612,-0.66188370480083136,0.84569333438480454,-1.2557684618422875,0.25625299917650268,0.38033808357391774,0.0016017205372437498,0.22234103411758802,0.1920922462108724,0.00099093573630963292,1.552067133558017,0.46683337241644651,0.49923319205389755,0.14567524745231727,0.44913676024517851,0.0013273853682133942,0.20751247679510687,0.16623863840483311,0.00079437392046991678,3.0217292046204434,0.43508400340903686,0.40628807996621003,0.13850021620560166,0.49762615478711347,0.001747102956067818,0.20535340788317097,0.13618714993657924,0.00082518137328635606,3.244372229362519,0.14569671070771839,6.0277720669044134e-005
