10918904,0.0012746666666666666,0.0019946666666666667,0.002336,0.0026933333333333332,0.0021546666666666667,0.00077866666666666666,0.00013333333333333334,0.00022933333333333334,0.0017813333333333333,0.002496,0.0018079999999999999,0.00013333333333333334,0.00062933333333333331,0.00074666666666666664,0.00038400000000000001,0.00013866666666666666,0.00062399999999999999,0.00093333333333333332,0.00079466666666666672,0.00064533333333333337,0.00045866666666666668,0.0011199999999999999,0.0004906666666666667,0,0.00024533333333333335,0.0005706666666666667,0.00044266666666666667,0,2.1333333333333335e-005,3.7333333333333331e-005,0,0,9.066666666666667e-005,0.00011733333333333333,6.3999999999999997e-005,2.1333333333333335e-005,9.6000000000000002e-005,0.00017066666666666668,0.00016533333333333333,0.00097066666666666666,1.5999999999999999e-005,2.1333333333333335e-005,2.1333333333333335e-005,1.5999999999999999e-005,5.3333333333333337e-006,2.6666666666666667e-005,0,0,0,0,0,0,0,0,0,0,0,0,0,3.7333333333333331e-005,0,0,0,0
2058503932,0.003223339160839161,0.0026005244755244756,0.0028682255244755245,0.0025349650349650349,0.0022290209790209788,0.0022454108391608391,0.0023983828671328669,0.0015625000000000001,0,0,0,0,0,0,0,0,0,0,0,0,0,0,0,0,0,0,0,0,0,0,0,0,0,0,0,0,0,0,0,0,0,0,0,0,0,0,0,0,0,0,0,0,0,0,0,0,0,0,0,0,0,0,0,0
212397073,0.0014294294294294294,0.0011831831831831832,0.0016516516516516516,0.0011651651651651651,0.0011831831831831832,0.00040240240240240242,1.2012012012012012e-005,0.0004144144144144144,0.0017837837837837837,0.0019579579579579579,0.001129129129129129,7.2072072072072076e-005,0.00094894894894894896,0.00087687687687687684,0.00043843843843843842,0,0.001063063063063063,0.0016216216216216215,0.0011711711711711711,6.006006006006006e-006,0.0012132132132132132,0.0011411411411411411,0.00040840840840840841,0,0.0017357357357357358,0.0021561561561561564,0.0011171171171171172,0.00019219219219219219,0.00048048048048048047,0.00072072072072072073,0.00036636636636636636,6.006006006006006e-006,0.0002942942942942943,0.00011411411411411411,1.8018018018018019e-005,0,0.00064264264264264268,0.00062462462462462465,0.00031231231231231232,0,9.0090090090090091e-005,6.0060060060060059e-005,6.006006006006006e-006,0,0.00039039039039039038,0.00034234234234234234,1.2012012012012012e-005,0,0.00043243243243243243,0.00085285285285285287,0.00049249249249249251,8.4084084084084086e-005,0,0,0,0,0,0,0,0,0,0,0,0
212998442,0.00072072072072072073,0.00060660660660660662,0.00091891891891891894,0.00057657657657657661,0.00022222222222222223,0.00011411411411411411,9.6096096096096097e-005,0.00013213213213213214,0.00087687687687687684,0.0014954954954954954,0.00060660660660660662,0.0002042042042042042,0.0027027027027027029,0.0024444444444444444,0.00045045045045045046,7.2072072072072076e-005,0.0022942942942942943,0.0014114114114114115,0.00016816816816816817,3.6036036036036038e-005,0.00016216216216216215,0.00025225225225225225,9.0090090090090091e-005,1.8018018018018019e-005,0.00026426426426426428,0.0008288288288288288,0.00060060060060060057,0.00027627627627627627,0.001933933933933934,0.0022522522522522522,0.0007447447447447447,0.00012612612612612612,0.001903903903903904,0.00093093093093093093,4.8048048048048048e-005,0,0.0022522522522522522,0.0010810810810810811,9.0090090090090091e-005,1.2012012012012012e-005,0.00060060060060060057,4.8048048048048048e-005,0,0,5.4054054054054054e-005,5.4054054054054054e-005,1.8018018018018019e-005,6.006006006006006e-006,0.00032432432432432431,0.00076276276276276273,0.00023423423423423424,0,0,0,0,0,1.2012012012012012e-005,0,0,0,0,0,0,0
213986874,0.0020119999999999999,0.00083600000000000005,0.00080400000000000003,0.00080800000000000002,0.00099200000000000004,0.001024,0.00085599999999999999,0.001292,0.001892,0.001348,0.001292,0.001204,0.00072800000000000002,0.00023599999999999999,0.00024399999999999999,0.00059999999999999995,0.00056800000000000004,0.00055199999999999997,0.00088400000000000002,0.0010280000000000001,0.00071599999999999995,0.00075199999999999996,0.00073999999999999999,0.00041599999999999997,0.001256,0.001384,0.001348,0.0010280000000000001,0.0017719999999999999,0.001688,0.00095600000000000004,0.00065600000000000001,3.9999999999999998e-006,7.9999999999999996e-006,3.9999999999999998e-006,3.9999999999999998e-006,0.0001,0.00025999999999999998,0.00046799999999999999,0.00056800000000000004,6.3999999999999997e-005,0.00010399999999999999,0.00010399999999999999,4.3999999999999999e-005,0.00024000000000000001,0.00024800000000000001,6.3999999999999997e-005,5.1999999999999997e-005,0.001036,0.0012999999999999999,0.00088000000000000003,0.00036000000000000002,0,0,0,0,4.3999999999999999e-005,5.5999999999999999e-005,5.5999999999999999e-005,2.0000000000000002e-005,1.5999999999999999e-005,1.2e-005,2.4000000000000001e-005,3.9999999999999998e-006
214076516,0.001588,0.00052400000000000005,0.000164,0.00015200000000000001,0.00031599999999999998,0.00057600000000000001,0.00062,0.0012600000000000001,0.0013879999999999999,0.00082399999999999997,0.00071199999999999996,0.00114,0.00026400000000000002,6.7999999999999999e-005,5.1999999999999997e-005,0.00078799999999999996,0.00058799999999999998,9.6000000000000002e-005,0.00074399999999999998,0.0010480000000000001,0.00088800000000000001,0.00067599999999999995,0.00080400000000000003,0.0011039999999999999,0.0014760000000000001,0.001572,0.0013879999999999999,0.0011720000000000001,0.00065600000000000001,0.00058799999999999998,0.00022000000000000001,0.00050000000000000001,3.9999999999999998e-006,2.0000000000000002e-005,7.9999999999999996e-006,0.000116,2.4000000000000001e-005,1.5999999999999999e-005,0.00043600000000000003,7.2000000000000002e-005,0.000136,0.000176,0.00050799999999999999,0.000108,0.00063599999999999996,0.00093199999999999999,0.001088,0.0010120000000000001,0.00069999999999999999,0.0011999999999999999,0.001036,0.00064000000000000005,0,0,0,0,3.9999999999999998e-006,1.5999999999999999e-005,2.0000000000000002e-005,7.9999999999999996e-006,9.2e-005,0.00019599999999999999,0.00018000000000000001,8.3999999999999995e-005
214098967,0.0024759999999999999,0.002264,0.0021280000000000001,0.0017600000000000001,0.0013519999999999999,0.001044,0.00085599999999999999,0.00089599999999999999,0.0023519999999999999,0.0025720000000000001,0.00192,0.0013240000000000001,0.00077200000000000001,0.00087600000000000004,0.00067599999999999995,0.00047199999999999998,0.0023159999999999999,0.001944,0.00114,0.000408,0.00192,0.0017520000000000001,0.00097999999999999997,0.00042000000000000002,0.001792,0.0025079999999999998,0.0022399999999999998,0.001408,0.000444,0.00045199999999999998,0.00025999999999999998,0.00031199999999999999,6.7999999999999999e-005,9.2e-005,9.2e-005,6.7999999999999999e-005,0.000852,0.00085999999999999998,0.00049600000000000002,0.00013999999999999999,0.000428,0.000108,3.6000000000000001e-005,0,0.000696,0.00084000000000000003,0.00040400000000000001,0.0001,0.00054799999999999998,0.0012520000000000001,0.0013799999999999999,0.00073200000000000001,7.9999999999999996e-006,1.2e-005,2.4000000000000001e-005,2.4000000000000001e-005,2.4000000000000001e-005,2.8e-005,3.6000000000000001e-005,2.0000000000000002e-005,1.5999999999999999e-005,2.8e-005,2.0000000000000002e-005,0
231350390,0.0025977011494252873,0.0017126436781609196,0.0013390804597701149,0.00097701149425287351,0.00074712643678160923,0.00059770114942528732,0.00056321839080459765,0.00079885057471264372,0.0024655172413793102,0.0014597701149425288,0.00077586206896551721,0.00062643678160919541,0.0012758620689655173,0.00086206896551724137,0.00049425287356321844,0.00045977011494252872,0.0014597701149425288,0.00083333333333333339,0.00064367816091954024,0.00047701149425287355,0.0018390804597701149,0.00098850574712643687,0.00043103448275862068,0.00020689655172413793,0.0017471264367816092,0.0010287356321839081,0.00048850574712643675,0.00029310344827586208,9.1954022988505746e-005,0.00015517241379310346,0.00015517241379310346,0.00010919540229885058,0.00015517241379310346,5.747126436781609e-005,1.1494252873563218e-005,1.7241379310344828e-005,5.1724137931034481e-005,0.00014942528735632183,0.00012068965517241379,0.00010919540229885058,9.1954022988505746e-005,6.3218390804597698e-005,5.747126436781609e-005,6.8965517241379313e-005,0.00047701149425287355,0.00031034482758620692,7.4712643678160915e-005,1.7241379310344828e-005,0.00010344827586206896,0.00029310344827586208,0.00020114942528735632,9.1954022988505746e-005,0,0,0,0,0,5.7471264367816091e-006,5.7471264367816091e-006,1.7241379310344828e-005,0,2.2988505747126437e-005,1.7241379310344828e-005,0
240778165,0.0010514322916666667,0.00087890625000000002,0.00076497395833333333,0.00055989583333333336,0.00030924479166666665,0.000185546875,0.00022460937500000001,0.00052734375000000003,0.0015885416666666667,0.0019986979166666669,0.0010579427083333333,0.00026692708333333332,0.00077473958333333333,0.00067382812499999995,0.00034505208333333333,0.00064778645833333333,0.00056966145833333337,0.00037434895833333336,0.00020182291666666667,0.0008626302083333333,0.00064453125000000003,0.00042643229166666665,0.00011393229166666667,4.2317708333333335e-005,0.0014518229166666666,0.0019173177083333334,0.0011132812499999999,0.00016601562500000001,0.00063151041666666661,0.0013183593750000001,0.00031901041666666666,7.1614583333333334e-005,0.00011067708333333333,9.1145833333333337e-005,7.4869791666666661e-005,9.4401041666666665e-005,0.00017252604166666667,0.00015625,0.00094401041666666667,0.0013151041666666667,7.8125000000000002e-005,6.8359375000000007e-005,4.5572916666666669e-005,1.953125e-005,0.00021484375,0.00020182291666666667,5.2083333333333337e-005,1.3020833333333334e-005,0.00020507812499999999,0.00024088541666666667,0.00011393229166666667,2.6041666666666668e-005,3.2552083333333335e-006,3.2552083333333335e-006,0,0,1.953125e-005,2.2786458333333334e-005,0.00039062500000000002,3.2552083333333335e-006,5.5338541666666664e-005,4.5572916666666669e-005,3.2552083333333333e-005,3.2552083333333335e-006
2641511535,0.00083626760563380279,0.00016138497652582159,6.2353286384976529e-005,3.6678403755868545e-005,3.6678403755868544e-006,7.3356807511737087e-006,3.6678403755868544e-006,2.567488262910798e-005,0.0014708039906103287,0.0010893485915492958,0.00085460680751173711,0.0003080985915492958,0.00046214788732394364,0.00028975938967136148,0.00017238849765258216,5.868544600938967e-005,0.00016138497652582159,1.4671361502347417e-005,0,7.3356807511737087e-006,0.00031910211267605635,1.8339201877934273e-005,0,0,0.0024134389671361502,0.0034147593896713614,0.0032607100938967138,0.0016395246478873239,0.00067488262910798123,0.0015625000000000001,0.0017385563380281691,0.00063086854460093892,0.00015038145539906104,0.00019806338028169015,0.00017238849765258216,3.6678403755868545e-005,7.3356807511737087e-006,0,0,0,0,0,0,0,9.5363849765258215e-005,2.2007042253521128e-005,7.3356807511737087e-006,0,0.00056484741784037563,0.0014011150234741784,0.0012800762910798122,0.0003301056338028169,3.6678403755868544e-006,3.6678403755868544e-006,1.1003521126760564e-005,0,0,0,0,0,3.6678403755868544e-006,3.6678403755868544e-006,3.6678403755868544e-006,0
2642332428,0.0021236795774647889,0.0024024354460093897,0.0014414612676056338,0.0010966842723004694,0.00090962441314553996,0.00086927816901408454,0.00051716549295774644,0.00017605633802816902,0.0028169014084507044,0.0026225058685446011,0.0015001467136150236,0.00052450117370892021,0.0018119131455399061,0.0012690727699530516,0.0011040199530516432,0.00049515845070422534,0.0024354460093896713,0.0012617370892018778,0.0009646420187793427,0.00063453638497652581,0.0026335093896713616,0.0017312206572769953,0.00086194248826291077,0.00026775234741784038,0.0026738556338028168,0.0031543427230046948,0.0019329518779342724,0.00027142018779342721,0.0016321889671361502,0.0023437499999999999,0.0013387617370892019,0.00028609154929577465,0.00016872065727699531,0.00019072769953051643,0.0002090669014084507,0.00011003521126760564,0.0011003521126760564,0.00080692488262910803,0.0006161971830985916,0.00048415492957746479,0.00099031690140845069,0.00076657863849765261,0.00039979460093896713,0.00015038145539906104,0.0013057511737089203,0.0013681044600938968,0.00041079812206572768,2.2007042253521128e-005,0.00078125000000000004,0.0018155809859154929,0.00070055751173708921,5.868544600938967e-005,0,0,0,0,0.00016138497652582159,0.00022007042253521127,8.8028169014084512e-005,4.4014084507042256e-005,1.1003521126760564e-005,2.567488262910798e-005,0,0
2642337822,0.0010416666666666667,0.0012433978873239437,0.0006161971830985916,5.5017605633802818e-005,6.9688967136150232e-005,3.6678403755868545e-005,2.567488262910798e-005,3.6678403755868544e-006,0.0024501173708920188,0.0019916373239436619,0.00098664906103286391,0.00034844483568075116,0.00067855046948356811,0.00018339201877934271,4.0346244131455397e-005,1.8339201877934273e-005,6.2353286384976529e-005,4.0346244131455397e-005,3.6678403755868544e-006,0,0.00044014084507042255,0.00051349765258215966,0.00053550469483568076,9.9031690140845074e-005,0.0027765551643192487,0.0026591842723004697,0.0022117077464788733,0.0016211854460093896,0.00097197769953051647,0.0010049882629107982,0.00099031690140845069,0.00039979460093896713,0,0,0,3.6678403755868544e-006,3.6678403755868544e-006,0,3.6678403755868544e-006,0,9.9031690140845074e-005,0.00011370305164319249,3.6678403755868545e-005,7.3356807511737087e-006,0.00015771713615023473,0.00027875586854460093,0.00019806338028169015,1.1003521126760564e-005,0.00041813380281690139,0.0013644366197183098,0.0015331572769953052,0.00060519366197183094,0,0,0,0,0,0,0,0,3.6678403755868544e-006,3.6678403755868544e-006,1.4671361502347417e-005,0
2705567565,0.0022534435261707987,0.0025399449035812672,0.0024517906336088153,0.0017024793388429752,0.00018181818181818181,8.8154269972451794e-005,6.6115702479338845e-005,0.00011570247933884298,0.0018457300275482094,0.0016033057851239669,0,0,5.5096418732782371e-005,5.5096418732782371e-006,5.5096418732782371e-006,5.5096418732782371e-006,0.00069972451790633607,0.00087052341597796139,0.00055647382920110192,0.00077685950413223137,0.00058402203856749307,0.00044077134986225897,5.5096418732782371e-006,0,0.00022038567493112948,0.0001928374655647383,0,0,0,0,0,0,0,0,0,0,0.00018181818181818181,0.00028650137741046832,0.0011129476584022038,0.00093663911845730025,0,0,0,0,5.5096418732782371e-006,5.5096418732782371e-006,0,0,0,0,0,0,0,0,0,0,0,0,0,0,0,0,0,0
2806044371,0.0021182519280205656,0.0029357326478149101,0.0032030848329048845,0.0033367609254498715,0.0033264781491002572,0.0032082262210796917,0.0031568123393316194,0.0032853470437017997,0,0,0,0,0,0,0,0,0,0,0,0,0,0,0,0,0,0,0,0,0,0,0,0,0,0,0,0,0,0,0,0,0,0,0,0,0,0,0,0,0,0,0,0,0,0,0,0,0,0,0,0,0,0,0,0
2806167129,0.0028352668213457075,0.0030626450116009282,0.0031554524361948957,0.0032807424593967517,0.0033642691415313227,0.0033364269141531321,0.0032993039443155454,0.0029883990719257541,0,0,0,0,0,0,0,0,0,0,0,0,0,0,0,0,0,0,0,0,0,0,0,0,0,0,0,0,0,0,0,0,0,0,0,0,0,0,0,0,0,0,0,0,0,0,0,0,0,0,0,0,0,0,0,0
2807015536,0.0013351648351648351,0.0026263736263736266,0.0030219780219780221,0.0031043956043956046,0.0030439560439560441,0.0029285714285714284,0.002934065934065934,0.0029725274725274724,0,0,0,0,0,0,0,0,0,0,0,0,0,0,0,0,0,0,0,0,0,0,0,0,0,0,0,0,0,0,0,0,0,0,0,0,0,0,0,0,0,0,0,0,0,0,0,0,0,0,0,0,0,0,0,0
2807015698,0.0029973474801061007,0.0033793103448275861,0.0034376657824933686,0.0034854111405835542,0.0035755968169761273,0.0035702917771883291,0.0033793103448275861,0.0030344827586206895,0,0,0,0,0,0,0,0,0,0,0,0,0,0,0,0,0,0,0,0,0,0,0,0,0,0,0,0,0,0,0,0,0,0,0,0,0,0,0,0,0,0,0,0,0,0,0,0,0,0,0,0,0,0,0,0
3125050953,0.00073529411764705881,0.0019558823529411767,0.0030330882352941177,0.0034926470588235296,0.0034264705882352943,0.002676470588235294,0.001661764705882353,0.00041544117647058826,0.0015183823529411765,0.0023566176470588237,0.0017058823529411764,0.00041544117647058826,2.573529411764706e-005,0.00010294117647058824,0.0002977941176470588,0.0001911764705882353,0.00022426470588235293,0.0015735294117647058,0.0025698529411764706,0.0015367647058823529,0.0001213235294117647,0.00042279411764705881,0.00025735294117647061,4.4117647058823532e-005,8.0882352941176477e-005,0.00020220588235294118,0.00011764705882352942,2.9411764705882354e-005,0,0,0,0,0,0,3.6764705882352942e-006,3.6764705882352942e-006,3.6764705882352942e-006,1.4705882352941177e-005,0.00043014705882352941,0.00034191176470588236,0,0,0,0,0,3.6764705882352942e-006,3.6764705882352942e-006,0,0,0,0,0,0,0,0,0,0,0,0,0,0,0,0,0
321559803,0.00071289062499999998,0.001240234375,0.0016406249999999999,0.0023893229166666668,0.0031054687500000002,0.0029622395833333332,0.0021093750000000001,0.00057617187499999997,0.00067382812499999995,0.0018912760416666668,0.0023600260416666665,0.0010449218750000001,0.00056315104166666666,0.0015559895833333333,0.0026953124999999998,0.0015397135416666667,0.001025390625,0.0016341145833333333,0.0025976562500000001,0.0018489583333333333,0.00086914062500000001,0.0015592447916666667,0.0018847656249999999,0.00065429687500000004,0.00028645833333333333,0.0010319010416666666,0.0012239583333333334,0.00032226562500000002,3.5807291666666667e-005,0.00011067708333333333,0.000107421875,4.2317708333333335e-005,5.2083333333333337e-005,0.00012369791666666668,0.000361328125,8.7890624999999997e-005,0.00018880208333333333,0.00021809895833333333,0.000244140625,0.00018880208333333333,0.00018229166666666667,0.00022135416666666666,0.00017252604166666667,5.5338541666666664e-005,0.00017252604166666667,0.00038411458333333331,0.00027018229166666667,6.8359375000000007e-005,3.2552083333333335e-006,0.0001171875,5.8593749999999998e-005,6.5104166666666671e-006,0,0,0,3.2552083333333335e-006,9.7656250000000002e-006,1.953125e-005,9.7656250000000002e-006,3.2552083333333335e-006,1.953125e-005,3.5807291666666667e-005,2.2786458333333334e-005,1.953125e-005
33740121,0.0013151041666666667,0.0015266927083333332,0.0016048177083333333,0.0016438802083333333,0.00150390625,0.001181640625,0.00084309895833333329,0.0020279947916666667,0.0018880208333333333,0.0018684895833333333,0.0015299479166666667,0.0008561197916666667,0.0018554687499999999,0.0020442708333333333,0.0017154947916666666,0.0010872395833333333,0.00125,0.0015201822916666666,0.001416015625,0.0010123697916666666,0.0012630208333333332,0.0015429687500000001,0.0012565104166666666,0.00058919270833333339,0.0010774739583333333,0.0012825520833333332,0.00081054687499999996,0.00013671875000000001,0.0011197916666666667,0.0010970052083333333,0.00050781250000000002,9.1145833333333337e-005,0.0012630208333333332,0.0012955729166666667,0.00099283854166666661,0.00047200520833333334,0.00059244791666666669,0.00080403645833333336,0.00081054687499999996,0.00065429687500000004,0.00041341145833333334,0.00050130208333333331,0.00044596354166666667,0.000244140625,0.0007291666666666667,0.00089192708333333333,0.00056640624999999996,0.00012044270833333334,0.00021158854166666667,0.00032552083333333332,0.0001171875,1.953125e-005,9.4401041666666665e-005,0.000126953125,0.00010091145833333333,3.9062500000000001e-005,9.4401041666666665e-005,0.00019856770833333334,0.00027994791666666668,0.00019856770833333334,0.00022786458333333334,0.00031575520833333331,0.00015625,2.9296874999999999e-005
3411870792,0.0018933333333333332,0.0021866666666666666,0.0019413333333333333,0.0017333333333333333,0.0016426666666666666,0.00093333333333333332,0.00046933333333333332,0.00093866666666666664,0.0023786666666666665,0.0023146666666666667,0.001872,0.00052266666666666661,0.00192,0.0017973333333333333,0.0012373333333333333,0.00043733333333333336,0.0012586666666666666,0.0011253333333333334,0.00073066666666666668,0.001408,0.0013066666666666667,0.0016106666666666667,0.0012426666666666667,0.00026666666666666668,0.001152,0.0014239999999999999,0.0010506666666666668,0.00032000000000000003,0.000224,0.00037866666666666669,0.000192,0.00015466666666666667,8.5333333333333339e-005,0.00012266666666666668,0.00012266666666666668,3.7333333333333331e-005,0.00013866666666666666,0.000224,0.00021333333333333333,0.00080533333333333336,5.3333333333333337e-006,7.4666666666666661e-005,4.8000000000000001e-005,3.1999999999999999e-005,0.00029866666666666664,0.00035199999999999999,0.00014933333333333332,2.6666666666666667e-005,5.3333333333333333e-005,4.8000000000000001e-005,2.6666666666666667e-005,1.5999999999999999e-005,0,0,0,0,0,0,0,0,5.3333333333333337e-006,2.1333333333333335e-005,0,0
349577230,0.0023626666666666666,0.00059733333333333329,0.000224,6.9333333333333329e-005,1.5999999999999999e-005,1.5999999999999999e-005,5.3333333333333337e-006,4.8000000000000001e-005,0.0017013333333333333,0.0004906666666666667,0.00030400000000000002,4.8000000000000001e-005,0.00012266666666666668,5.3333333333333337e-006,1.0666666666666667e-005,3.1999999999999999e-005,0.00050666666666666666,9.066666666666667e-005,3.1999999999999999e-005,3.7333333333333331e-005,0.0010293333333333333,0.00053333333333333336,0.00033066666666666666,9.6000000000000002e-005,0.001776,0.00069866666666666666,0.00023466666666666666,2.6666666666666667e-005,2.1333333333333335e-005,5.3333333333333337e-006,0,2.1333333333333335e-005,0,5.3333333333333337e-006,1.5999999999999999e-005,2.1333333333333335e-005,0.00015466666666666667,3.7333333333333331e-005,3.1999999999999999e-005,3.1999999999999999e-005,9.6000000000000002e-005,6.9333333333333329e-005,1.5999999999999999e-005,1.5999999999999999e-005,0.00013333333333333334,0.00028800000000000001,0.00027733333333333332,7.4666666666666661e-005,0.00048533333333333333,0.00041066666666666666,4.2666666666666669e-005,2.6666666666666667e-005,0,0,5.3333333333333337e-006,1.0666666666666667e-005,2.1333333333333335e-005,1.5999999999999999e-005,2.1333333333333335e-005,1.0666666666666667e-005,0,0,0,0
3750868472,0.0016000000000000001,0.0017611940298507462,0.001862686567164179,0.0015761194029850745,0.0020238805970149254,0.0018985074626865672,0.00073432835820895525,0.00049552238805970154,0.0023820895522388059,0.0025552238805970151,0.0018447761194029851,0.00066865671641791046,0.00042388059701492536,0.00060298507462686567,0.00094328358208955229,0.00033432835820895523,0.00090746268656716417,0.0012716417910447761,0.0019343283582089553,0.00059701492537313433,0.0010626865671641791,0.0010985074626865671,0.00074029850746268658,0.00022089552238805971,0.0022805970149253731,0.0024238805970149256,0.0013850746268656716,0.00056119402985074622,5.9701492537313435e-005,0.00017910447761194031,0.00016716417910447761,0.00014925373134328358,0,1.1940298507462686e-005,5.9701492537313431e-006,0,0.00029850746268656717,0.00042388059701492536,0.00078805970149253726,0.00036417910447761196,2.3880597014925373e-005,4.7761194029850745e-005,0.00016119402985074628,5.9701492537313435e-005,0.00018507462686567165,0.00023283582089552238,8.3582089552238807e-005,1.1940298507462686e-005,0.00037014925373134329,0.00058507462686567166,0.00028059701492537311,0.00010746268656716417,0,0,0,0,0,1.1940298507462686e-005,1.1940298507462686e-005,5.9701492537313431e-006,0,1.1940298507462686e-005,0,0
3792929967,0.0030870870870870872,0.00090690690690690696,7.8078078078078081e-005,2.4024024024024024e-005,1.8018018018018019e-005,1.8018018018018019e-005,1.2012012012012012e-005,0.00021621621621621621,0.0015135135135135136,7.8078078078078081e-005,3.0030030030030029e-005,0.00030030030030030029,0.0001021021021021021,0,6.006006006006006e-006,0.00013213213213213214,0.0012252252252252253,0.00059459459459459464,0,7.2072072072072076e-005,0.00044444444444444447,1.2012012012012012e-005,6.006006006006006e-006,1.8018018018018019e-005,0.0014114114114114115,0.00084084084084084089,0.00018618618618618617,0.0004144144144144144,0,0,0,0.0002042042042042042,0,0,0,0,1.2012012012012012e-005,0.00036636636636636636,0.00016216216216216215,3.6036036036036038e-005,0,0,0,0,6.0060060060060059e-005,0,0,0,0.00076876876876876877,0.00097297297297297292,0.0007447447447447447,0.00049249249249249251,0,0,0,0,0,0,0,0,0,0,0,0
3849268410,0.0028468468468468467,0.0012732732732732733,0.0004144144144144144,0.00025225225225225225,0.00013813813813813813,0.00012012012012012012,9.0090090090090091e-005,0.00018018018018018018,0.002744744744744745,0.0014594594594594594,0.00049249249249249251,0.00039039039039039038,0.0023123123123123123,0.0011111111111111111,0.00049249249249249251,0.00021621621621621621,0.0021561561561561564,0.00034234234234234234,0.00012612612612612612,3.0030030030030029e-005,0.0021141141141141143,0.00014414414414414415,6.6066066066066071e-005,1.2012012012012012e-005,0.002954954954954955,0.0029309309309309309,0.0026366366366366366,0.0022162162162162164,0.0023543543543543544,0.0026966966966966966,0.0023423423423423423,0.002108108108108108,0.00091891891891891894,0.00071471471471471469,0.00049849849849849844,0.0002042042042042042,0.00079279279279279274,0.00048648648648648646,0.00024024024024024023,4.8048048048048048e-005,0.00012612612612612612,4.8048048048048048e-005,6.0060060060060059e-005,0,0.0012672672672672672,9.0090090090090091e-005,3.6036036036036038e-005,6.006006006006006e-006,0.0026186186186186186,0.0029789789789789788,0.002894894894894895,0.0026606606606606607,0,1.8018018018018019e-005,7.8078078078078081e-005,4.2042042042042043e-005,0.00017417417417417416,0.0010270270270270271,0.00046846846846846849,1.8018018018018019e-005,0.00010810810810810811,4.8048048048048048e-005,0,0
43755049,0.002070393374741201,0.0020380434782608695,0.0019798136645962734,0.0019345238095238096,0.0015463250517598344,0.0013263457556935818,0.0010222567287784679,0.0008119824016563147,0.0024133022774327122,0.0023971273291925467,0.0017727743271221531,0.00099314182194616967,0.0018827639751552794,0.0019506987577639751,0.0013328157349896481,0.00063405797101449271,0.0020283385093167704,0.0020671583850931678,0.0016174948240165632,0.0011290113871635611,0.0021447981366459626,0.0020671583850931678,0.0015786749482401656,0.0010125517598343686,0.0017339544513457557,0.0019248188405797102,0.0014525103519668738,0.00047554347826086958,0.00087991718426501039,0.00082168737060041405,0.00033967391304347825,6.7934782608695653e-005,0.00065346790890269152,0.00078610248447204972,0.00050789337474120078,0.00020380434782608695,0.0010837215320910973,0.0011969461697722567,0.00091550207039337473,0.00063082298136645963,0.0009866718426501035,0.00081845238095238097,0.00060170807453416146,0.0003720238095238095,0.0010707815734989647,0.00099961180124223605,0.00070522774327122148,0.00024262422360248447,0.0002620341614906832,0.0003946687370600414,0.00012616459627329193,6.4699792960662525e-006,1.6174948240165633e-005,4.5289855072463769e-005,2.9114906832298136e-005,2.9114906832298136e-005,7.1169772256728775e-005,0.00012292960662525879,0.00011969461697722567,4.5289855072463769e-005,0.00015851449275362318,0.00021674430641821946,8.7344720496894415e-005,1.2939958592132505e-005
4602025720,0.0018685933940774488,0.0017653758542141231,0.00044846241457858772,6.7625284738040997e-005,7.4743735763097948e-005,6.4066059225512535e-005,0.00020643507972665148,0.00078302961275626421,0.0023704441913439634,0.0023953587699316629,0.00070828587699316625,0.00080794419134396357,1.0677676537585422e-005,0,0,0,0.00032033029612756265,0,0,2.1355353075170844e-005,2.1355353075170844e-005,0,0,0,0.0013382687927107062,0.0025448462414578588,0.0022316343963553532,0.0011745444191343963,0.0017013097949886106,0.0026551822323462415,0.0023597665148063782,0.0013347095671981776,0,0,0,0,0,0,0,0,0,0,0,0,0,0,0,0,0,0,0,0,0,0,0,0,0,0,0,0,0,0,0,0
4843716472,3.2552083333333333e-005,0.00087890625000000002,0.0026985677083333332,0.0032259114583333332,0.0030371093749999999,0.0026757812500000002,0.0023632812499999999,0.0021875000000000002,0.000615234375,0.0033723958333333331,0.0034342447916666666,0.0030371093749999999,0.00044921875000000002,0.0020377604166666665,0.0018749999999999999,0.0012955729166666667,0.0014485677083333334,0.0032779947916666665,0.0028710937499999999,0.0017252604166666666,0.00067708333333333336,0.0031250000000000002,0.0030826822916666667,0.0019270833333333334,0.00022460937500000001,0.0028808593750000002,0.0032389322916666669,0.0028059895833333335,6.5104166666666666e-005,0.00070963541666666668,0.0007356770833333333,0.00073893229166666671,0.00019856770833333334,0.0010611979166666667,0.00018880208333333333,5.2083333333333337e-005,0.0011751302083333334,0.0023665364583333333,0.0016666666666666668,0.00059244791666666669,0.00017252604166666667,0.0010677083333333333,0.00055664062499999995,9.4401041666666665e-005,6.5104166666666666e-005,0.001943359375,0.0023079427083333333,0.000361328125,0,0.00022135416666666666,0.001181640625,0.00058593749999999998,0,3.2552083333333335e-006,0,0,3.2552083333333335e-006,3.5807291666666667e-005,4.5572916666666669e-005,3.2552083333333335e-006,0,2.9296874999999999e-005,0.00012369791666666668,9.7656250000000002e-006
4843718812,0,0.00052408854166666663,0.0020996093749999999,0.0026888020833333334,0.0023144531250000001,0.0017773437500000001,0.0013118489583333333,0.0007356770833333333,0.00028645833333333333,0.0030305989583333335,0.0030729166666666665,0.0020963541666666665,0.00041992187499999999,0.0013834635416666667,0.0012174479166666666,0.00055664062499999995,0.00086914062500000001,0.0023404947916666665,0.0016959635416666666,0.00068684895833333337,0.00024739583333333335,0.0023600260416666665,0.0020572916666666665,0.00069661458333333337,0.000107421875,0.0024967447916666666,0.0028483072916666665,0.0019466145833333334,7.1614583333333334e-005,0.00049479166666666671,0.00037760416666666666,0.00019856770833333334,0.00016276041666666666,0.00048177083333333335,0.0001171875,1.6276041666666666e-005,0.00048502604166666665,0.0013118489583333333,0.00075195312500000002,0.000185546875,2.9296874999999999e-005,0.000244140625,4.5572916666666669e-005,1.3020833333333334e-005,3.2552083333333335e-006,0.0010677083333333333,0.00096028645833333328,8.1380208333333329e-005,0,0.00023763020833333335,0.00067382812499999995,0.00025065104166666665,0,6.5104166666666671e-006,3.2552083333333335e-006,0,3.2552083333333335e-006,1.953125e-005,9.7656250000000002e-006,0,0,3.2552083333333333e-005,2.9296874999999999e-005,0
5004381056,0.0010416666666666667,0.00068576388888888886,0.00049913194444444441,0.00058593749999999998,0.00064670138888888893,0.00045138888888888887,0.0006163194444444444,0.0015885416666666667,0.0013281250000000001,0.0013194444444444445,0.0014019097222222221,0.0014453125,0.0013064236111111111,0.0010286458333333332,0.00078559027777777774,0.00082031249999999997,0.0010286458333333332,0.0009678819444444445,0.00078993055555555555,0.0014496527777777778,0.0010069444444444444,0.0010069444444444444,0.0010373263888888888,0.00078125000000000004,0.0014756944444444444,0.0016406249999999999,0.0017100694444444444,0.0015451388888888889,0.0015321180555555557,0.0013368055555555555,0.0012152777777777778,0.0010069444444444444,0.00088107638888888892,0.0011024305555555555,0.00068576388888888886,0.0002126736111111111,0.00070312499999999997,0.0010850694444444445,0.00078125000000000004,0.0014062499999999999,0.00027343750000000003,0.00036458333333333335,0.00022135416666666666,6.5104166666666666e-005,0.00064670138888888893,0.00099392361111111101,0.001171875,0.00056857638888888886,0.0013454861111111111,0.0016189236111111111,0.0015104166666666666,0.0011805555555555556,0.00039496527777777777,0.0006163194444444444,0.00019965277777777779,1.7361111111111111e-005,0.00033854166666666668,0.00071614583333333328,0.00078993055555555555,0.00049479166666666671,8.6805555555555555e-006,7.3784722222222223e-005,9.5486111111111116e-005,2.170138888888889e-005
6050568412,0.00077959129511677287,0.00069665605095541397,0.00071324309978768572,0.00063694267515923564,0.0003781847133757962,0.00041799363057324842,0.00084262208067940555,0.0018411624203821656,0.0011146496815286624,0.0013103768577494691,0.0012274416135881103,0.00076300424628450111,0.00048434182590233546,0.00044121549893842889,0.00032842356687898087,0.00043126326963906583,0.0006667993630573248,0.00052415074309978768,0.00046443736730360935,0.001157776008492569,0.00089238322717622083,0.00075636942675159241,0.0004677547770700637,0.00023221868365180467,0.0011743630573248407,0.0017350053078556264,0.0018278927813163482,0.00090565286624203823,4.9761146496815289e-005,0.00022226645435244162,0.00035164543524416133,0.00010283970276008493,5.6395966029723993e-005,9.9522292993630578e-005,4.6443736730360937e-005,2.9856687898089172e-005,0.00019240976645435245,0.00031847133757961782,0.00055069002123142249,0.00069665605095541397,5.6395966029723993e-005,8.2935244161358806e-005,4.6443736730360937e-005,2.3221868365180469e-005,0.00063694267515923564,0.00070660828025477702,0.00035164543524416133,2.3221868365180469e-005,0.00016255307855626326,0.00093882696390658175,0.0010184447983014862,0.00015591825902335456,0,3.3174097664543526e-006,0,0,9.9522292993630568e-006,3.3174097664543524e-005,7.6300424628450103e-005,2.9856687898089172e-005,5.3078556263269641e-005,6.3030785562632696e-005,1.326963906581741e-005,6.6348195329087051e-006
6055125569,0.0014902424600827912,0.0015907746895328209,0.0015257244234180957,0.0013956238911886458,0.0013660555884092253,0.0011945594322885866,0.00071555292726197515,0.00035481963335304555,0.0025251330573625073,0.0025251330573625073,0.0019751626256652869,0.00086339444115907744,0.00077468953282081607,0.00097575399172087523,0.0012063867534003547,0.00073920756948551156,0.00091070372560615015,0.00095209934949733882,0.0010762862211709048,0.00077468953282081607,0.0015552927261975162,0.0013719692489651094,0.00078651685393258427,0.00042578356002365462,0.0022235363690124186,0.0027084565345949141,0.001927853341218214,0.00084565345949142519,0.00050266114725014779,0.0010230632761679479,0.00077468953282081607,0.00033707865168539324,6.5050266114725019e-005,0.00020106445890005913,0.00041395623891188647,0.00033707865168539324,0.00017740981667652278,0.00032525133057362509,0.00057362507392075691,0.00054997043169722061,0.00014784151389710232,9.4618568894145477e-005,4.7309284447072738e-005,4.1395623891188643e-005,0.00049083382613837969,0.00058545239503252511,0.00027202838557066823,0.00014192785334121822,0.00023654642223536369,0.00069189828503843874,0.00044943820224719103,0.00024246008279124779,0,0,5.9136605558840923e-006,0,0,1.7740981667652277e-005,6.5050266114725019e-005,2.9568302779420462e-005,1.7740981667652277e-005,1.7740981667652277e-005,5.9136605558840923e-006,5.9136605558840923e-006
6055125647,0.00045231562318117567,0.0015199135278955683,0.0021850835619855328,0.0019057121476677475,0.00080485574124885672,0.00017959590920429034,4.3236052215847678e-005,5.6539452897646959e-005,0.0019988359524403428,0.0034156481250519665,0.0018558243951110002,0.00019289930988608962,0.0014733516255092708,0.0027072420387461546,0.0012072836118732851,8.9797954602145169e-005,0.0011573958593165377,0.0020254427538039413,0.00047227072420387461,3.9910202045397857e-005,0.0014933067265319698,0.002697264488234805,0.00076161968903300909,5.6539452897646959e-005,0.0024212189240874699,0.0036750644383470523,0.0023713311715307227,0.00031262991602228318,0.0023380726698262245,0.0036085474349380562,0.002271555666417228,0.00035254011806768105,0.00076827138937390872,0.0015498461794296167,0.00058867548016961835,2.6606801363598569e-005,0.0005753720794878191,0.0010542945040325933,0.00022283196142013802,9.9775505113494643e-006,0.00062858568221501622,0.00097447409994179759,0.00012970815664754303,1.9955101022698929e-005,0.0010809013053961918,0.0021917352623264321,0.00070840608630581196,1.9955101022698929e-005,0.0014334414234638731,0.0030331753554502369,0.0017294420886339069,0.0002361353621019373,4.6561902386297498e-005,0.00036584351874948036,0.0002461129126132868,9.9775505113494643e-006,2.3280951193148749e-005,4.6561902386297498e-005,2.993265153404839e-005,6.6517003408996423e-006,1.6629250852249105e-005,0.00012638230647709321,3.9910202045397857e-005,9.9775505113494643e-006
6055125725,0.00059865303068096785,0.0013902053712480252,0.0012505196640891327,0.0004822482747152241,8.9797954602145169e-005,3.3258501704498212e-006,3.3258501704498212e-006,1.9955101022698929e-005,0.0020187910534630415,0.0024544774257919681,0.00042903467198802692,4.3236052215847678e-005,0.0012272387128959841,0.001004406751475846,7.6494553920345888e-005,1.9955101022698929e-005,0.0011806768105096866,0.00095451899891909871,1.9955101022698929e-005,9.9775505113494643e-006,0.0015398686289182673,0.0019788808514176436,0.00015964080818159143,2.3280951193148749e-005,0.0026008148332917602,0.003295917518915773,0.0022981624677808265,0.00026939386380643555,0.0022782073667581277,0.002657354286189407,0.00084809179346470446,8.6472104431695355e-005,0.00025276461295418643,0.00024278706244283696,1.9955101022698929e-005,0,0.00045231562318117567,0.0002461129126132868,1.3303400681799285e-005,0,0.00069842853579446247,0.00072503533715806098,5.3213602727197139e-005,6.6517003408996423e-006,0.0010210360023280951,0.0021618026107923837,0.00047559657437432442,3.658435187494803e-005,0.0022915107674399268,0.003402344724370167,0.0023181175688035253,0.0005653945289764696,1.6629250852249105e-005,3.9910202045397857e-005,6.6517003408996423e-006,3.3258501704498212e-006,3.3258501704498212e-006,3.3258501704498212e-006,0,0,3.3258501704498212e-006,0.00018624760954518999,6.9842853579446247e-005,3.3258501704498212e-006
6055125817,0.00059727971614429332,0.00017149615612063867,2.3654642223536369e-005,5.9136605558840923e-006,1.7740981667652277e-005,2.3654642223536369e-005,2.3654642223536369e-005,8.8704908338261388e-005,0.0017681845062093437,6.5050266114725019e-005,4.1395623891188643e-005,0.00010053222945002957,0.00026020106445890008,5.3222945002956827e-005,2.3654642223536369e-005,7.0963926670609108e-005,0.00011827321111768185,3.5481963335304554e-005,2.9568302779420462e-005,3.5481963335304554e-005,0.00079834417504435248,0,0,5.9136605558840923e-006,0.003276167947959787,0.0014488468361916027,0.00020697811945594323,0.00020106445890005913,0.0010940272028385572,0.00028976936723832053,0.00014784151389710232,0.00018923713778829095,0,0,0,0,0,1.1827321111768185e-005,1.1827321111768185e-005,5.9136605558840923e-006,1.7740981667652277e-005,5.9136605558840923e-006,5.9136605558840923e-006,5.9136605558840923e-006,0.00048492016558249559,0,0,1.1827321111768185e-005,0.0033707865168539327,0.0031756357185097573,0.0016203429923122414,0.00040804257835600237,0,0,0,0,0,0,5.9136605558840923e-006,0,2.3654642223536369e-005,3.5481963335304554e-005,1.7740981667652277e-005,1.1827321111768185e-005
6055125959,0.0005288101771015216,0.00094121559823729945,0.00091793464704415071,0.00087137274465785321,0.00077824893988525821,0.00049887752556747322,0.00022615781159058784,8.6472104431695355e-005,0.0018391951442587511,0.0022382971647127298,0.0019389706493722458,0.0006951026856240126,0.00030930406585183336,0.00030597821568138355,0.00032260746653363267,0.00013635985698844268,0.00047892242454477423,0.0006119564313627671,0.00046561902386297498,0.00014966325767024196,0.0016263407333499626,0.0019722291510767438,0.0011806768105096866,0.00019955101022698927,0.0023713311715307227,0.0031529059615864304,0.0026939386380643551,0.0011873285108505861,0.0004356863723289266,0.00055541697846512011,0.00056872037914691947,0.00018957345971563981,6.6517003408996423e-006,2.6606801363598569e-005,3.325850170449821e-005,3.9910202045397857e-005,5.6539452897646959e-005,6.9842853579446247e-005,0.00014966325767024196,3.325850170449821e-005,0.00037914691943127961,0.00034256256755633161,7.6494553920345888e-005,3.3258501704498212e-006,0.0014101604722707242,0.0017893073917020039,0.00058534962999916848,0.0001097530556248441,0.00077824893988525821,0.0016762284859067099,0.0013403176186912781,0.00021950611124968821,0,3.3258501704498212e-006,0,0,0,2.6606801363598569e-005,2.6606801363598569e-005,9.9775505113494643e-006,1.6629250852249105e-005,8.9797954602145169e-005,9.6449654943044809e-005,4.3236052215847678e-005
6055126157,0.00030159668835008868,0.00025428740390301597,0.00035481963335304555,0.00034299231224127735,0.00024246008279124779,0.0001596688350088705,0.00024246008279124779,0.00013010053222945004,0.001354228267297457,0.0018154937906564163,0.0021821407451212299,0.0022057953873447665,0.00031933767001774099,0.00043169722057953872,0.00045535186280307508,0.0003666469544648137,0.00013601419278533411,0.00013601419278533411,0.00011235955056179776,7.6877587226493197e-005,0.00066232998225901828,0.0008929627439384979,0.00080425783560023653,0.00043169722057953872,0.00192193968066233,0.002637492607924305,0.0030514488468361915,0.0026729745712596098,0.00047309284447072738,0.00098166765227675938,0.0014370195150798344,0.0014429331756357184,0.00018923713778829095,0.00029568302779420464,0.00030159668835008868,0.00014192785334121822,5.3222945002956827e-005,2.9568302779420462e-005,2.3654642223536369e-005,0,0.00010644589000591365,0.00011235955056179776,0.00012418687167356594,4.1395623891188643e-005,0.00041395623891188647,0.00067415730337078649,0.00059727971614429332,0.00031342400946185689,0.00014192785334121822,0.00039030159668835011,0.00033116499112950914,0.00011827321111768185,1.7740981667652277e-005,4.1395623891188643e-005,4.1395623891188643e-005,1.7740981667652277e-005,2.3654642223536369e-005,2.3654642223536369e-005,0,0,1.1827321111768185e-005,2.9568302779420462e-005,3.5481963335304554e-005,1.1827321111768185e-005
6055126309,0.00045564147335162548,0.00089465369585100196,0.0013635985698844267,0.0014101604722707242,0.0010842271555666417,0.00082148499210110584,0.00048889997505612373,0.00036584351874948036,0.0011773509603392367,0.0018458468445996508,0.001785981541531554,0.0013403176186912781,0.00073833873783986034,0.0014168121726116239,0.0011773509603392367,0.00070840608630581196,0.00063856323272636572,0.0011141598071006901,0.00068845098528311297,0.00017627005903384052,0.00075496798869210946,0.0011740251101687868,0.00076494553920345885,0.00024943876278373661,0.00085474349380560409,0.0014633740749979214,0.0016429699842022117,0.0012937557163049806,0.00021285441090878855,0.00069842853579446247,0.00094454144840774921,0.00086472104431695347,0.00024943876278373661,0.00056206867880601973,0.00056872037914691947,0.00028602311465868461,0.00036584351874948036,0.00073168703749896071,0.0004223829716471273,7.9820404090795715e-005,0.00021618026107923837,0.00030265236551093374,8.6472104431695355e-005,3.325850170449821e-005,0.00029932651534048392,0.00051550677641972235,0.00039910202045397855,0.00015631495801114159,3.9910202045397857e-005,0.00013635985698844268,0.00018624760954518999,6.3191153238546606e-005,0,1.6629250852249105e-005,6.6517003408996423e-006,0,7.316870374989606e-005,0.0010742496050552923,0.001543194479088717,3.3258501704498212e-006,0,2.3280951193148749e-005,1.9955101022698929e-005,0
6055674668,0.0022649319929036074,0.0025369603784742758,0.0008929627439384979,0.00026020106445890008,0.00014784151389710232,6.5050266114725019e-005,4.1395623891188643e-005,0.00022471910112359551,0.0032170313424009461,0.0018982850384387936,0.00026611472501478418,0.00025428740390301597,0.0017267888823181549,0.00076286221170904786,0.00019515079834417506,0.0001596688350088705,0.0017740981667652277,0.00057953873447664107,0.00015375517445298639,0.0001596688350088705,0.0021584861028976937,0.00047900650502661149,5.9136605558840923e-005,7.0963926670609108e-005,0.0027853341218214075,0.0023713778829095211,0.0012950916617386161,0.00031342400946185689,0.0020165582495564756,0.0011709047900650502,0.00041986989946777057,0.00027202838557066823,0.00020697811945594323,0.00016558249556475457,0.00020697811945594323,0.0001596688350088705,0.00054405677114133645,0.00031342400946185689,0.00028385570668243643,0.00020697811945594323,0.00021289178001182731,9.4618568894145477e-005,6.5050266114725019e-005,2.9568302779420462e-005,0.00023063276167947959,0.00019515079834417506,5.9136605558840923e-005,2.3654642223536369e-005,0.00094618568894145477,0.0016617386162034299,0.0010644589000591367,0.00033707865168539324,0,1.1827321111768185e-005,2.9568302779420462e-005,4.1395623891188643e-005,4.7309284447072738e-005,8.2791247782377286e-005,0.00025428740390301597,0.00023654642223536369,2.9568302779420462e-005,3.5481963335304554e-005,3.5481963335304554e-005,1.1827321111768185e-005
6055674852,0.00050266114725014779,0.00084565345949142519,0.0010881135422826729,0.0017386162034299232,0.0018509757539917208,0.0022294500295683027,0.0019751626256652869,0.00093435836782968656,0.0017622708456534594,0.0027084565345949141,0.0027439384979302188,0.0017208752217622708,0.00047900650502661149,0.0013069189828503844,0.0020816085156712006,0.0019810762862211709,0.00054997043169722061,0.0013128326434062685,0.001348314606741573,0.0013364872856298049,0.00087522176227084565,0.00153163808397398,0.0015552927261975162,0.00068007096392667065,0.0014015375517445298,0.0021525724423418096,0.0017740981667652277,0.00062684801892371378,0.00018332347723240685,0.00065641632170313424,0.00082791247782377294,0.00020697811945594323,0.00013601419278533411,0.00047309284447072738,0.00079243051448846832,0.00068598462448255469,0.00018923713778829095,0.00063276167947959783,0.00041395623891188647,0.00037256061502069781,0.00011827321111768185,0.00034299231224127735,0.00025428740390301597,8.8704908338261388e-005,0.00013010053222945004,0.00053222945002956836,0.00043169722057953872,8.2791247782377286e-005,0.00012418687167356594,0.00013010053222945004,0,0,0,1.7740981667652277e-005,4.1395623891188643e-005,4.1395623891188643e-005,0,5.9136605558840923e-006,1.7740981667652277e-005,5.9136605558840923e-006,0,0,0,0
6055674916,0.0010884353741496598,0.0013319011815252416,0.0017543859649122807,0.0019405656999641962,0.0021267454350161119,0.0017543859649122807,0.0010955961331901181,7.1607590404582883e-005,0.0019835302542069461,0.0022055137844611528,0.0018689581095596133,0.00035087719298245611,0.00034371643394199783,0.0010239885427855352,0.0016970998925886144,0.0011457214464733261,0.00069459362692445394,0.001561045470819907,0.0022055137844611528,0.002055137844611529,0.00094522019334049409,0.0010096670247046187,0.0010239885427855352,0.00010025062656641604,0.0011242391693519513,0.0011958467597565341,0.00036519871106337274,1.4321518080916577e-005,4.2964554242749728e-005,9.3089867525957757e-005,5.0125313283208022e-005,7.1607590404582886e-006,0.00011457214464733262,0.00017185821697099891,0.00022914428929466524,0.00017901897601145723,0.00015037593984962405,0.00066595059076262079,0.001661296097386323,0.0019477264590046545,6.4446831364124596e-005,8.5929108485499457e-005,2.8643036161833155e-005,2.1482277121374864e-005,9.3089867525957757e-005,7.1607590404582886e-006,0,0,0,0,0,0,0,0,0,0,0,0,1.4321518080916577e-005,2.8643036161833155e-005,0,0,0,0
6055675060,0.00094121559823729945,0.0015298910784069177,0.0017893073917020039,0.0017194645381225576,0.00084809179346470446,5.3213602727197139e-005,1.6629250852249105e-005,0.0002461129126132868,0.0011806768105096866,0.0017593747401679555,0.00078157479005570797,6.9842853579446247e-005,0.00096117069925999834,0.0017194645381225576,0.0006585183337490646,0.00035919181840858068,0.0012272387128959841,0.0015897563814750144,0.00066184418391951447,0.00045231562318117567,0.0010443169535212439,0.0012604972146004823,0.00021618026107923837,6.651700340899642e-005,0.00041905712147667748,0.00077159723954435848,0.00025941631329508605,4.3236052215847678e-005,8.9797954602145169e-005,0.00019622516005653946,0.00010642720545439428,9.9775505113494643e-006,0.00020287686039743909,0.00040575372079487817,0.00022283196142013802,0.00046229317369252517,0.0005188326265901721,0.00063523738255591585,0.00020287686039743909,0.0010576203542030432,4.3236052215847678e-005,9.9775505113494637e-005,6.3191153238546606e-005,3.658435187494803e-005,0.0001230564563066434,0.00017294420886339071,5.3213602727197139e-005,9.9775505113494643e-006,1.3303400681799285e-005,1.3303400681799285e-005,1.6629250852249105e-005,6.6517003408996423e-006,3.3258501704498212e-006,9.9775505113494643e-006,2.6606801363598569e-005,1.9955101022698929e-005,0,1.3303400681799285e-005,0.00012638230647709321,0.00052548432693107173,3.3258501704498212e-006,1.6629250852249105e-005,0,0
6055675272,0.0014101604722707242,0.0017793298411906543,0.0015797788309636651,0.0014800033258501705,0.0013369917685208282,0.00079155234056705747,6.3191153238546606e-005,6.651700340899642e-005,0.0016097114824977134,0.0017560488899975057,0.0013735761203957761,9.3123804772594996e-005,0.0010809013053961918,0.0011075081067597906,0.0009644965494304482,5.9865303068096779e-005,0.0017294420886339069,0.001692857736758959,0.00070840608630581196,0.00016961835869294087,0.0016529475347135611,0.0014766774756797207,0.00069177683545356284,3.9910202045397857e-005,0.00077159723954435848,0.0010809013053961918,0.00063856323272636572,2.993265153404839e-005,8.6472104431695355e-005,0.00027271971397688536,0.00019955101022698927,1.6629250852249105e-005,0.00035919181840858068,0.00045896732352207535,0.00022948366176103768,0.00027937141431778499,0.0010310135528394447,0.0012006319115323856,0.00048557412488567392,0.00075164213852165959,0.00049555167539702336,0.0004822482747152241,0.00022615781159058784,2.6606801363598569e-005,0.00044898977301072586,0.00045896732352207535,6.3191153238546606e-005,9.9775505113494643e-006,3.658435187494803e-005,4.3236052215847678e-005,6.6517003408996423e-006,0,3.3258501704498212e-006,2.993265153404839e-005,5.3213602727197139e-005,0.00014966325767024196,8.6472104431695355e-005,0.00022283196142013802,0.00017294420886339071,0.00097447409994179759,0,0,0,0
6055675334,0.0014566733067729084,0.0016185258964143427,0.0016185258964143427,0.0014753486055776891,0.0011329681274900398,0.00057270916334661349,0.00019297808764940239,9.9601593625498012e-005,0.0014691235059760956,0.0017368027888446215,0.0012823705179282868,0.00019920318725099602,0.00075946215139442231,0.00088396414342629482,0.00067231075697211159,0.00021165338645418326,0.0014379980079681275,0.0012885956175298805,0.00070966135458167326,0.00039840637450199205,0.00082793824701195219,0.00077191235059760957,0.00019920318725099602,4.3575697211155382e-005,0.00093999003984063744,0.0012325697211155379,0.00074078685258964147,1.2450199203187251e-005,0.00019297808764940239,0.00042330677290836652,0.00014317729083665337,6.2250996015936257e-006,5.602589641434263e-005,9.9601593625498012e-005,8.0926294820717133e-005,0.00024277888446215138,0.00081548804780876493,0.00088396414342629482,0.00082793824701195219,0.00088396414342629482,0.00018675298804780876,0.00014317729083665337,4.3575697211155382e-005,1.2450199203187251e-005,0.00017430278884462153,8.0926294820717133e-005,0,0,8.0926294820717133e-005,9.3376494023904381e-005,1.8675298804780875e-005,0,0,0,0,2.4900398406374503e-005,0.00012450199203187251,0.00025522908366533865,0.0010520418326693227,0.001444223107569721,1.2450199203187251e-005,1.2450199203187251e-005,0,0
6155342431,0.0013541666666666667,0.0013574218749999999,0.0013378906250000001,0.00091796874999999995,0.00021158854166666667,8.1380208333333329e-005,9.1145833333333337e-005,0.00012369791666666668,0.0016178385416666667,0.0020149739583333335,0.00070312499999999997,0.00050781250000000002,0.00069335937499999997,0.00065104166666666663,0.00029947916666666664,0.000126953125,0.00073893229166666671,0.00055338541666666665,0.00018880208333333333,7.8125000000000002e-005,0.0011653645833333334,0.00095703124999999998,0.000107421875,3.5807291666666667e-005,0.0012239583333333334,0.0018229166666666667,0.0010221354166666666,0.00069986979166666667,0.00016276041666666666,0.00038411458333333331,0.00033528645833333332,0.00022786458333333334,8.7890624999999997e-005,0.00014648437499999999,5.8593749999999998e-005,9.7656250000000002e-006,0.00023437499999999999,0.00032226562500000002,0.00026367187500000002,3.9062500000000001e-005,9.7656250000000002e-006,1.6276041666666666e-005,9.7656250000000002e-006,3.2552083333333335e-006,0.00022786458333333334,0.00022786458333333334,8.463541666666667e-005,1.6276041666666666e-005,9.1145833333333337e-005,0.00050455729166666672,0.00066731770833333335,0.00021158854166666667,0,6.5104166666666671e-006,6.5104166666666671e-006,0,1.3020833333333334e-005,0.0016861979166666666,0.000361328125,0,1.6276041666666666e-005,3.5807291666666667e-005,2.6041666666666668e-005,6.5104166666666671e-006
6155381339,0.00090169270833333334,0.00038411458333333331,1.953125e-005,0,0,0,0,0,0.0014290364583333334,0.00035156249999999999,0,0,4.2317708333333335e-005,0,0,0,0.00018880208333333333,0,0,0,0.00093098958333333337,1.6276041666666666e-005,0,0,0.0021419270833333334,0.0033886718750000002,0.0013964843749999999,3.2552083333333335e-006,1.3020833333333334e-005,6.5104166666666671e-006,0,0,0,0,0,0,0,0,0,0,0,0,0,0,1.6276041666666666e-005,0,0,0,0.00019856770833333334,0.0029654947916666666,0.0021712239583333332,3.2552083333333335e-006,0,0,0,0,0,0,0,0,0,0,0,0
6164090356,0,0,0,0,0,0,0,8.5382513661202186e-006,0.00010530510018214937,0,0,1.4230418943533698e-005,0,0,0,8.5382513661202186e-006,0,0,0,0,5.4075591985428051e-005,0,0,0,0.0013262750455373406,0,0,2.5614754098360656e-005,0,0,0,2.8460837887067395e-005,0,0,0,0,0,0,0,0,0,0,0,0,0.00032445355191256832,0,0,0,0.0025529371584699454,0.0032502276867030964,0.0025330145719489982,9.1074681238615665e-005,0,0,0,0,0,0,0,0,7.1152094717668495e-005,0,0,0
6927217801,0.0014011150234741784,0.0014744718309859155,0.0014451291079812206,0.0015478286384976525,0.001184712441314554,0.00057585093896713618,0.00059052230046948361,0.00053917253521126765,0.0013167546948356808,0.0016725352112676056,0.00123606220657277,0.0006565434272300469,0.00091329225352112674,0.00093529929577464783,0.0006161971830985916,0.00048415492957746479,0.0015808392018779342,0.0017348884976525821,0.001060005868544601,0.0011296948356807513,0.0014744718309859155,0.0017018779342723004,0.00097564553990610325,0.00046214788732394364,0.00094263497652582161,0.0014524647887323944,0.0011883802816901408,0.00057585093896713618,0.00015038145539906104,0.00025674882629107983,0.0001540492957746479,0.00018339201877934271,0.00014671361502347418,0.00024941314553990611,0.00011737089201877934,5.134976525821596e-005,0.001060005868544601,0.0013204225352112676,0.0012433978873239437,0.0013057511737089203,0.00055751173708920186,0.00062353286384976526,0.00021640258215962441,8.0692488262910795e-005,0.0003301056338028169,0.00076291079812206572,0.0002750880281690141,5.5017605633802818e-005,0.00017605633802816902,0.00049882629107981223,0.00040713028169014084,4.7681924882629108e-005,0,0,3.6678403755868544e-006,0,1.8339201877934273e-005,0.00039245892018779341,0.0012103873239436619,0.00052816901408450699,2.2007042253521128e-005,3.6678403755868545e-005,1.4671361502347417e-005,0
7772692990,0.0035735294117647059,0.00038602941176470586,2.573529411764706e-005,0,3.6764705882352942e-006,0,0,0.00020955882352941175,0.0011433823529411764,1.8382352941176469e-005,3.6764705882352942e-006,0.00019485294117647058,0.00031985294117647061,4.4117647058823532e-005,3.6764705882352942e-006,0.0001286764705882353,0.00045955882352941176,1.1029411764705883e-005,0,0.00010661764705882353,0.00040808823529411766,0,0,6.9852941176470589e-005,0.00064338235294117646,9.1911764705882352e-005,5.147058823529412e-005,0.00023897058823529413,3.3088235294117644e-005,2.573529411764706e-005,1.1029411764705883e-005,0.00025367647058823531,1.8382352941176469e-005,4.4117647058823532e-005,2.9411764705882354e-005,2.2058823529411766e-005,7.7205882352941176e-005,3.6764705882352938e-005,2.573529411764706e-005,1.8382352941176469e-005,2.2058823529411766e-005,3.6764705882352942e-006,7.3529411764705884e-006,7.3529411764705884e-006,9.1911764705882352e-005,0,1.1029411764705883e-005,1.1029411764705883e-005,0.00050000000000000001,0.00048161764705882351,0.00043382352941176471,0.00032352941176470591,0,0,7.3529411764705884e-006,0,1.1029411764705883e-005,2.2058823529411766e-005,2.573529411764706e-005,1.1029411764705883e-005,3.6764705882352938e-005,4.0441176470588239e-005,1.1029411764705883e-005,0
7935448910,0.00097794117647058833,0.001275735294117647,0.0016433823529411764,0.0018676470588235294,0.0019191176470588235,0.0019889705882352943,0.0017536764705882353,0.0015294117647058824,0.0019375,0.0027794117647058822,0.0029558823529411767,0.001849264705882353,0.00020588235294117648,0.00062500000000000001,0.00096323529411764702,0.00083088235294117652,0.0003014705882352941,0.00033455882352941176,0.00043014705882352941,0.00065441176470588231,0.00070955882352941176,0.00048161764705882351,0.00022058823529411765,0.00013970588235294118,0.00071691176470588236,0.0012058823529411764,0.0012941176470588236,0.00068749999999999996,0,1.4705882352941177e-005,1.8382352941176469e-005,1.8382352941176469e-005,7.3529411764705884e-006,2.9411764705882354e-005,1.1029411764705883e-005,0,4.7794117647058826e-005,6.2500000000000001e-005,2.9411764705882354e-005,0,0,0,0,0,7.3529411764705884e-006,2.2058823529411766e-005,7.3529411764705884e-006,0,0,0,0,0,0,0,0,0,0,0,0,0,0,0,0,0
8330258860,0.0021451822916666668,0.0022298177083333332,0.0017513020833333332,0.00071940104166666669,0.00019205729166666666,0.00011067708333333333,0.00010091145833333333,0.00088541666666666662,0.0014583333333333334,0.0011230468749999999,0.00041992187499999999,0.00018229166666666667,4.2317708333333335e-005,6.5104166666666671e-006,0,0.00017252604166666667,0.0014876302083333334,0.0009733072916666667,0.00019205729166666666,0.00031250000000000001,0.00097981770833333341,0.00065429687500000004,9.4401041666666665e-005,1.953125e-005,0.00059244791666666669,0.00066080729166666664,0.00041992187499999999,0.00011067708333333333,3.2552083333333335e-006,3.2552083333333335e-006,6.5104166666666671e-006,9.7656250000000002e-006,0,3.2552083333333335e-006,0,4.2317708333333335e-005,0.00026041666666666666,0.00031901041666666666,0.00028971354166666669,0.00046223958333333333,4.8828125000000003e-005,3.9062500000000001e-005,3.2552083333333335e-006,6.5104166666666671e-006,8.7890624999999997e-005,6.1848958333333339e-005,0,0,4.2317708333333335e-005,6.5104166666666666e-005,3.9062500000000001e-005,6.5104166666666671e-006,0,0,0,0,1.953125e-005,9.1145833333333337e-005,0.00027994791666666668,0.00022786458333333334,0,1.3020833333333334e-005,0,0
8359074296,0.00078673887587822015,0.00045740632318501173,0.00036592505854800939,0.00024516978922716626,6.5866510538641686e-005,2.1955503512880562e-005,1.4637002341920375e-005,3.6592505854800937e-006,0.0016430035128805621,0.0010794789227166275,0.00020491803278688525,5.4888758782201405e-005,0.0002488290398126464,0.00032933255269320842,9.8799765807962536e-005,0,0.0003073770491803279,0.00029274004683840749,0.0001244145199063232,3.6592505854800937e-006,0.00077576112412177983,0.00023053278688524591,2.9274004683840749e-005,0,0.0019467213114754099,0.0021223653395784545,0.0017857142857142857,0.00082333138173302112,0.00025248829039812648,0.00042447306791569089,0.00036226580796252925,0.00016100702576112412,1.8296252927400468e-005,0.00010977751756440281,3.2933255269320843e-005,0,0.00010245901639344262,0.00043179156908665107,0.00026346604215456674,0,3.2933255269320843e-005,4.3911007025761124e-005,1.4637002341920375e-005,0,0.00010611826697892272,4.3911007025761124e-005,3.6592505854800937e-006,0,0.00063305035128805617,0.0018625585480093678,0.0019284250585480094,0.00063670960187353631,7.3185011709601873e-006,3.6592505854800937e-006,7.3185011709601873e-006,0,3.6592505854800937e-006,0.0012368266978922716,0.0012478044496487119,0,0,7.3185011709601873e-006,0,0
8395875019,0.00029069767441860465,0.00018572351421188631,0.00017361111111111112,0.000375484496124031,0.00075096899224806201,0.0019541343669250647,0.0019743217054263565,0.0015059754521963824,0.0014615633074935401,0.0016634366925064599,0.0021923449612403102,0.0015746124031007752,0,0,0,0,6.0562015503875968e-005,0.00010901162790697674,0.0011224160206718347,0.0018491602067183463,0.00036740956072351419,0.00089631782945736433,0.001917797157622739,0.0020106589147286824,0.0015786498708010336,0.0020631459948320411,0.0017643733850129198,0.00023013565891472868,0,0,0,0,0,0,0,0,0,0,0,8.0749354005167952e-006,0,0,2.8262273901808784e-005,0,0,6.8636950904392768e-005,0.00010497416020671835,0,0,7.2674418604651162e-005,4.0374677002583976e-006,0,0,0,0,0,0,0,0,0,0,0,0,0
8395876655,0.0014637002341920376,0.00034031030444964873,0,0,0,0,0,7.3185011709601873e-006,0.0020162470725995315,9.1481264637002349e-005,0,3.2933255269320843e-005,3.6592505854800937e-006,0,0,0,0.00083796838407494147,0,0,0,0.0023858313817330212,0.00017198477751756441,2.1955503512880562e-005,2.5614754098360656e-005,0.0030518149882903982,0.0028322599531615924,0.0006550058548009368,0.00020491803278688525,0,0,0,0,0,0,0,0,7.3185011709601873e-006,0,0,0,4.025175644028103e-005,1.8296252927400468e-005,2.9274004683840749e-005,1.8296252927400468e-005,0.0021918911007025761,0.001331967213114754,0.00024516978922716626,8.4162763466042161e-005,0.00081235362997658081,0.0016356850117096018,0.00081235362997658081,0.00016832552693208432,0,0,0,0,0,0,0,0,0,1.4637002341920375e-005,2.5614754098360656e-005,0
8396959750,0.0022780373831775701,0.0025262850467289719,0.0024167640186915887,0.0024459696261682241,0.0022086740654205608,0.0015405957943925234,0.00076299649532710285,3.650700934579439e-005,0.0025408878504672898,0.0027781834112149532,0.002303592289719626,0.0002957067757009346,0.00094553154205607472,0.0011572721962616822,0.00068268107476635519,6.9363317757009351e-005,0.0014602803738317756,0.0018472546728971963,0.0016245619158878504,0.0005914135514018692,0.00032856308411214951,0.00048919392523364487,0.0004380841121495327,2.1904205607476634e-005,0.001230286214953271,0.0016245619158878504,0.0011609228971962617,9.491822429906542e-005,3.650700934579439e-005,8.3966121495327107e-005,4.3808411214953268e-005,0,3.6507009345794394e-006,1.4602803738317758e-005,1.8253504672897195e-005,0,0.00045268691588785047,0.00059506425233644858,0.00050744742990654207,0.00016428154205607476,0,0,1.0952102803738317e-005,0,7.3014018691588788e-006,3.6507009345794394e-006,3.6507009345794394e-006,0,3.6507009345794394e-006,3.6507009345794394e-006,7.3014018691588788e-006,0,0,0,0,0,0,1.4602803738317758e-005,0,0,0,0,0,0
