10918904,0.12003354355606641,15.933181205269163,14922.117726376931,10597.868665076237,12.05125,0.57363725665860477,173.23149050928328,0.075642656869016611,5.3828159937798725,8.9648790742201125,8008.4519240742666,0.11945149686265835,15.889683655536029,20060.205869947276,12606.994797891037,18.966666666666665,0.61555536870235672,73.592653778558869,0.080836980353090518,2.6510904183553912,9.4094264636399281,3175.3067311072055,0.11951989484582785,16.15978468247479,13533.355819024257,9605.2896792949941,14.676,0.57167260727211433,131.67906786590351,0.075297416919444055,5.8121652621028437,8.9832567330590845,5106.8004224584356,0.11764505433068688,16.046743652149896,20925.40919683082,12801.458943952497,19.311,0.62378974803016907,69.38850050920891,0.080077362013998774,2.5591288627632358,9.6484873966264804,2942.8610809038028
2058503932,0.17659836011118207,18.946641940849219,24248.224348557553,7867.4441852906875,10.2162109375,0.70789268694191043,521.15674766283666,0.10757789256518845,481.07781460612551,14.416908023774774,1615.902364884241,0.19144566518837003,18.662211760333268,31534.545723444782,9680.4134700261711,28.222465034965033,0.72557973819154564,61.587350750313597,0.10604694122647815,56.94850025606906,14.910807250048206,133.62248927570346,0.17436891809845795,18.121997734138972,23128.186064954683,8426.9459592145013,23.146853146853147,0.68718194504413355,149.86299093655589,0.093752011042835759,135.9627918961643,13.431440536566539,450.10353096676738,0.19219562180676542,18.641546988394524,32378.211103285666,9782.319931408274,28.54632867132867,0.73077742989554118,58.17196925620847,0.10768546193091603,53.700088903859303,14.983188725005689,127.88423615151423
212397073,0.17067971748953489,14.728093985919077,4170.3428619899905,4689.3406565442365,5.8944999999999999,0.41517942928148643,496.83713631351259,0.063089125905286411,76.05907535536268,5.9627784239847532,15762.711086606158,0.17832282737248847,15.43256801592568,7727.3880026542802,7144.1050829462511,14.142267267267266,0.44978011957974978,61.247246184472459,0.069168335787583538,8.3303875152162217,6.366061935328613,1073.5399071001991,0.17293624941025867,15.140468110415283,4774.2047020956516,5493.6148409893995,10.729354354354355,0.39836624626137934,191.62376237623764,0.05925999190978163,29.952223198463745,5.7128490652094639,5795.5190847706681,0.17957959497187576,15.457477215121608,7467.227471282964,7006.7262039583675,13.921171171171171,0.44316833593046362,68.153103597044705,0.069241822760863839,8.8844948218888291,6.2774480249327071,1210.0718330367254
212998442,0.23433267338269342,9.7878814451069793,6545.6638021746758,8242.8212907751658,8.5530000000000008,0.428303944072709,233.32000467672162,0.099400385188771062,28.862274034718631,4.4341023361354095,3193.7670700339063,0.22450544799073247,10.389141609425465,9971.5880907974351,10188.85911840968,16.503753753753752,0.47599987346891104,45.560751489787563,0.10354640115451563,10.303666833829697,5.3786513766937851,474.67545375972344,0.21834910727720053,10.467476301827965,8356.7575117547967,9315.8399084760258,14.929054054054054,0.45312918755184339,57.995775816549745,0.096756207106784828,14.777069395439401,5.1435795808342943,579.85388851172968,0.22840495938357847,10.05504415194935,11915.590136621126,11435.776574475174,18.024024024024023,0.50232907044597175,38.267160946351218,0.11449120637839781,8.4363796070067032,5.343866337139926,411.16754831722761
213986874,0.1693084927913793,21.687211938882879,17597.165626806171,9118.3867836447971,16.869250000000001,0.51901281757898265,168.57693732679283,0.07141954948967362,139.68032533496674,11.454089707690734,1262.0021340604947,0.17595284789809312,21.759696346880595,30899.157218944067,12076.378505602333,22.624500000000001,0.60458497079698825,22.348626488983182,0.084492289691008596,11.236221066404342,13.379805496410288,423.89206391301462,0.15820444212661697,22.834373586612394,23504.883129805519,10310.240628028687,19.346250000000001,0.566522736399514,139.98953285520449,0.071258083585114762,122.00188725366307,13.26699821882413,812.2236350713963,0.17195597818851632,22.702292928721054,28928.641895487744,11572.365272037592,22.078749999999999,0.59042966924105866,24.547245654758534,0.079467889650098669,11.813097677922633,13.738709258592339,478.631534846855
214076516,0.15140006008607271,25.311822010464969,11542.453737184669,6128.0977155740848,11.753500000000001,0.50549468617125815,408.41774790487938,0.061692619745006269,193.51495967000761,13.396923267660227,6839.1531246011828,0.15816936656925337,25.292822876493275,19594.794374941208,8209.3714608221235,15.9465,0.57291617214593837,86.864233530868844,0.071410551363034688,12.798239215391641,15.227583211051208,2402.2019408647666,0.13743138430196297,26.262953102600861,11835.17341798075,6494.6154413270533,12.2075,0.50056430584926981,303.84931394634447,0.052086282064946338,179.86902268839134,14.069759526184969,4291.417059184927,0.15817090984075965,25.30840067032803,16949.633659095056,7790.1349781811541,15.06725,0.54622528664944636,94.274502646468335,0.066823081449193772,13.882429361950916,14.478537374415003,2602.0389752609135
214098967,0.15883553314272614,19.885736331271236,22328.347528867111,11015.532454347325,18.468250000000001,0.56675934090112834,141.24635523127529,0.073445696169926203,119.34047835760249,12.161743912855714,548.00064976378383,0.1730246425643148,19.10264340838571,37463.578546423741,14986.730607049089,25.138000000000002,0.63328016374312168,16.546185058477207,0.090905626420732022,8.1458116054114846,12.90935625527772,180.40052907948126,0.15899764563336713,19.525103878116344,25756.029555797388,12218.676864859517,20.216000000000001,0.58280453049430636,123.72991689750693,0.077600484804215955,108.14799495727112,12.11344035666637,425.92461416699643,0.1706254434716418,19.17448102897777,36745.94199409768,14834.484221870815,24.82075,0.63086112162547769,17.548381898210167,0.088613296815629281,8.732509312019447,12.904030893239739,190.58582033177885
231350390,0.28132962079844648,12.683852870293549,5330.0259570937533,4678.1817786733045,9.0915948275862064,0.46650588197406084,455.80498597447752,0.10365075633037626,366.2932284290456,6.85468883718677,2123.3654537552843,0.32618958987768659,12.557311825046689,9920.2532546620841,6894.4669120632261,13.271192528735632,0.53345304411455585,82.053048962026693,0.14432533248819354,49.421723478219434,7.8495968325658643,769.71491596070041,0.32782045837368889,13.850403345018373,6542.6365248975799,4205.4864636567136,5.9192499999999999,0.54437184021352913,703.58651856231791,0.16171292341208923,522.11198767446751,8.3679047177052066,2911.4850276639777,0.32196468819707108,12.676089613034623,9711.9623353699935,6823.0953699932115,13.227370689655173,0.52847368108849269,84.144467073998641,0.14043556377129138,52.58622735605217,7.8342029741702621,747.64048879837071
240778165,0.16455753567688741,15.940136646363079,18195.840213993361,11917.434013342358,12.120703125,0.55835038072171872,216.88462406136196,0.10312073455560446,10.418516052279095,8.0036497215086531,8017.4678526539692,0.16198567614360368,16.982552423620184,26208.453748988861,14502.35608238442,20.92578125,0.59223768233647689,90.667861365191968,0.10675472907385421,3.7155229978972271,8.941178743803663,3369.0593242486466,0.15938123939699037,16.941291921550651,20730.282265805195,12789.878329011646,18.177864583333335,0.56348171197120267,120.16377519590849,0.10009529073711813,5.4086387114215144,8.3792610299686618,4382.8109107058435,0.16406198485540965,16.831547626648959,24539.589244895091,14279.151633953541,20.392447916666665,0.57966273766303245,83.63985339752513,0.10708656509694529,3.6261304460231458,8.5857518194408851,3058.5741249185899
2641511535,0.1058222669513466,22.13867797895341,31211.01893578433,18734.534946153926,28.636443661971832,0.58332355227286103,24.930476571065547,0.060662004065943222,6.9558028719968785,13.069114394087507,403.91844701976578,0.10712710741272795,22.324199028913103,42716.83488010677,21474.753856690051,33.419307511737088,0.63557764785754345,16.938143696276331,0.067894848925510065,5.1248002553561385,14.40198709528384,264.44477711536268,0.095742842422438662,23.084017240361341,37394.267796343309,19875.432229241698,19.848046875000001,0.62950626968447188,42.772746058924248,0.059885736216615686,21.225960555824773,14.852074351169064,424.13934974710202,0.10828732505526764,22.349630023483538,42299.938083211484,21133.744401612832,33.111795774647888,0.63544742795491205,17.615490274270016,0.069219472671950624,5.1188391599724055,14.43759760759068,281.69052239797952
2642332428,0.21155697408786833,13.247834791080088,27179.596109582588,17333.797760387115,18.243945312499999,0.55157275246556359,26.861330278666937,0.11877571969927875,6.6625107291995231,7.5368274762228014,259.22776177884356,0.20928840234729346,13.138212983942468,36366.007943686694,21009.909699895219,32.764377934272304,0.58642996194111785,13.611681786836945,0.12406604786773992,3.3800172150450885,7.9473154534651966,142.91471507509337,0.20537817530042163,13.296593612390545,29491.463288960873,18538.51454168143,28.986208920187792,0.55960330972262162,20.470030875132863,0.11455918553031658,5.2268125707361435,7.7279800854371468,207.26855291795314,0.2078222475685938,13.155428007712658,37365.752145643695,21023.375337428814,32.718603286384976,0.59689880462727096,14.273315097977669,0.12461224635395662,3.611749940987262,8.1022946026116305,146.19116631541186
2642337822,0.11933996868650901,20.533994512284522,29195.296608926965,16886.444421171691,28.018192488262912,0.56594474781120585,29.960077917181575,0.064212277482798147,6.6080583096960499,12.228654783883032,275.93520516096601,0.1211682737208957,20.813636979572479,46538.426657407093,20516.639774382602,34.646713615023472,0.65191473782017262,15.941698567024629,0.074146066029352947,3.263652758784668,14.448753209815285,152.62379315017446,0.11802787280592467,21.132900649904581,43543.389274375819,19903.397945633151,22.208789062499999,0.64126092291967351,19.18032873387331,0.070363221989541216,3.9584451475011728,14.491775315219327,176.61944964778513,0.12486317809662108,20.355696556057882,42100.756096283752,19838.31712894273,33.620305164319248,0.62773118857466914,16.175513623906859,0.075143790484393402,3.2441839263197463,13.464446628821161,161.66860130216969
2705567565,0.23757071520726519,9.7345812807881771,10013.965221674876,11121.530788177341,10.15,0.50337318202034709,336.99733990147786,0.11954354147474504,13.741618674321124,5.2519271776438341,11702.790443349753,0.24619211881262429,9.5000792298855128,15373.860991165868,13777.997504258607,17.384986225895318,0.56813614804541379,99.279166501604408,0.14350828338627666,5.0135308074787437,5.3753963501445883,3351.5251356811791,0.24000666083927605,9.2954382826475843,13125.359660107335,12412.376207513416,15.399449035812673,0.55664713858140946,141.10733452593917,0.13893702473584774,8.8721604360363688,5.2198296625272604,4731.7209302325582,0.24393169534091516,9.6659051283592863,15494.302711477183,13337.274714924146,17.182851239669422,0.57510165093016652,110.893885649011,0.14322311538382121,5.6788913527093419,5.6390948355640926,3729.2311669572537
2806044371,0.10363439739858502,25.619295531997839,33110.809886696596,11205.287647288138,19.88025,0.67070428101912205,58.927352523232855,0.06632595269378011,2.220625902138373,17.12026322152332,3395.5768036116247,0.10426104757554625,25.791695996133765,46022.257115241169,13335.068478614879,30.585796915167094,0.72300324914584668,20.144668690837651,0.072532765731010265,1.0574975038238195,18.369522731782876,1075.6534570248889,0.097816623038171471,26.235360633228332,30159.568774735482,10507.17319548771,23.870822622107969,0.66244538682951204,43.655655170557033,0.061894548506506573,2.5493236523647678,17.274291405769556,2296.1036938319467,0.10449897578400122,25.849711356892367,43556.690574588618,12955.330488265443,29.779884318766065,0.71295528648727358,23.865422174264904,0.071681985993682418,1.1785992668463843,18.22884383578684,1296.2521823577017
2806167129,0.14115618875427036,23.875466132064691,44727.040469092455,12977.25415753446,27.92082366589327,0.70886436904445382,23.532029375409003,0.1054110913120869,2.2663011570512022,16.605524610003588,972.72762306405878,0.1430430113835145,23.792317949159102,60156.270850359157,15600.229575465612,33.713747099767978,0.74739651299197618,10.172102025893587,0.1119256148557824,1.0226110389601524,17.394606694613504,406.15574863434989,0.13816562345222722,23.517926948448572,44503.091355159217,13498.38203436762,24.558,0.70003531616127024,17.503440833944133,0.099688834108892191,1.8087545863300802,16.046671429859693,697.73278565029727,0.14032048840318539,23.907377070722113,57435.411612688455,15363.356510236441,33.106438515081209,0.7372940405965146,10.585312437035155,0.10632869224115435,1.0728033087901174,17.273300022652798,419.24777706721801
2807015536,0.071509827172103219,26.336083608360838,29315.601196017036,11053.04341203351,24.348214285714285,0.66856461215406415,50.221911934783222,0.048586832075501719,2.2337914252280515,17.572416882072709,2584.1154833432061,0.070996500150309588,26.585067712045618,38925.470705630789,13057.876478973629,28.907967032967033,0.70719866003885001,22.534568781183179,0.050529259576460935,1.1555812098063267,18.889159452675422,1094.4857448325017,0.067844221678662414,26.876279736143033,26479.29785392353,10622.19496761484,16.7515,0.65322997150895956,43.684147688266719,0.044714521170139715,2.5881186782237604,17.553896192818161,2004.2721248843386,0.070576288807741777,26.606398356210203,38439.685469901684,13018.018767396576,28.746222527472529,0.70466880161673628,20.638378191114455,0.04981551289406283,1.1363501399974629,18.769270982840926,965.43069442951173
2807015698,0.13380649561543514,24.900149228983583,39368.639064831703,12154.528259547891,22.616250000000001,0.68581050060170634,12.685524788592273,0.095295106500112997,1.8070542034146322,16.718331379921619,282.49079754601229,0.13451251732673924,25.216758501697555,54330.565091556746,14344.927663679709,35.74336870026525,0.7380428446270616,6.6510083300866407,0.10319767744196177,0.97628748833998624,18.501575787871378,142.14608263297526,0.13105340659632456,25.325910219390309,41462.787940458809,12608.587495071975,31.117705570291776,0.69104563849168954,10.522359910922633,0.093757336760599455,1.6604355904668784,17.302561470218016,214.95679321477661,0.13196037285978898,25.178995329980012,52000.940549603569,14130.883183191718,35.002320954907162,0.72974829855138312,7.0822889728797822,0.099216713541939741,1.0683653576270689,18.229582831412053,151.79402654238541
3125050953,0.065969574365982969,23.09101460921195,23691.469927790986,19519.83699958706,17.500195312500001,0.52274185257423911,22.816374817245343,0.03552937894593005,1.7892661091661068,12.266300311792058,463.44627850135601,0.067579782329106233,22.600862707420085,29612.279949558637,21771.506795572368,29.387647058823529,0.55893962314751611,17.503673011869733,0.039302199183260132,1.4033039926072715,12.602848567301562,360.36489921735824,0.066810906813402043,22.932602103926527,26872.168981861571,19941.336803389051,26.868529411764705,0.55575699382044741,32.71980121068821,0.038479543870741234,2.5325361163789828,12.779342534612669,658.63715477324229,0.066985053833720595,22.971390398968026,35747.264756288583,23529.167105869346,31.920588235294119,0.59283474860189811,14.357025707177739,0.040904220499066377,1.0815348008732657,13.73982857154971,294.81072514512118
321559803,0.063622096844593051,26.273380236354441,35469.104639720419,24064.008764427279,21.2373046875,0.58981117731216881,28.749657424012508,0.03995000763177034,1.7377681722748115,15.421658692894095,745.58587391364324,0.063825575023746625,25.945307510709597,56995.198003745667,31061.07947704164,36.291927083333334,0.66463664996261318,13.433428290554746,0.04458202664377927,0.80326026715905652,17.075875583131889,352.34408478699208,0.063025865741029807,25.758052875186319,51364.419094688943,28458.51577626108,33.1953125,0.65960120573866077,20.639632854789362,0.043991578265977403,1.4165233959833512,16.786658792571679,542.9997489605397,0.063801792937989224,25.936174681344148,56270.532749130936,30793.114498841252,35.958333333333336,0.66353209679727343,13.501260139049826,0.04439643559735762,0.80477453874015337,17.03295106921523,356.61428157589802
33740121,0.15918951440253165,17.022206548201407,35331.593843143499,14959.679506723396,17.168359375000001,0.65816018944768673,546.86855816704963,0.10585876355105983,11.116471508307463,11.60218341254466,34150.783838820505,0.15710621322263654,17.282564092146426,43215.160321781172,16614.906025271197,25.638541666666665,0.68889543160872913,218.44955917604517,0.10958452630940206,5.2625522735079624,12.150633552161523,13420.883648884736,0.15021667968861449,17.6024941543258,36316.380737111678,15260.968667186282,23.388020833333332,0.66019555666298091,265.37494711056678,0.097107522944152369,6.8909186258291317,12.027396476467057,16192.68262999666,0.15817064518574597,17.284485233696675,44917.829546467074,16975.182403199778,26.303906250000001,0.69329344223002143,197.50761828388133,0.11107261908174391,4.729319720791449,12.213128920475031,12134.816527567396
3411870792,0.1726876959065162,18.081373666217758,10918.162281156117,6113.98653268414,9.6530000000000005,0.54805830618890494,227.9729617735419,0.092581385106682706,14.447662780204968,9.9978640172183777,9337.9855744328197,0.17665023245744366,17.925523909853645,19258.896158621468,8406.4662703638205,17.719333333333335,0.62563721203864786,90.718198577824595,0.11446678627547113,5.3956927415673226,11.204606672664164,3957.8283795477632,0.17734543236318226,18.035164355138146,15908.602839357869,7166.5256088238502,15.261666666666667,0.61263812378729898,150.08129299989079,0.1154240593259601,9.0919399794390472,11.076412257265842,6612.5083979469255,0.17662068074066339,18.082953989691884,19411.535984349724,8335.6664534818101,17.720666666666666,0.62820588585266846,79.894172529250213,0.1144921953626485,5.1136568696111411,11.478363075594938,3393.6251269703926
349577230,0.39233023966165409,7.1615304709141272,5065.6539993074794,6289.0462257617728,7.7013333333333334,0.47649872102733065,715.46156509695288,0.18282116158937123,547.72490512392994,3.65977629605633,1736.0852666204987,0.39125158704034607,7.3913422112558509,6470.4250879930332,7310.8099350484417,9.1863333333333337,0.49791741384724614,308.63413041111795,0.18972285579256296,226.71792706720376,3.9633510097499447,824.62803439892593,0.38246599856240132,7.5189034493146556,3862.5259326203745,5210.511472611337,4.9792500000000004,0.44362900130014321,773.65105186524079,0.16846559308140158,551.8347472655654,3.5091118844193359,2051.6278556007433,0.38775151658441964,7.4946831755280412,6577.7116533139115,7198.5358339402765,9.1533333333333342,0.50322821774156778,356.75003641660595,0.18998213384393331,262.47849074901569,4.0545618142806044,912.01019664967225
3750868472,0.17545630631085271,16.731572700296734,13795.179584569732,8438.6578832838768,12.637499999999999,0.53506255906579048,33.801186943620181,0.09494001732771673,5.197005484623789,9.3074488396050175,599.78476755687439,0.17710821677361946,16.643614525663882,19835.844921960528,10766.420693753715,23.858955223880596,0.57296092830975631,15.875512182915767,0.1036660591034456,2.4041098647736394,9.7569872110397977,285.08263739013483,0.18452256305529843,15.67541093717932,14584.825064835719,9337.9814355281087,19.998880597014924,0.53259378557564452,28.92568613914958,0.10291259298144501,3.8601117930395716,8.34257304663174,610.45513741440755,0.17771935914915873,16.41167572677854,19598.774741983772,10781.839896005673,23.680970149253731,0.57161148820150265,16.294335460490032,0.10446739076205616,2.5059702322221997,9.5046857572316661,291.23107224454424
3792929967,0.31990777704684059,12.072239849174599,3623.432151561135,4253.0713661654481,5.43675,0.40139192222936737,338.60504897227202,0.097885233674859171,305.00154136111456,5.6741938230144049,693.56403182048098,0.3219997958416469,12.885076172163881,6160.6964946013904,5086.9074101464284,10.151651651651651,0.48730531837346147,209.9853571956811,0.11633292295012169,183.18771468730222,7.4199985430594193,432.32158704333676,0.30744827223457105,13.493334649945689,4145.5962279055993,3728.8637306211117,7.6028528528528527,0.45827887993278854,637.20894638096183,0.10713684053898977,563.87406544817327,7.2493996035517245,1226.0481386392812,0.32447874619848477,12.153674561972744,4382.8165963659958,4832.7783095392606,9.2552552552552552,0.41931874488524173,209.84312134977287,0.094555796210405635,183.78866684329208,6.2741295345634258,508.66389519792341
3849268410,0.17741379162698542,21.794421150710459,45179.181062194271,11889.912671791288,32.229729729729726,0.75345206555223065,53.475751222921033,0.12029436813234846,24.921301534332773,16.632554538281695,406.21141392965291,0.18336747514121932,21.753984085108208,52025.389185595093,12862.416704201789,35.002252252252255,0.77471027253302682,12.106556849623576,0.12345951537184156,2.688413645378112,17.257799179401527,166.23449799455204,0.16094481494800877,22.244754366126397,40442.624349792684,11200.715315994472,19.897500000000001,0.74068496759018243,70.766679231059172,0.10637853557119703,53.901157019560131,16.706166388696204,363.99090337982159,0.18544532157835097,21.69270811156057,53115.917308920587,12932.870853736427,35.262762762762762,0.77966107871305457,11.934277198211625,0.12727051534004682,2.6580553722384921,17.298656091186935,165.39371939535874
43755049,0.16296919810474705,17.568775337041576,35362.244607858542,15414.714318636539,24.705745341614907,0.63274123600135201,70.104710725621445,0.10439389541633963,10.068681616547051,11.351803864389666,2018.2020259157998,0.16442360112382914,17.875667369333517,37310.020528379202,16092.521700585117,26.272774327122153,0.63001827337615435,51.457199708426089,0.10369788858458931,7.3075483830621222,11.616990597363239,1255.8222975235919,0.1649609705211042,18.070763253782484,27535.653483265367,12997.715764580971,16.187890625000001,0.59784265183664598,94.178880818513065,0.10162230128252007,16.068791588816456,11.166313184411154,1994.9387321734514,0.16147827444378976,17.94315612445109,41200.73777445576,17040.660001868637,27.69927536231884,0.64520669909610273,40.871381855554517,0.10463771583722253,6.3277539145466024,12.023865791786218,1062.3817621227693
4602025720,0.14757615051524173,18.627827115290586,32343.847799142626,14066.54788897354,17.176367187499999,0.62842977590329674,183.47616069499563,0.094559436786007312,7.467896799209357,11.351391639411494,9744.5823999636123,0.15231257881551188,19.293854565124995,42084.972721301339,15933.248155017194,29.477220956719819,0.66240376083992647,48.32732506471929,0.10109805008181329,2.1883053969635005,12.507807072626571,2286.6370889841969,0.14551432262915145,18.779814096619173,36517.058005227213,15120.320588483264,27.018223234624145,0.64395740933761481,61.405551808447854,0.095253037188952117,3.5034339904172258,11.639912740053433,2838.8662633842005,0.15355354557149206,18.817945181707753,47593.250052516691,17085.083113372119,31.175683371298405,0.68536560618396147,44.993981130524524,0.10608794505761376,1.9944745238673047,12.469784850020844,2149.3163879476479
4843716472,0.053798155607950773,27.147463248631002,38863.481075852062,21750.249460173782,22.612890624999999,0.5990526434264426,20.079617889409043,0.031926847266980585,1.1278262545884499,16.748667203964995,478.3678764532122,0.054334662021198292,26.967232210686248,69654.253127374017,29599.919954418841,41.135416666666664,0.69055884222166475,7.7771967586730817,0.037688514214397964,0.44442494537065258,19.03602792086599,184.99807546214231,0.054743470148262266,26.536390317067717,54797.831745711257,26529.444370731988,36.113802083333333,0.65281487508145797,11.840939737663779,0.035875777371817082,0.66708990572752458,17.675955345292685,295.49853256127545,0.05405620637919363,27.101158256586544,68514.735961109254,29153.22976578333,40.60520833333333,0.68934734307398637,8.2235063235935453,0.037355525415806827,0.47448955734350706,19.11551112859842,192.89892511736488
4843718812,0.072031830902504493,22.807921761651354,19127.10266850494,14401.273138424667,15.158007812499999,0.5046899468202749,67.05773814892602,0.034404631099842126,5.2277423559780685,12.021234832620637,1338.5898156141684,0.07247097798913657,22.469806128172767,37995.859591922592,21392.122493338942,29.712499999999999,0.59667679862736822,19.984819800869442,0.041737218115709969,1.5081189244383775,13.79007152391997,429.54779308652365,0.073054134337316293,22.000621033851992,23652.24317427339,17082.464646236534,23.063020833333333,0.52948766570204009,40.922743388812357,0.036990532512791816,3.0277221634666076,12.049525273988626,929.71013527246453,0.071413903963759837,22.708340582165128,34987.604598353675,20483.292767344548,28.440885416666667,0.58443536788388328,22.357997674269548,0.039844947584556596,1.7249474200418817,13.721868992181992,471.01417413677859
5004381056,0.14333109361325874,22.390070704906492,24234.08570291696,9210.1249732178385,12.762109375,0.63151935630472211,153.25870037648068,0.084343813338476542,8.1449081364484393,14.28200743305821,6693.1161580606658,0.13814729995074615,23.321903485564427,37513.871610614973,12001.299086151323,30.054513888888888,0.68468243738434642,37.369756345529538,0.089511959132431915,3.034593123717749,15.82963517091555,1542.7550169252631,0.1368054188588374,23.268488360954116,35100.55175304148,11657,28.997222222222224,0.67410510629975895,40.579413736947984,0.086748261580257433,3.3033795832211923,15.580894678775694,1666.8200498132005,0.14130073090116579,23.327748739427925,38146.906446513669,11937.755674016638,30.092708333333334,0.69000901582237295,38.974788558505544,0.092162866789923997,2.6904326291248961,16.098876345367412,1626.8789735424095
6050568412,0.095077148878792303,25.388618725643674,19102.313359757518,9749.5599706891389,11.727734375000001,0.58510381720140037,640.11860906638242,0.064591403970795561,11.734500891200721,13.322303056340468,38892.871665056788,0.090349515236344435,26.206786017459169,29293.908637095035,12708.833010249979,20.946656050955415,0.63349293153985842,73.35634193621955,0.066395951271856213,1.8345493079844988,14.740392368022681,3873.4438405108517,0.084744500633930894,26.364626965337219,21603.067747222729,10926.840284101256,17.487261146496817,0.59474118022570244,306.31818733685424,0.057495451991206967,6.3398926964576683,14.150989337424742,18213.183360650761,0.089055769495609283,26.541668254875802,27939.069296740996,12562.783952734897,20.887738853503183,0.61928138806128497,72.320005082269233,0.064022682353221838,1.7956671293361177,14.537924995513194,3830.53130042564
6055125569,0.18154506201170201,17.749450943480795,11895.718838241226,6837.9975796692215,15.667837078651685,0.5301673953573075,67.370489892877956,0.096099833976397903,13.139715184013331,9.7227933766995633,849.2745282596029,0.17532754855591143,18.008506862898596,18385.558460762313,8817.7876415635928,20.183637640449437,0.58555082837875161,26.233669084772888,0.09898857050929738,4.8020014623864151,11.051539745522646,380.46692065480227,0.17681346943677237,18.029201729329113,15775.634486219409,7919.2021153400756,13.634736842105264,0.57063160655097844,37.909480429244191,0.096606209775061624,6.5642801759912377,10.824749974442812,581.14459970663165,0.17217505460876831,18.143880831851142,19040.068785059517,8975.7439116158166,20.530898876404493,0.59081101263931246,26.550417293747433,0.096102405912927319,4.9053377768423916,11.373963790996251,379.63373922561226
6055125647,0.096362181802584865,16.721870140884889,18674.759294161995,19878.629105216038,16.763823064770932,0.47004936000995073,32.641297177590353,0.046753981439846479,3.0772693458891838,8.0071832471110813,511.55826226263957,0.095455954769878656,16.802246547900122,24003.093848056502,22993.127699588098,25.747105263157895,0.5006485458602824,20.996054742996147,0.049233872664867201,2.0515311960050799,8.5920910293105788,318.37340937662896,0.095638821754454498,16.834445082006408,19174.042437718166,19660.398173384976,22.013684210526314,0.48399822605840592,36.758057189308083,0.048272900655788584,3.9260490855756682,8.2574860468200164,527.34801319753262,0.096622888056377892,16.764118100128371,23612.747060333761,22760.650629011554,25.625,0.49674829833673978,21.055414634146342,0.049858041997138502,2.034972680598127,8.5027503428858697,319.65997432605906
6055125725,0.11906538344646908,17.408548524142006,17988.60481239302,16289.439962072234,16.036137440758292,0.47355830679634942,40.662763062297586,0.061263757602975505,4.9499922079990322,8.3243925971157235,602.29600896474437,0.11691441056443791,17.507930194401631,26055.279580370905,20155.807139660916,26.464473684210525,0.51666338883882912,20.984527420076567,0.064300227766405899,2.3686124389123222,9.2898627220124865,329.74629344205238,0.1168116533803565,17.654111951862284,21185.846572336646,17581.27303677061,23.266578947368423,0.49628518299840096,30.062649157929265,0.060878078535512449,3.4013253986431637,9.0287321824410451,470.84419712033298,0.11684913696119015,17.531641171740834,26070.248533338628,20204.36884424106,26.510263157894737,0.51635224671863333,20.744309552407707,0.064076421851549839,2.3433381314213819,9.309554950666028,325.52092039825686
6055125817,0.18698165268667374,12.670552687901298,8993.6699735616257,8411.4047840866169,13.944873595505618,0.4813990449504143,85.650107012463806,0.091097147615267118,17.567268947857791,6.5432968282746691,681.14815560871205,0.18293542482264946,12.699509490296439,13932.706081932569,10956.297892553172,18.110603932584269,0.53070747778333149,33.020027530584152,0.09630553058561224,6.2345452991358297,7.2790752294733947,320.07710502336221,0.17971813055888231,12.763855957320688,9494.1181090693535,8571.5608081406845,10.654736842105264,0.48946556785973716,81.845682671408809,0.08653013123655065,15.870440193065798,6.7085958962820555,787.89535170914837,0.18128139994124068,12.720828702968726,13181.11787585331,10734.382679790442,17.693820224719101,0.52083650963434369,35.529488807747263,0.093212811747960686,6.8569481980096887,7.1718812442376993,325.44096285124624
6055125959,0.13995076897949094,17.877016253630803,17408.324640009887,13830.612236573759,15.976500789889416,0.46490922963791997,36.51649465422409,0.073038455960959009,4.0783568380568953,7.9973121365598887,742.24405166553368,0.13263524348231456,18.596453388407891,25776.334242199184,16704.843831073038,25.866052631578949,0.5218857955522177,22.442573582525359,0.075314502834096936,2.6968155108675749,9.5904966815935122,433.40223418217334,0.14125674043846259,18.195702035603514,17323.291969661426,12861.76435478406,20.193157894736842,0.48013091250969342,48.145554773633592,0.075928020107987937,5.3782579392561889,8.4897578792877635,954.56779263429507,0.13704131359130928,18.118697806390593,23761.584654407103,15858.568350117688,24.484999999999999,0.5149125634104248,27.597938587534795,0.077598849054741362,3.1619662746515438,9.1543881512291723,553.42941435680279
6055126157,0.074725342787578489,28.340352825594806,14164.402844816539,8075.7166716500788,16.440308988764045,0.5675080679046216,73.568664303105379,0.043324886240140255,6.5337990796499428,15.589106661291844,2347.7534278757848,0.079378315491694579,28.020883932541992,20752.807683097868,9866.1052235487296,20.528792134831459,0.61847800514854989,32.507132350425891,0.052127391170550416,2.6729116788364622,16.78256855349364,1075.082697636233,0.081951218803894291,27.633259658332182,12337.858083529032,7161.5183036330982,11.43,0.54949922293786635,72.588340931067833,0.047267853667542437,5.16151250386726,14.799442109203364,2526.4771607496432,0.077447805611254361,28.039388884010886,19575.6053209237,9646.6207217490555,19.994733146067414,0.60790689672133402,36.890508385284043,0.049386147649751286,3.2343510221602614,16.487498903244838,1190.5284221617351
6055126309,0.076846048179900983,24.610719344706535,20401.058292788075,11520.331249615077,12.825434439178515,0.57979884216922639,401.7559124222455,0.041712270250078363,22.915994105047684,14.781180773443714,7887.040971238529,0.079187693420047944,24.384884017333672,29049.629620188633,13871.480295692072,20.647368421052633,0.63211359551246737,187.19343614580677,0.047286572560563858,10.369888654591964,15.820163114444581,3835.9635865409127,0.081650562984908387,23.245592084684656,18536.84370215498,11235.865087335165,15.984999999999999,0.57048919059789938,295.4011326407981,0.045053342500273361,16.140157173588637,13.267109829287914,6343.5563439408652,0.081166346672695538,23.790555988402538,28875.286820022226,13941.169746976102,20.603421052631578,0.63089242910263765,151.68713678106599,0.049295556578117246,8.259687755803661,15.226253060462396,3247.7556486531362
6055674668,0.19665621986773804,12.730648083623693,7170.4243344947736,7733.3753031358883,12.596558988764045,0.44993031943311673,71.864027874564457,0.082223604092403271,16.66711349016726,6.4958501557438071,771.26280139372818,0.19087741598497721,13.017704696474828,10335.703142245748,9298.5162968802797,15.58813202247191,0.48936951720612909,43.3328527987386,0.088134936181446299,10.851677716778795,7.0302884448749374,394.53057776776666,0.18499090492342748,13.383850887741389,5495.2703543891912,5665.6544528542126,7.4405263157894739,0.44416195296080574,193.89120746976022,0.082700324417807405,52.976016296812524,6.0354552711731619,1297.6021433118767,0.19305342686649019,12.978695315700824,10215.099831565531,9160.2089042654898,15.426264044943821,0.49060368993050446,43.00550826239359,0.090602042103354763,10.560559754739817,6.9725083049778389,404.66756953612236
6055674852,0.077347740807855989,24.766749780671375,11242.777716211849,7557.4332086623263,15.208567415730338,0.51858416188768008,138.23789075125825,0.041672082553496234,11.146785833942713,12.415469170022734,2623.9312000738792,0.07748367830787925,24.626478242250553,19229.252594129855,10602.838521593043,21.31811797752809,0.57829929184701512,25.333399215996309,0.046303970797035673,2.6476807216487726,13.93462823611342,600.24544586092168,0.076650908084362812,24.786823411076885,13386.300266130214,8416.1691288950351,12.558157894736842,0.54319330722296155,51.10462898933384,0.042878817321483582,6.1306475382931351,13.280324997766009,1316.0297982020495,0.07683914439348638,24.621957261287445,19205.300492122733,10623.725203950193,21.26193820224719,0.57861065320812122,26.210324668890578,0.04582822204043812,2.7296501738679759,13.868708336930304,630.60564124583016
6055674916,0.09030703426433824,24.29287101730786,8256.5737106079487,6065.7853187603278,14.665391156462585,0.49316854322655046,74.029977096802256,0.043923413206694573,21.797995386753353,11.652708591773516,1527.4415098715681,0.10294897746656491,23.693980148670132,14079.01448029906,7841.5564817599798,19.789965986394559,0.56428327764543973,31.195978172130797,0.05589310893399041,5.7190729284165567,13.148072639292167,825.33777338546815,0.10449468604004604,23.554834540509976,10476.138802875683,6258.3395083335581,9.7734210526315781,0.54479057785623453,80.984248364253204,0.053805836031709589,11.524984094807404,12.724514842268853,2280.6991572201728,0.10227102103173993,23.728683672371112,14061.113701431494,7852.2518781616618,19.751275510204081,0.56474383412765161,30.90974060919169,0.055686944958486993,5.8827877519536482,13.219489646371498,819.66828113227859
6055675060,0.13304915392111641,15.373012256254048,8937.8033482838837,9133.8669081140724,8.2332148499210103,0.46709542795559583,690.86899479528938,0.065653938938830494,22.626300850379568,7.2440197632263335,35105.510949080184,0.1290169716978595,15.52673577583851,13430.359398057899,12191.874054910821,14.444473684210527,0.50442676502656003,301.80041538377452,0.066588103250036848,8.8959952542234397,7.8795013207318094,15976.321011495927,0.11805940538040133,16.151540420544951,9701.9597259471284,9863.4563791665732,11.676578947368421,0.47283432654415586,547.77334294922355,0.054786755684182918,17.179157158224371,7.885726328537233,28394.738139775978,0.12715588415826101,15.570724137931034,15290.781827586206,12836.472827586207,15.263157894736842,0.52474518240085954,325.61774137931036,0.067579870463110148,9.1092583872859496,8.2549848037560469,17015.944620689654
6055675272,0.16490719845094204,15.744853780454205,11316.616877238557,9206.8358326445468,10.03436018957346,0.4773133132816455,406.11427952926357,0.078566870953842141,22.89890158625737,7.7558655152003162,16844.234069350965,0.17122656359389987,15.364774589881682,20278.02921447363,13199.180080164186,19.105526315789472,0.54289775913577898,126.14598972465944,0.090531586396920452,6.4611473595420605,8.4541662745704009,5174.5040701918706,0.17611704724216395,15.275433744028161,14143.879557455368,10823.310954655939,15.698684210526316,0.49460889144421116,202.39197049702454,0.085212142024887291,10.185058429554596,7.8337153656865937,8209.5641270639517,0.1739040509103702,15.338892358351311,18785.01081526059,12750.12711479505,18.541052631578946,0.52886989320620614,126.21348075394573,0.090328899500896773,6.4254698506209769,8.2356369463443855,5156.8277222663792
6055675334,0.16582890865090283,16.069671655644505,11221.736802413274,5982.2861700893372,6.7335937499999998,0.59046502701082693,311.77213133774222,0.10221329559724333,18.592130601089874,9.225359750540667,10840.603086204896,0.16910252485299029,16.157700269325794,16832.164822934985,7675.4502415028828,22.374003984063744,0.63603441036640995,93.32112092950787,0.11115841034008674,4.1328683646390942,9.9560267482711478,3338.4218843902331,0.16576472067890641,16.151759938554441,12008.182827025452,6515.0845406149856,18.80328685258964,0.58395837993928223,124.98858489816458,0.096251050926756065,5.772043229343363,9.2469124730168524,4434.6017956935138,0.17077218839396005,16.096565532111505,17206.612945809775,7765.2104684165361,22.634960159362549,0.63955238235525491,82.947921937911161,0.11259620167324255,3.7535047454109582,9.9602491139421048,2926.8023145805373
6155342431,0.15360280857091482,16.538470616001888,18575.406318486799,10956.549681378334,11.585546875,0.57822944391761866,782.16470548568736,0.093478396967423522,75.362977842067693,9.9165167838379631,9052.6668296301286,0.1571655237293309,16.055133382931235,27505.583563609311,14135.491630353916,19.602083333333333,0.62789634951696638,152.2535338505686,0.10329460361415171,13.24039161276314,10.432795254788758,2018.9846290785417,0.15154731705731947,16.085136146263704,19226.463125020331,11796.667490809721,16.009895833333335,0.57854530976997487,214.79215329060801,0.092337609693819281,19.265228608016884,9.5523672937867712,2883.8018315494974,0.1598444612551313,15.850763963819952,26946.415657595011,14212.830822310141,19.549218750000001,0.62185026967628043,148.86136754186148,0.1056396966769772,12.913311457635089,10.13004446443221,1980.0311846434613
6155381339,0.096070804490241968,20.817695350601497,13627.557304649399,16076.311070770565,14.417187500000001,0.41385272995032041,48.568304974531266,0.044553178271464329,5.1611493690830059,8.4495502778328326,886.72411130378237,0.091001773988972107,21.302548818088386,24633.715025693731,21571.510071942444,25.338541666666668,0.50926481472809049,25.170154162384378,0.04840906795002841,2.7775551939206662,10.983239591970266,449.11123329907502,0.089717612161360705,21.514966919927257,21805.797581194005,20029.410237529428,23.341406249999999,0.4965465245687653,35.042362575448223,0.046465722783462629,3.963858742360431,10.812643087207542,606.74241054992137,0.089685106754259836,21.337661220158136,29302.114682626943,23360.187058407351,27.237760416666667,0.54142497676252077,21.504154197699656,0.049586768396149582,2.2732275642115893,11.708788662901515,389.86835639096307
6164090356,0.1175293000272736,17.881844279102467,18825.085558615032,16085.948714043003,19.431921675774134,0.46542166299068427,183.01369734606598,0.057142307581519926,7.5434725680242201,8.2848363661892552,6171.967707539985,0.1149825941274094,18.173493864320445,30483.801667052558,20032.646084741838,24.584471766848814,0.54327274515490331,53.245436443621209,0.063922746096731667,2.8915984141422215,9.883982914120498,1673.5875711970364,0.11489312127492961,18.168142048378797,25822.643540916109,17982.96932578487,18.974609375,0.52288706867966839,93.394318064848179,0.061545248774503895,5.0957128498954871,9.4816988720380557,3007.8845290787444,0.11528640446992386,18.37890202628456,34898.599789020263,20915.352283416112,25.900500910746814,0.57013701914560677,46.545593600281308,0.06706554125186473,2.5155388064475179,10.593173778839173,1464.1120829853633
6927217801,0.16329761417331046,18.801519696060787,14456.727694461108,7754.5130973805235,9.767578125,0.5560181819505926,293.18200359928016,0.095016939049975005,17.210369380545664,10.689124639698278,9058.7415116976608,0.17163996768341178,18.499052394383011,23319.474369879572,10279.672964140216,19.662852112676056,0.61300476526220959,115.09382041754338,0.1143072618279518,6.3637006771166362,11.149441968635179,3649.9581412006983,0.17454512709272429,17.817432132491035,18378.498343862044,9248.5770872460307,17.186032863849764,0.58084496839220767,170.80662455181835,0.1115825150337867,8.9685884991097353,10.024935407861738,5418.3903875704282,0.17219380101307319,18.39054872669529,23845.682232547199,10471.023231194495,19.956572769953052,0.61533912088575049,116.09577721578545,0.1155807798461059,6.3027731602452981,11.105818258453558,3588.7548520849264
7772692990,0.42488174694813752,11.042979629730763,2803.0879252908089,4471.628256239419,3.5763671874999998,0.39210947612781805,1872.3367374802031,0.10404011168574349,1826.5686643088782,5.8610786482127493,2457.6634263557426,0.43342273374276413,11.728935470612413,4592.4949445129469,5964.1536374845873,7.1558823529411768,0.444637237057523,770.21381011097412,0.1216983614304314,746.79807735322504,6.998141577621368,1017.0899712289355,0.41203456328182442,12.632012380478638,3259.5343503012214,4145.0691980323882,5.321470588235294,0.43263604357744079,1994.7896976731333,0.11908781077542353,1936.1166804410834,7.0805453363579938,2524.1288343558281,0.4402294631761644,11.369715237566432,4782.4801300864601,6316.7500594907588,7.4158823529411766,0.44590355775600526,674.540810660744,0.12657509611146561,655.08699616880403,6.7851361008285576,891.92690568731655
7935448910,0.10445316885960845,26.405140245692003,26802.485702905538,13646.15798079745,28.059999999999999,0.53979106158081258,21.372395287409333,0.054999786642733944,3.144882928328733,14.121883793244688,548.81489245733928,0.10481745208985224,26.696467961357353,35913.301038093436,15801.906319495089,32.667352941176468,0.58453229351065317,13.694784323258515,0.059616147182042653,1.9221871658108423,15.578746905186931,351.35279871071134,0.10213559932705013,26.976188814442583,23056.297482784292,12310.131583845152,16.790624999999999,0.52679779814828243,30.620230783547367,0.052158255918001419,4.1435406316186336,14.276564806965254,801.37502326447054,0.10642614372561712,26.267423208820386,34226.059662966923,15438.15479921826,31.904705882352943,0.57662863024480437,14.540248534237987,0.060815189317878236,1.9978436610956249,14.959163379069482,386.32178546406578
8330258860,0.28719744552512483,9.6423648397992849,10482.16348087549,12591.991858172092,13.337760416666667,0.4563905690034758,313.5873245211551,0.13955368419339448,27.465629445647807,4.3288325615200254,14630.623835835757,0.28593485912538424,9.6016061780202993,21055.837518602439,18257.365050209821,19.423697916666665,0.54579645963221857,134.17458806494429,0.16412541384500476,9.0756480727835314,5.1214524352693065,6557.3593387587653,0.28184357292653184,9.5199655313431091,19026.763626803764,16911.755038850264,13.37265625,0.54062037577098787,227.38990477303267,0.1559998408403615,15.727765473442455,5.1225558001132621,11437.034687737338,0.28809068196496035,9.717216059786514,22129.138700531756,18643.454356602517,19.932031250000001,0.55306161507383289,141.65183762526294,0.16866689891856237,9.0235963130848322,5.1975060211315958,6944.9987457374673
8359074296,0.11073389642095285,20.727931468574411,22357.242162792842,11768.307132549357,12.722265625,0.60563604141722371,584.88624151800798,0.066572314848037287,36.976066823900439,12.85454524429205,9756.3182781172272,0.1186844885546746,20.219193718328231,31403.687471777634,14166.450780191661,23.338407494145198,0.65168872809476186,166.64903918518891,0.078834730024188934,10.52807637491992,13.500079680900619,2828.7251016005216,0.12328930017641844,19.731806094690832,21507.833083717946,11641.50288840664,19.155152224824356,0.59225040618032709,234.25928416419598,0.076160638911421261,14.835612595145292,11.788678266196035,3998.6969465415532,0.1179647938701377,19.99364027907211,30870.043044606202,14208.888673399995,23.245316159250585,0.6470431738888246,159.71075233609551,0.078080743219219095,10.173382747765965,13.141064959537413,2703.8671888774147
8395875019,0.090459088035066082,24.077750168002876,15053.53579633363,10654.235344679388,12.4974609375,0.48619014693809848,75.494959913732473,0.047455398634797245,4.2880101255420806,11.02990087836473,3017.5019457077219,0.088658117361013616,24.937158241100807,24736.537684714327,13932.661669159437,26.99450904392765,0.55775284094041633,28.111827699670954,0.052110175009909991,1.6661427603487298,13.151133355192693,1069.2153754113071,0.08418847560575575,25.509555826142201,21004.234236857432,12786.796707078194,24.404392764857882,0.53871355784174124,36.198131187463602,0.04611776321055841,2.2091599616115714,13.195341174643598,1347.4530017470486,0.087475277339267118,25.162647190693065,25169.529768506502,14197.716827524364,27.375322997416021,0.55888774434927091,26.39832928239375,0.05024060952188715,1.497734708351881,13.454604307963805,1014.6912122141728
8395876655,0.22690731021389932,9.1202886390333955,15390.604530961571,16636.077596912233,17.444379391100703,0.5198302928151538,127.10350729988254,0.11508206939079799,36.70018143676613,5.2012121076315863,615.20092297365329,0.2271719052347583,9.0279334437801619,19573.173593603689,19592.627630915507,20.320550351288055,0.54650584897630672,75.373910538068145,0.12030175366117679,21.127277836578223,5.4380452262381782,376.42462003889648,0.22556321386628175,9.0189483480688697,11746.68338762215,15266.512219637041,10.4931640625,0.47006448067626866,172.49846440204746,0.10396408136958268,49.692456908555265,4.6207753938806198,808.20517449976728,0.22696539007514616,8.874162422942911,17985.0929747759,19396.600702820215,19.659836065573771,0.53121298384627103,95.129038982697523,0.11679783341629099,28.394647022954434,5.1264295465154293,442.91129872837189
8396959750,0.17591127735212969,15.549598685053153,27493.421295308031,17133.204841395211,27.363317757009344,0.55421679809381597,26.031977116509413,0.097071712055415191,7.5025803164010965,8.8168720050608567,304.17115655552237,0.18118375501064801,15.326658266174725,37151.201231064901,20039.307929399605,32.216997663551403,0.5982187897368747,15.839345124239649,0.10804784352632876,4.4567438533682076,9.3397756470667339,189.88858772017298,0.17920397449646017,15.446918871287526,31140.766967736767,18149.81072637334,19.505078125000001,0.57262906764194899,23.143612440670498,0.10515463920365516,7.3679373238682908,8.9675084451981348,256.33813309835182,0.18185965135871154,15.327634811845337,41716.694055778265,21035.572904004483,33.877044392523366,0.6202756977716507,14.133126427863269,0.11400691583118344,3.9903435641847294,9.6790780531259255,168.32639337902495
