10918904,0.0061686746987951804,0.0055421686746987952,0.0029879518072289156,0.042072289156626509,4.8192771084337347e-005,0,0.00014457831325301204,0,0,0.94303614457831331,0,0.13253012048192772,0.17445783132530121,0.060674698795180726,0.41580722891566263,0.0018313253012048193,0,0.00048192771084337347,0.00072289156626506026,0,0.21349397590361446,0,0.017927710843373496,0.74722891566265059,4.8192771084337347e-005,0.13387951807228915,0.0026506024096385541,0,0,0.0012048192771084338,0,0.097060240963855418,0,0.20231325301204819,0.043180722891566263,0.0077590361445783133,0.68024096385542165,0.010506024096385543,0,9.6385542168674694e-005,0.00024096385542168674,0,0.055662650602409637,0,0.25508433734939762,0,0.0040000000000000001,0.73098795180722886,0.006265060240963855,0,9.6385542168674694e-005,0,0,0.003566265060240964,0,0.324144578313253,0.013783132530120482,0.0021204819277108435,0.62737349397590358,0.029927710843373492,0,0,0.001108433734939759,0,0.0015421686746987951,0,0.15166265060240963,0,0.0027951807228915665,0.82120481927710842,0.024337349397590361,0,0,0,0,0,0,0.21257831325301205,0,0.0040963855421686747,0.73744578313253017,0.045831325301204817,0,0,4.8192771084337347e-005,0,0,0,0.33257831325301207,0.00077108433734939755,0.0037108433734939759,0.66096385542168679,0.00091566265060240965,0,0,0.00057831325301204817,0,0.00048192771084337347,0
2058503932,0.86844576229305659,0,0,0.11386212008895479,0,0,0,0,0,0.017692117617988633,0,0.76209537929330373,0,0,0.18774400790709167,0,0,0,0,0,0.050160612799604647,0,0.80360761057573515,0,0,0.13432171979243884,0,0,0,0,0,0.062070669631826045,0,0.61433160365702988,0,0,0.32078082530269336,0,0,0,0,0,0.064887571040276745,0,0.29132690882134915,0,0,0.46241660489251296,0,0,0,0,0,0.24625648628613789,0,0.66345441067457378,0,0,0.26859402026192242,0,0,0,0,0,0.067951569063503831,0,0.72572275759822091,0,0,0.25450951321966891,0,0,0,0,0,0.019767729182110207,0,0.63345688164072156,0,0,0.34603409933283913,0,0,0,0,0,0.020509019026439337,0,0.60864838151717326,0,0,0.37094143810229802,0,0,0,0,0,0.020410180380528786,0
212397073,0.041083251926625423,0.0042874199500705524,0,0.83664387278845109,0,0,5.4271138608488005e-005,0,0,0.11793118419624443,0,0.027027027027027029,0.015901443612286986,0.0060783675241506564,0.87566482144795399,0.0020623032671225443,0,0.00048844024747639206,5.4271138608488005e-005,0,0.07250624118093997,0.00021708455443395202,0.068164550092260939,0.00010854227721697601,0.01796374687940953,0.80560078150439596,0.0025507435145989362,0,0,0,0,0.10561163573211765,0,0.17459025290350591,0.0030391837620753282,0.18756105503093454,0.56154347118202541,0.014110496038206882,0,0.00027135569304244004,0.010148702919787258,0,0.048192771084337352,0.00054271138608488008,0.17350483013133616,0.022576793661131009,0.36036036036036034,0.30153044610875934,0.1203191142950179,0,0.0015195918810376641,0.0089004667317920325,0.0013567784652122002,0.0010311516335612721,0.0089004667317920325,0.57028112449799195,0.030283295343536309,0.18658417453598178,0.14756322587647888,0.024150656680777163,0,0,0.0039075219798111365,0.00054271138608488008,0.03630739172907848,0.00037989797025941602,0.30478671442526867,0,0.49099099099099097,0.057256051231954846,0.025127537175729946,0,0.00086833821773580808,0.00010854227721697601,0.0005969825246933681,0.11755128622598503,0.0027135569304244005,0.26598285032019969,0.0009226093563442961,0.55340280039075218,0.028112449799196786,0.04005210029306415,0.0044502333658960162,0.00032562683165092806,0.0032562683165092803,0.029523499403017475,0.072126343210680566,0.0018452187126885922,0.35829805709323781,0.00037989797025941602,0.42955606208618258,0.018940627374362314,0.018180831433843483,0.015467274503419082,0,0.00021708455443395202,0.052371648757190928,0.10561163573211765,0.00097688049495278412
212998442,0.31379572343427764,0.2945837403668729,0.012156735048301313,0.15098230760881362,0.20563334418756105,0,0.0041246065342450886,0.0011396939107782482,0,0.016281341582546401,0.0013025073266037122,0.31032237056333439,0.39986974926733965,0.0054813849994572884,0.12536633018560731,0.14425268642136113,0,0.0033648105937262563,0.0056441984152827522,0.00032562683165092806,0.0016824052968631281,0.0036904374253771844,0.22815586671008359,0.47053077173559099,0,0.067676109844784546,0.23325735373928144,0,0,5.4271138608488005e-005,0,0,0.00032562683165092806,0.29800282209920764,0.041734505589927279,0.018018018018018018,0.058232931726907633,0.57104092043851085,0,0.0010311516335612721,0.0059155541083251925,5.4271138608488005e-005,0.0048301313361554321,0.0011396939107782482,0.28991642244654292,0.037555627917073703,0.0023336589601649842,0.035818951481602086,0.6238467383045696,0,0.0023879300987734724,0.00075979594051883204,0.00010854227721697601,0.0034733528709432323,0.0037989797025941604,0.42961033322479103,0.06821882123086942,0.00037989797025941602,0.018506458265494411,0.48187343970476498,0,0,0,0,0.0014110496038206881,0,0.13736025181808315,0.01964615217627266,0.0073266037121458806,0.013730598067947465,0.77032454140887874,0,0.00048844024747639206,0.00037989797025941602,0,0.00043416910886790404,0.05030934549006838,0.21865841745359818,0.034028003907521982,0.21529360685987192,0.061760555736459354,0.43509171822424836,0,0.013893411483772929,0.0038532508412026482,0,0.0013567784652122002,0.016064257028112448,0.3946054488223163,0.10870509063280148,0.095137305980679474,0.028058178660588299,0.3696407250624118,0,5.4271138608488005e-005,0.00081406707912732006,0,0,0.0029849126234668404
213986874,0.42981564813470752,0,0.0017781971258528089,0.010233705907969227,0.55606764407025688,0,0,0,0,0.0013790100159674845,0.00072579474524604444,0.17698504862824793,0.00130643054144288,0.044418638409057916,0.035019596458121645,0.5,0.0012338510669182756,0.0091450137901001594,0.00090724343155755549,0.00130643054144288,0.19037596167803744,0.039301785455073304,0.39933226883437362,0.0015604587022789954,0.037995354913630423,0.048519378719698067,0.27681811583684135,0,0.0069676295543620263,0.0010524023806067644,0.00072579474524604444,0.18605748294382349,0.040971113369139209,0.33952678182609958,0.00029031789809841774,0.098708085353462038,0.10876034257511975,0.3532080127739875,0.00130643054144288,0.0041370300479024536,0.0022499637102627377,0.0012701408041805777,0.078276963274785893,0.012265931194658151,0.14682827696327477,0,0.26139497750036289,0.05243867034402671,0.17194077514878792,0.025656844244447669,0.028741471911743359,0.00025402816083611553,0.011358687763100596,0.23904049934678473,0.062345768616635218,0.23795180722891565,0.031354332994629121,0.0063507040209028883,0.22307301495137175,0.29510814341704167,0,0.0013790100159674845,0.020866598925823775,0.00010886921178690666,0.16334010741762231,0.020467411815938454,0.32072869792422704,0.012229641457395848,0.085026854405574101,0.16725939904195095,0.26524168965016692,0.0017781971258528089,0.010161126433444622,0.011032080127739876,0.0053345913775584269,0.10981274495572652,0.011394977500362898,0.18961387719552911,0.071853679779358401,0.071926259253883004,0.33099869356945855,0.026600377413267529,0,0.015423138336478443,0.014334446218609378,0.0013790100159674845,0.27594716214254611,0.0019233560749020177,0.29329365655392653,0.033604296704891859,0.00058063579619683549,0.19832341413848165,0,0,0.00090724343155755549,0.0087095369429525324,0,0.46458121643199302,0
214076516,0.19669037596167804,0.35070402090288866,0.029285817970677891,0.10770794019451299,0.0039555813615909418,0,0.071381913194948465,0.15757003919291623,0.00025402816083611553,0.08165190884017999,0.00079837421977064886,0.12323994774277834,0.1832268834373639,0.030084192190448542,0.2810277253592684,0.0010524023806067644,0.00087095369429525328,0.19287995354913631,0.072543184787342146,0.00751197561329656,0.10578458411961097,0.0017781971258528089,0.18351720133546234,0.020431122078676152,0,0.52460444186384092,0.00039918710988532443,0,0,0.0011249818551313689,0,0.26992306575700392,0,0.22673827841486427,0,0.065720714182029322,0.014370735955871679,0.35277253592683988,0.0034838147771810131,0.025366526346349252,0.0033749455653941064,0.00043547684714762664,0.14886050224996372,0.15887646973435912,0.1161634489766294,0.0025765713456234575,0.14878792277543912,0.036035709101466105,0.061583684134126869,0.014915082014806213,0.21080708375671361,0.023806067644070256,0.020975468137610684,0.32243431557555524,0.041914646537959066,0.16395703295108144,0.0062781245463782841,0.049136304253157209,0.056866018290027583,0.18540426767310206,0,0.045543620264189288,0.0072942371897227465,0.0064232834954274934,0.4472347220206126,0.031862389316301351,0.49201625780229352,0,0.22441573523007693,0.004282188996951662,0.2469516620699666,3.6289737262302218e-005,0.0032660763536072001,0.00032660763536072001,0,0.00032660763536072001,0.028378574539120335,0.1926985048628248,3.6289737262302218e-005,0.20489185658295833,0.044454928146320218,0.21062563507040208,0,0.13982435767165047,0.084881695456524894,0.0011249818551313689,0.091958194222673831,0.029503556394251704,0.19164610248221803,0,0.041588038902598344,0.01324575410074031,0.061982871244012194,0.0016693279140659021,0.28128175352010454,0.17059805487008273,0.043583974452024971,0.17691246915372333,0.017491653360429672
214098967,0.32987371171432717,0.0094353316881985779,0.22800841921904486,0.26299172593990422,0.019233560749020176,0.0081651908840180004,0.027217302946726665,0.016185222818986791,0.0055160400638699378,0.018253737842938017,0.075119756132965593,0.4279648715343301,0.056575700391929162,0.17575119756132965,0.19647263753810423,0.053708811148207289,0.0045725068950500797,0.021919001306430541,0.024422993177529394,0.0037741326752794308,0.03462040934823632,0.00021773842357381332,0.61703440267092469,0.03792277543910582,0.088764697343591228,0.17012628828567281,0.044164610248221804,0.005770068224706053,0.0047539555813615906,0.0068587603425751195,0.0027580200319349689,0.020322252866889243,0.0015241689650166933,0.36598200029031791,0.011939323559297431,0.202569313398171,0.25029031789809841,0.034148642763826391,0.0053345913775584269,0.028342284801858034,0.0084192190448541156,0.004282188996951662,0.077696327478589053,0.010995790390477572,0.24375816519088403,0.0228988242125127,0.19193642038031644,0.27801567716649733,0.010560313543329947,0.014443315430396285,0.039809841776745535,0.0043184787342139645,0.0056249092756568446,0.17567861808680504,0.012955436202641894,0.36358687763100594,0.012302220931920453,0.09395412977210045,0.2895921033531717,0.031100304833793002,0.0056611990129191462,0.017237625199593556,0.002975758455508782,0.019669037596167803,0.14425170561765133,0.019669037596167803,0.28494701698359703,0.0065684424444767018,0.27293511394977499,0.12106256350704021,0.083684134126868925,0.032116417477137463,0.066192480766439257,0.039592103353171725,0.01567716649731456,0.034257511975613296,0.042967048918565828,0.20035563942517057,0.010669182755116854,0.24161707069240818,0.14287269560168384,0.089635651037886482,0.12948178255189433,0.069059370010161131,0.0059152271737552622,0.031826099579039049,0.051241109014370734,0.027326172158513573,0.52438670344026705,0.016185222818986791,0.10879663231238206,0.27387864711859489,0.00029031789809841774,0.00014515894904920887,0.0228988242125127,0.024967339236463926,0.0081651908840180004,0.020068224706053128,0.00021773842357381332
231350390,0.8666909015371832,0,0.076287910261736605,0.027887411715828831,0.028718321562110512,0,5.1931865392604902e-005,0.00036352305774823429,0,0,0,0.51589115081013714,0.0016618196925633569,0.025446614042376404,0.32748234316576652,0.0096593269630245119,0,0.0002596593269630245,0.0001038637307852098,0,0.11933942667220607,0.00015579559617781471,0.4387203988367262,0.0043103448275862068,0.02098047361861238,0.341088491898629,0.0034275031159119234,0,0.0001038637307852098,0.00031159119235562942,0,0.19105733277939344,0,0.74480681346073951,0.00031159119235562942,0.18674698795180722,0.023992521811383463,0.019993768176152886,0.0020253427503115914,0.0022330702118820108,0.0027004570004154549,0.0037390943082675531,0.012619443290402991,0.00083090984628167843,0.28313253012048195,0.0071146655587868719,0.29102617366015787,0.29668674698795183,0.010542168674698794,0.019526381387619442,0.0040506855006231827,0.0040506855006231827,0.0031159119235562942,0.07810552555047777,0.0026485251350228502,0.58921894474449521,0.0014540922309929372,0.033340257582052349,0.29367469879518071,0.0012463647694225177,0,0.00062318238471125885,0.0016618196925633569,0.0001038637307852098,0.078676776069796422,0,0.79725799750727044,0,0.11258828417116742,0.025862068965517241,0.063045284586622355,0,0,0.00031159119235562942,0.0001038637307852098,0.00083090984628167843,0,0.76443705857914412,0.0022850020772746159,0.019734108849189864,0.1091088491898629,0.041805151641046943,0,0.0012463647694225177,0.0046738678853344411,0.0002596593269630245,0.056449937681761528,0,0.8583818030743664,0.003219775654341504,0.022746157041960948,0.010957623597839635,0.0043622766929788115,0,0.0012982966348151226,0.008309098462816784,0.00020772746157041961,0.089997922725384302,0.000519318653926049
240778165,0.0022887323943661972,0.88603286384976521,5.868544600938967e-005,0.011150234741784037,0.0016431924882629107,0,0,0,0,0.09879694835680751,2.9342723004694835e-005,0,0.78295187793427234,0,8.8028169014084512e-005,0,0,0,0,0,0.21696009389671361,0,0.053697183098591547,0.64686032863849763,0.00085093896713615022,0.029724178403755869,0.0041960093896713617,0,0,0.00020539906103286384,0,0.26446596244131454,0,0.11786971830985915,0.059360328638497654,0.24906103286384976,0.29096244131455401,0.1079225352112676,0,0.00020539906103286384,0.00035211267605633805,5.868544600938967e-005,0.1726819248826291,0.0015258215962441314,0.10651408450704225,0.22417840375586853,0.18412558685446009,0.27391431924882631,0.07244718309859155,0,0.00029342723004694836,0.00011737089201877934,0,0.13820422535211269,0.00020539906103286384,0.09375,0.016109154929577464,0.091461267605633806,0.30026408450704223,0.05824530516431925,0,0.00067488262910798123,0.0017018779342723004,0.00023474178403755868,0.4375586854460094,0,0.18887910798122065,0.0077464788732394367,0.39301643192488261,0.27238849765258216,0.12241784037558685,0,0.0017605633802816902,0.0035798122065727701,0.0068955399061032862,0.0014964788732394366,0.0018192488262910799,0.22244718309859154,0.0010856807511737088,0.37520539906103284,0.27922535211267607,0.11276408450704226,8.8028169014084512e-005,0.0011737089201877935,0.0020539906103286387,0.0031103286384976526,0.0011443661971830986,0.0017018779342723004,0.07813967136150235,0.0019953051643192489,0.15390258215962441,0.60842136150234738,0.12860915492957747,0.0070129107981220656,0.00082159624413145535,0.0016138497652582161,0.017488262910798122,0.00064553990610328636,0.0013497652582159625
2641511535,0.021622693909938505,0,0.46462342127884682,0.37386761885869207,0.13486080804073267,0,0.0017853600476096013,0,3.3062223103881503e-005,0.0018514844938173642,0.0013555511472591417,0.019539773854393969,0,0.37343780995834158,0.45853997222773257,0.13876215036699069,0,0.002810288963829928,6.6124446207763005e-005,0.00085961780070091911,0.0040666534417774253,0.0019176089400251273,0.075580242015473115,0,0.39191959267341137,0.33058916881571115,0.19252132513390199,3.3062223103881503e-005,0.0024466045096872314,0,0.00033062223103881507,0.0033723467565959135,0.0032070356410765061,0.30023804800634796,0,0.62900879455134562,0.043047014481253719,0.022184751702704491,0,0.00082655557759703767,0,6.6124446207763005e-005,0.0011571778086358526,0.0034715334259075581,0.21923560140183826,0,0.71176353898036104,0.039443232162930636,0.0153739337433049,0,0.0034054089796997952,0,0.0004959333465582226,0.0061495734973219598,0.0041327778879851878,0.018547907161277525,0,0.72373206374396615,0.16094690206969517,0.03554188983667262,3.3062223103881503e-005,0.011274218078423593,0,0.00026449778483105202,0.024333796204456786,0.025325662897573233,0.1476558883819348,0,0.5960126958936719,0.066851815116048402,0.14418435495602724,3.3062223103881503e-005,0.0018514844938173642,6.6124446207763005e-005,0.00033062223103881507,0.019242213846459036,0.023771738411690804,0.02506116511274218,0,0.88338953911260998,0.014580440388811743,0.034814520928387223,9.9186669311644515e-005,0.008695364676320835,3.3062223103881503e-005,0.0020498578324406533,0.0092243602459829398,0.022052502810288963,0.015175560404681611,0,0.79759307015803738,0.041493089995371289,0.054354294782781191,0,0.01074522250876149,3.3062223103881503e-005,0.00095880447001256365,0.042782516696422669,0.036864378760827876
2642332428,0.19354625405012232,0.085994842293195789,0.13419956357865503,0.31038815049923957,0.1642861866031872,0,0.003273160087284269,0.04655161013026516,0.00026449778483105202,0.050948885803081399,0.010546849170138201,0.090061495734973226,0.34979832043906633,0.026515902929312968,0.29835350128942673,0.01097665807048866,0,0.01011704026978774,0.16848508893738015,0.00019837333862328903,0.045328307875421546,0.00016531111551940753,0.19886927196984724,0.013621635918799181,0.26582027375520728,0.19959664087813264,0.17790782252198639,0.00023143556172717052,0.002545791178998876,0.026548965152416847,0.0078688090987237974,0.034715334259075581,0.072274019705084971,0.19936520531640547,0.018812404946108575,0.38335647688950603,0.11522184751702705,0.22773259273953581,0,0.00042980890035045955,0.012960391456721549,0.0023804800634794686,0.012828142564306024,0.026912649606559546,0.43341268266878263,0.013886133703630232,0.25355418898366727,0.19262051180321366,0.051378694703431857,3.3062223103881503e-005,0.0009918666931164452,0.046518547907161277,0.00069430668518151157,0.0033392845334920319,0.0035707200952192026,0.38943992594062027,0.00059512001586986714,0.28922832771275542,0.03709581432255505,0.19883620974674338,0.00023143556172717052,3.3062223103881503e-005,0.012497520333267209,0.0076043113138927459,0.014613502611915625,0.049824770217549427,0.42108047345103483,0.00023143556172717052,0.350724062685975,0.035244329828737687,0.17823844475302519,0,0,0.0037029689876347284,0.0011902400317397343,0,0.0095880447001256367,0.47645969715003639,0.00056205779276598559,0.34831052039939164,0.091912980228790589,0.069992726310917144,0,6.6124446207763005e-005,0.0077696224294121537,0.00076043113138927457,0,0.0041658401110890699,0.52542484956688484,0.00026449778483105202,0.29048469219070289,0.0023474178403755869,0.1608807776234874,0,0,0.0031078489717648616,0.00013224889241552601,0,0.01735766712953779
2642337822,0.097930304833697024,3.3062223103881503e-005,0.54294782781194206,0.18237122264101038,0.069893539641605495,0,0.0062487601666336044,0.004727897903855055,0,0.0068769424056073529,0.08897044237254513,0.14775507505124644,0,0.50429808900350459,0.084044171130066792,0.08182900218210673,0,0.010083978046683859,0.0060173246049064341,3.3062223103881503e-005,0.023308867288236459,0.14263043047014481,0.2579514646564835,0,0.36365139191959267,0.047741850162004891,0.26724194934867418,0,0.0030417245255570983,0.0018514844938173642,0,0.0053560801428288035,0.05316405475104146,0.070687032996098659,3.3062223103881503e-005,0.76016663360444359,0.082391059974872713,0.042352707796072205,0,0.0037360312107386101,0.00039674667724657806,6.6124446207763005e-005,0.0062818223897374856,0.033888778681478542,0.17999074257753092,0,0.49206506645506842,0.12285922105402368,0.10007934933544932,0,0.0057528268200753817,0.00089268002380480066,0.00016531111551940753,0.034979832043906631,0.063214970574621443,0.43933082060437745,0,0.1628314487866164,0.0611320505190769,0.33630893341268264,0,3.3062223103881503e-005,3.3062223103881503e-005,0,0,0.00033062223103881507,0.0064140712821530122,0,0.85624545394432316,0.054651854790716131,0.059875686041129403,3.3062223103881503e-005,0.0037029689876347284,0,0.0014216755934669048,0.00056205779276598559,0.017093169344706737,0.47606295047278979,0,0.37872776565496263,0.021920253917873438,0.11704026978774053,0,0.0012894267010513786,9.9186669311644515e-005,0.00026449778483105202,0.0010249289162203266,0.0035707200952192026,0.61098988295973022,0,0.056635588176949019,0.012497520333267209,0.31987700853005357,0,0,0,0,0,0
2705567565,0.17479836702180623,0.55854824255700486,0.013641342228417803,0.038882803943044907,4.9785920541670816e-005,0,0,0.00014935776162501243,0,0.21393010056755948,0,0.037986657373294833,0.86433336652394699,4.9785920541670816e-005,0.013143483023001095,0,0,0,0,0,0.084486707159215371,0,0.077715821965548146,0.88389923329682363,0,0.033356566762919447,0,0,0,0,0,0.0050283779747087526,0,0.44309469282087027,0.00074678880812506228,0.049586776859504134,0.18361047495768196,0.00014935776162501243,0,0,0,0,0.32281190879219357,0,0.47341431843074777,0.063427262770088616,0.0062232400677088521,0.35467489793886287,9.9571841083341631e-005,0,0,0.00024892960270835409,0,0.10191177934880016,0,0.78084237777556509,0.051876929204420989,9.9571841083341631e-005,0.14801354177038734,9.9571841083341631e-005,0,0,0,0,0.019068007567459921,0,0.83421288459623621,0,0.0056755949417504727,0.16011152046201335,0,0,0,0,0,0,0,0.69680374390122468,0.0049288061336254111,0.0066215274320422183,0.29144677885094095,0.00019914368216668326,0,0,0,0,0,0,0.82241362142786023,0.00089614656975007471,0.00079657472866673305,0.17579408543263966,9.9571841083341631e-005,0,0,0,0,0,0
2806044371,0.22135051835247968,0,0,0.35532828990380128,0,0,0,0,0,0.42332119174371907,0,0.034883720930232558,0,0,0.30834967778089101,0,0,0,0,0,0.65676660128887643,0,0.061174932287288687,0,0,0.29802932660876064,0,0,0,0,0,0.64079574110395066,0,0.39123937610908749,0,0,0.30550107406369664,0,0,0,0,0,0.30325954982721581,0,0.26711497151396285,0,0,0.46866535911086205,0,0,0,0,0,0.2642196693751751,0,0.25950312879424675,0,0,0.50630428691510232,0,0,0,0,0,0.23419258429065098,0,0.35990473521994959,0,0,0.30115812085551508,0,0,0,0,0,0.33893714392453533,0,0.33076492014569908,0,0,0.31418698048005977,0,0,0,0,0,0.35504809937424114,0,0.34407397029980386,0,0,0.23690109274306528,0,0,0,0,0,0.41902493695713083,0
2806167129,0.081809756508551684,0,0,0.30861909175162189,0,0,0,0,0,0.60957115173982646,0,0.077597101693487242,0,0,0.33465329850872022,0,0,0,0,0,0.58774959979779262,0,0.085095627264301962,0,0,0.42008593815822731,0,0,0,0,0,0.49481843457747071,0,0.3709663830145758,0,0,0.49810430533322098,0,0,0,0,0,0.13092931165220323,0,0.28641840087623222,0,0,0.53833515881708649,0,0,0,0,0,0.17524644030668127,0,0.39830651276434409,0,0,0.49823068497767292,0,0,0,0,0,0.10346280225798297,0,0.28894599376527086,0,0,0.52409638554216864,0,0,0,0,0,0.18695762069256044,0,0.37690622630381665,0,0,0.36574269104389584,0,0,0,0,0,0.25735108265228746,0,0.62359929227399102,0,0,0.27887774875726684,0,0,0,0,0,0.097522958968742107,0
2807015536,0.036493079757044709,0,0,0.28641840087623222,0,0,0,0,0,0.6770885193667231,0,0.049288061336254109,0,0,0.38857910982774069,0,0,0,0,0,0.56213282883600513,0,0.006472169670417206,0,0,0.32749178532311063,0,0,0,0,0,0.66603604500647218,0,0.32863686149556903,0,0,0.46201334262670518,0,0,0,0,0,0.20934979587772579,0,0.1744996514985562,0,0,0.63287862192571942,0,0,0,0,0,0.19262172657572438,0,0.16494075475455541,0,0,0.59543960967838294,0,0,0,0,0,0.23961963556706165,0,0.56053967937867166,0,0,0.35357960768694613,0,0,0,0,0,0.085880712934382153,0,0.29811809220352486,0,0,0.42502240366424376,0,0,0,0,0,0.27685950413223143,0,0.34795379866573733,0,0,0.43353579607686948,0,0,0,0,0,0.21851040525739321,0
2807015698,0.40096385542168672,0,0,0.47445783132530123,0,0,0,0,0,0.12457831325301205,0,0.16024096385542169,0,0,0.60236144578313255,0,0,0,0,0,0.23739759036144578,0,0.091614457831325297,0,0,0.77556626506024096,0,0,0,0,0,0.13281927710843375,0,0.35990361445783131,0,0,0.38833734939759035,0,0,0,0,0,0.25175903614457834,0,0.25942168674698796,0,0,0.41918072289156627,0,0,0,0,0,0.32139759036144577,0,0.36616867469879516,0,0,0.43479518072289158,0,0,0,0,0,0.19903614457831326,0,0.6135421686746988,0,0,0.24679518072289156,0,0,0,0,0,0.13966265060240965,0,0.18636144578313252,0,0,0.17706024096385542,0,0,0,0,0,0.63657831325301206,0,0.41253012048192772,0,0,0.35730120481927713,0,0,0,0,0,0.23016867469879518,0
3125050953,0.022308793660306997,0.016548463356973995,0.0037625278859920756,0.8333832783937668,3.3296706955682086e-005,0,0.0010654946225818268,0.00013318682782272834,0,0.12276495854559984,0,0.070455831918223286,0.015582858855259216,0.008357473445876203,0.81636866113941331,0.00013318682782272834,0,3.3296706955682086e-005,3.3296706955682086e-005,0,0.089035394399493886,0,0.14823693936669663,0.0031631871607897977,0.0012652748643159192,0.84327240035960449,0,0,3.3296706955682086e-005,3.3296706955682086e-005,0,0.0039956048346818504,0,0.05480637964905271,0.018945826257783106,3.3296706955682086e-005,0.77811074484733456,0.00016648353477841042,0,0.0001997802417340925,3.3296706955682086e-005,0,0.14770419205540572,0,0.21060167149468917,0.00089901108780341625,0.0012652748643159192,0.7487763460193787,0.00093230779475909833,0,0,0,0,0.037525388739053707,0,0.087703526121266612,0.00079912096693637001,0.0022308793660306995,0.89065361435754009,0.00026637365564545669,0,9.9890120867046251e-005,0,0,0.018246595411713782,0,0.223187826723937,0.022575167315952452,0.0009656045017147804,0.70479139613092268,9.9890120867046251e-005,0,0.0001997802417340925,0,0,0.048180334964871972,0,0.11420770485798955,0.00069923084606932377,0.004661538973795492,0.78390437185762329,0.000399560483468185,0,0.0010987913295375088,3.3296706955682086e-005,0,0.094995504944560979,0,0.13355309159924084,0.00043285719042386708,6.6593413911364172e-005,0.82878833283388276,9.9890120867046251e-005,0,0.00016648353477841042,0,0,0.036892751306895746,0
321559803,0.051613849765258214,0.0057218309859154931,0.023210093896713614,0.74862089201877935,0.0088615023474178396,0,0.0055164319248826293,0.0030516431924882629,0,0.1534037558685446,0,0.00023474178403755868,0.0030516431924882629,0.0015258215962441314,0.48890845070422534,0.00035211267605633805,0,0.034595070422535214,0.00035211267605633805,0,0.47098004694835682,0,0.012646713615023474,0.0038732394366197184,0.02699530516431925,0.78923122065727702,0.011384976525821596,0,0.0046068075117370894,0.0022593896713615025,0.00017605633802816902,0.14882629107981221,0,0.19806338028169015,0.0019072769953051643,0.0058978873239436619,0.7499706572769953,0.0013791079812206573,0,0.0053110328638497654,0.0048415492957746475,0,0.032629107981220658,0,0.080399061032863844,0.01948356807511737,0.10759976525821596,0.59885563380281692,0.00099765258215962446,0,0.024471830985915492,0.016842723004694835,0.0054577464788732391,0.14589201877934271,0,0.13726525821596244,0.026672535211267605,0.12687793427230046,0.60108568075117375,0.022623239436619719,0,0.0074530516431924885,0.0097711267605633811,0.0012323943661971832,0.067018779342723003,0,0.039553990610328639,0.00020539906103286384,0.00020539906103286384,0.95223004694835678,0.0020246478873239436,0,0,0.0032863849765258214,0,0.002494131455399061,0,0.047593896713615025,0.0031690140845070424,0.0034624413145539906,0.89958920187793423,0.0047828638497652582,0,0.00096830985915492959,0.0065727699530516428,0,0.033832159624413147,2.9342723004694835e-005,0.063086854460093891,0.01754694835680751,2.9342723004694835e-005,0.75401995305164315,0.025440140845070423,0,0.0030516431924882629,0.0198943661971831,0,0.11693075117370892,0
33740121,0.097799295774647882,0.029225352112676056,0.01807511737089202,0.19125586854460094,0.18271713615023474,0,0.0023767605633802816,0.034917840375586852,0.00011737089201877934,0.44193075117370895,0.0015845070422535212,0,0,0,0,0,0,0,0,0,1,0,0.0058098591549295775,0.0060152582159624414,0.0043133802816901412,0.049090375586854459,0.0022300469483568074,0,0.00029342723004694836,0.0044307511737089198,0,0.92781690140845074,0,0.052582159624413143,0.019571596244131455,0.011208920187793427,0.3180164319248826,0.37150821596244132,0,0.0014964788732394366,0.0054870892018779342,8.8028169014084512e-005,0.22004107981220658,0,0.045539906103286384,0.15316901408450703,0.025762910798122065,0.17212441314553992,0.053521126760563378,0,0.0011443661971830986,0.00058685446009389673,2.9342723004694835e-005,0.5481220657276995,0,0.084624413145539909,0.0099471830985915499,0.0064260563380281691,0.58920187793427226,0.04040492957746479,0,0.0011443661971830986,0.0092723004694835673,5.868544600938967e-005,0.25892018779342724,0,0.11085680751173708,0.0034917840375586853,0.027699530516431925,0.065669014084507038,0.75912558685446008,0.0006161971830985916,0.0024354460093896713,0.0050176056338028172,0.017899061032863851,0.0043427230046948354,0.002846244131455399,0.17414906103286384,0.055692488262910796,0.088409624413145538,0.39642018779342725,0.19078638497652581,0.00090962441314553996,0.011120892018779343,0.018603286384976526,0.037411971830985914,0.02323943661971831,0.0032570422535211268,0.27065727699530517,0.036091549295774648,0.097388497652582159,0.35308098591549297,0.10020539906103286,0.0015845070422535212,0.0087147887323943667,0.028433098591549296,0.035856807511737088,0.032775821596244134,0.035211267605633804
3411870792,0.022554216867469879,0,0.049301204819277106,0.18187951807228916,0.01036144578313253,0,0.0062168674698795182,0.0026506024096385541,4.8192771084337347e-005,0.7265542168674699,0.00043373493975903612,0,0.0012048192771084338,0,0,0,0,0,0,0,0.99879518072289153,0,0.061975903614457831,0.21402409638554218,0.041879518072289158,0.12134939759036145,0.008481927710843374,0,0.0099277108433734936,0.0019759036144578312,0.00043373493975903612,0.53653012048192772,0.0034216867469879517,0.27301204819277108,4.8192771084337347e-005,0.014795180722891566,0.6179277108433735,0.039084337349397591,0,0.00053012048192771087,0.0013975903614457832,0,0.053156626506024096,4.8192771084337347e-005,0.19465060240963855,0.001783132530120482,0.026265060240963856,0.60043373493975905,0.043614457831325303,0,9.6385542168674694e-005,0.00043373493975903612,0,0.13272289156626507,0,0.17759036144578313,0.023132530120481928,0.10660240963855422,0.44115662650602411,0.037638554216867473,0,0.0094457831325301198,0.00043373493975903612,0.00048192771084337347,0.20004819277108435,0.003469879518072289,0.62587951807228914,0.020192771084337348,0.012192771084337349,0.31306024096385543,0.023132530120481928,0,0.0010120481927710842,0.0011566265060240963,9.6385542168674694e-005,0.0032771084337349398,0,0.63228915662650598,0.0026024096385542169,0.017734939759036145,0.27392771084337347,0.030506024096385542,0,0.0041445783132530124,0.010698795180722892,0.00077108433734939755,0.027277108433734938,4.8192771084337347e-005,0.75267469879518067,0.00086746987951807225,0.025301204819277109,0.12462650602409639,0.048192771084337352,0,0.0015421686746987951,0.02766265060240964,0.009590361445783133,0.0071807228915662649,0.00236144578313253
349577230,0.90351807228915659,0.00038554216867469878,0.00081927710843373496,0.092048192771084336,0,0,4.8192771084337347e-005,0.0031807228915662652,0,0,0,0.91161445783132533,0,0.0082409638554216871,0.07701204819277109,0,0,4.8192771084337347e-005,0.0030843373493975902,0,0,0,1,0,0,0,0,0,0,0,0,0,0,0.35286746987951806,0.061542168674698798,0.26669879518072287,0.16949397590361445,0.00019277108433734939,0,0.139855421686747,0.0087228915662650609,0.00057831325301204817,4.8192771084337347e-005,0,0.35074698795180725,0,0.41089156626506024,0.20202409638554217,0.00014457831325301204,0,0.027325301204819276,0.0088674698795180723,0,0,0,0.57016867469879517,0,0.39768674698795181,0,0.0013012048192771084,0.019277108433734941,0.00028915662650602408,0.00043373493975903612,0.0019277108433734939,0.0021204819277108435,0.0067951807228915665,0.47069879518072288,0,0.52245783132530121,0,0.00062650602409638557,0,0,4.8192771084337347e-005,0.0061686746987951804,0,0,0.26800000000000002,0,0.69836144578313253,0,9.6385542168674694e-005,0.028481927710843374,0,4.8192771084337347e-005,0.0050120481927710845,0,0,0.27171084337349399,0.010650602409638554,0.68433734939759039,0.0038554216867469878,0.0010602409638554217,0.0083855421686746985,0.0010120481927710842,0.0037108433734939759,0.00043373493975903612,0.014746987951807228,9.6385542168674694e-005
3750868472,0.089438836426788237,0.02067730380983393,0.049332464995115601,0.73971561923369156,0.0091175512862259854,0,0.00070552480191034403,0.00037989797025941602,0,0.090198632367307061,0.00043416910886790404,0.1384999457288614,0.10078150439596223,0.10827092152393357,0.5359274937588191,0.014327580592640833,0,0.00037989797025941602,0.00054271138608488008,0,0.10072723325735373,0.00054271138608488008,0.075274069249972861,5.4271138608488005e-005,0.65147074785629,0.1551611852816672,0.014870291978725714,0,0.0050472158905893842,0.0027135569304244005,0.0051557581678063607,0.075762509497449254,0.014490394008466297,0.031205904699880604,0.00021708455443395202,0.079235862368392487,0.83148811462064476,0.0079778573754477368,0,0.00043416910886790404,5.4271138608488005e-005,0,0.049115380440681644,0.00027135569304244004,0.19358515141647673,0.080646911972213173,0.28150439596222726,0.3555845001628134,0.020568761532616955,0.0024964723759904484,0.0046130467817214809,0.014978834255942689,0.016661239552805816,0.029197872571366548,0.00016281341582546403,0.37240855313144472,0.00016281341582546403,0.57880169325952457,0.028275263215022252,0.017203950938890697,0,0.00021708455443395202,0.00032562683165092806,0.0014110496038206881,0.00097688049495278412,0.00021708455443395202,0.33192228372951266,0.0020623032671225443,0.17486160859654837,0.48518397915988276,0.0040703353956366003,0,5.4271138608488005e-005,0.00027135569304244004,0,0.0015738630196461521,0,0.5029849126234669,0.0084662976229241283,0.20601324215782046,0.22826440898730055,0.020840117225659396,0.0016281341582546401,0.0066753500488440243,0.0039075219798111365,0.0086833821773580813,0.012428090741343753,0.00010854227721697601,0.52594160425485725,0.0054813849994572884,0.2800933463584066,0.16265060240963855,0.013242157820471074,0,0.0038532508412026482,0.00037989797025941602,0.00070552480191034403,0.0070009768804949529,0.00065125366330185612
3792929967,0.97964832302181704,0.0077607728210137847,0,0.012590904157169217,0,0,0,0,0,0,0,0.82410723976989042,0.038261152718984046,0.043037012916530989,0.036036036036036036,0.00016281341582546403,0.040974709649408442,0.00048844024747639206,5.4271138608488005e-005,0.00081406707912732006,0.0068381634646694891,0.0092260935634429619,0.87696732877455774,0,0.12270704439379138,0,5.4271138608488005e-005,0.00027135569304244004,0,0,0,0,0,0.93406056659068704,0.027841094106154346,0,0.038098339303158583,0,0,0,0,0,0,0,0.36068598719201128,0.0027678280690328883,0.33990014110496036,0.0087919244545750577,0.00016281341582546403,0.13334418756105504,0.025073266037121459,0,0.005427113860848801,0.077879083903180282,0.045967654401389342,0.48561814826875066,0,0.36481059372625635,0,0,0.10013025073266037,0.0014653207424291761,0,0.0005969825246933681,0.037772712471507652,0.0096059915337023769,0.99435580158471726,5.4271138608488005e-005,0.00027135569304244004,0.0052643004450233363,5.4271138608488005e-005,0,0,0,0,0,0,0.8305655052643004,0.0028763703462498643,0.14843156409421471,0.014056224899598393,0.00027135569304244004,0.0035276240095517206,0,0,0.00010854227721697601,0,0.00016281341582546403,0.68555302290242048,0,0.22310865081949419,0,0,0.05530229024204928,0.0031477260392923042,0,0,0.030446108759361771,0.0024422012373819602
3849268410,0.21665038532508413,0.51568435905785304,0.098339303158580263,0.0032019971779007925,0.044610875936177144,0.020568761532616955,0.0014110496038206881,0.00097688049495278412,0.006621078910235537,0.0013025073266037122,0.090632801476174973,0.094757408010420055,0.68370780418973187,0.080646911972213173,0.0041246065342450886,0.026864213611201563,0.012482361879952242,0.00032562683165092806,0.00037989797025941602,0.0015738630196461521,0.0031477260392923042,0.091989579941387165,0.17241940735916639,0.51318788668186255,0.10110713122761315,0.0030934549006838164,0.043525453164007383,0.027461196135894931,0.00081406707912732006,0.0010311516335612721,0.0042331488114620642,0.0029849126234668404,0.13014219038315425,0.27352653858677956,0.0053185715836318245,0.19211983067404753,0.0090632801476174963,0.10235536741560838,0.04455660479756865,0.00075979594051883204,0.00048844024747639206,0.0073808748507543688,0.0041788776728535768,0.36025181808314338,0.0990990990990991,0.002008032128514056,0.17491587973515685,0.016878324107239769,0.11972213177032454,0.025073266037121459,0.00043416910886790404,5.4271138608488005e-005,0.0059698252469336808,0.0081949419298816897,0.54765005969825242,0.1393682839465972,0.0012482361879952242,0.16433300770650169,0.0092260935634429619,0.068978617171388257,0.058612829697167045,0.00032562683165092806,0.00032562683165092806,0.0065668077716270487,0.0034190817323347445,0.54759578855964397,0.34467600130250731,0.00070552480191034403,0.28942798219906651,0.023553674156083795,0.10420058612829697,0.017909475740801043,0.0026592857918159123,0.0010854227721697602,0.0051557581678063607,0.012753717572994681,0.19787257136654726,0.32747205036361665,0.00027135569304244004,0.28584608705090631,0.022793878215564962,0.1181482687506784,0.015195918810376642,0.0013567784652122002,0.00037989797025941602,0.0036361662867686966,0.0045587756431129927,0.2203408227504613,0.3217735808097254,0.00070552480191034403,0.28079887116031693,0.015413003364810593,0.099316183653533049,0.019700423314881147,0.00065125366330185612,0.00070552480191034403,0.0055899272766742648,0.0034733528709432323,0.25187235428199284
43755049,0.037121278395007729,0.0020412329046744235,0.0044032309800833992,0.47266205931239613,0.0068235499956259297,0,0.037121278395007729,0.0085731781996325786,5.8320940133554953e-005,0.43119587087743855,0,0.21187997550520515,0.0050156008514857259,0.10725220890560756,0.27970722888052957,0.015659172425859506,0,0.07132650978333771,0.016854751698597382,0.00069985128160265941,0.29128393549704024,0.00032076517073455224,0.21193829644533871,0.059662321756626717,0.0037908611086810719,0.63654390108768555,0.073950952089347682,0,0.00087481410200332432,0.0032368121774123001,2.9160470066777477e-005,0.009972880762837897,0,0.085469337765724782,0.01883766366313825,0.037383722625608726,0.59875193188114195,0.042865890998162889,0,0.017875368150934594,0.01513428396465751,0.079141515761234071,0.1044819642492637,5.8320940133554953e-005,0.18365264048056454,0.018050330971335259,0.32026944274341701,0.26571020324847638,0.016184060887061501,0,0.049631120053655262,0.027090076692036277,0.085877584346659666,0.033359577756393435,0.00017496282040066485,0.24340244364739161,0.029510395707578806,0.18041582830315225,0.46805470504184526,0.0491937130026536,0,0.010876855334907998,0.010643571574373779,0.004082465809348847,0.0024203190155425306,0.0013997025632053188,0.59140349342431398,0.11527133817397137,0.004140786749482402,0.13947452832939666,0.040591374332954247,0,0.0024786399556760855,0.03583821771206952,0.039395795060216371,0.031405826261919345,0,0.43070014288630332,0.015950777126527281,0.41049193713002652,0.064094713206776899,0.020470649986877788,0,0.00096229551220365671,0.02114134079841367,0.035867378182136297,0.00032076517073455224,0,0.45204560697518442,0.033009652115592106,0.23547079578922811,0.16568979091942962,0.077071122386492871,0,0.0015163444434724287,0.021112180328346893,0.00081649316186976938,0.013209692940250197,5.8320940133554953e-005
4602025720,0.0096147662229082251,0,0.0010611614894848543,0.14791948035243424,0.14438227538748472,0,0,0,0,0.69699016013891568,3.2156408772268315e-005,0.058331725512894721,0,0.0074281304263939807,0.043668403112740367,0.23406649945334104,0,0,0,0,0.6494951443822754,0.0070100971123544919,0.040870795549553023,0,0.0063348125281368576,0.021384011833558429,0.13261302977683453,0,0,0,0,0.79825069136278859,0.00054665894912856133,0.19653997041610394,0,0.026625506463438163,0.10151778249405106,0.60827062833622736,0,0,0,0,0.0064634381632259312,0.060582674126953499,0.18946556048620489,0,0.024085150170428966,0.072834265869187731,0.53286384976525825,0,0,0,0,0.036240272686346386,0.1445109010225738,0.24760434754646601,0,0.019518940124766865,0.066435140523506339,0.49630201299118915,0,0,0,0,0.017235835101935815,0.15290372371213584,0.39758183806032543,0,0.013441378866808155,0.061675992025210624,0.51299118914399644,0,0,0,0,0.0010290050807125861,0.013280596822946814,0.26738053894141101,0,0.020483632387934915,0.044150749244324397,0.57595343752009776,0,0,0,0,0.0073959740176217119,0.084635667888610197,0.090102257379895814,0,0.040677857096919415,0.061322271528715673,0.75393916007460282,0,0,0,0,0.0031191716509100264,0.050839282268956204
4843716472,0.037089201877934269,0.043984741784037558,0.10478286384976526,0.51373239436619722,0.032365023474178405,0.00011737089201877934,0.13576877934272299,0.019630281690140847,5.868544600938967e-005,0.10545774647887324,0.0070129107981220656,0.061561032863849764,0.086971830985915488,0.055545774647887326,0.44105046948356808,0.10786384976525822,0,0.10357981220657277,0.012089201877934273,0,0.12074530516431925,0.010592723004694835,0.06147300469483568,0.071478873239436622,0.039906103286384977,0.4801349765258216,0.06006455399061033,0,0.065815727699530521,0.011384976525821596,0.00020539906103286384,0.20296361502347418,0.0065727699530516428,0.028755868544600938,0.013497652582159625,0.17435446009389671,0.46053403755868544,0.017693661971830987,5.868544600938967e-005,0.13714788732394367,0.020099765258215961,5.868544600938967e-005,0.12708333333333333,0.020715962441314555,0.028961267605633802,0.018163145539906105,0.094600938967136144,0.49891431924882629,0.020627934272300471,0.00029342723004694836,0.095862676056338025,0.0084800469483568078,2.9342723004694835e-005,0.21546361502347419,0.018603286384976526,0.1034037558685446,0.038028169014084505,0.049383802816901405,0.50912558685446008,0.065727699530516437,5.868544600938967e-005,0.085534037558685452,0.012588028169014085,0.0015551643192488263,0.13163145539906104,0.0029636150234741785,0.041285211267605634,0.017899061032863851,0.14903169014084508,0.36505281690140845,0.098562206572769956,0.00064553990610328636,0.070745305164319247,0.0094483568075117378,0.00052816901408450699,0.20977112676056339,0.037030516431924884,0.046801643192488265,0.034624413145539906,0.12467723004694836,0.31123826291079815,0.14019953051643191,0.00096830985915492959,0.10302230046948357,0.010299295774647887,0.0048708920187793426,0.20968309859154929,0.013615023474178404,0.10601525821596244,0.078051643192488265,0.096713615023474184,0.50666079812206577,0.082981220657276991,0,0.040375586854460091,0.016842723004694835,0.00073356807511737085,0.059066901408450702,0.012558685446009389
4843718812,0.021566901408450703,0.017077464788732396,0.15134976525821597,0.52388497652582156,0.022300469483568074,0,0.040023474178403753,0.0019072769953051643,0,0.19022887323943663,0.031660798122065729,0.078843896713615025,0.036795774647887323,0.077230046948356806,0.58447769953051643,0.0454518779342723,0.00055751173708920186,0.053814553990610331,0.0041079812206572773,0,0.11294014084507042,0.0057805164319248824,0.090111502347417841,0.017781690140845071,0.089730046948356804,0.60971244131455404,0.050146713615023472,0,0.061150234741784035,0.0065434272300469486,0.00046948356807511736,0.066666666666666666,0.0076877934272300465,0.025469483568075116,0.0097417840375586852,0.15038145539906103,0.52309272300469478,0.056367370892018778,0,0.054929577464788736,0.020950704225352113,8.8028169014084512e-005,0.12397300469483569,0.035005868544600936,0.023386150234741783,0.017869718309859155,0.078638497652582157,0.52640845070422537,0.022447183098591551,0,0.067048122065727703,0.0058098591549295775,0.00052816901408450699,0.25545774647887326,0.0024061032863849766,0.14269366197183098,0.032717136150234742,0.12153755868544601,0.47362089201877933,0.14841549295774648,0,0.024207746478873238,0.0039319248826291077,0,0.051731220657276998,0.0011443661971830986,0.02426643192488263,0.045774647887323945,0.089759389671361503,0.35305164319248827,0.076613849765258216,8.8028169014084512e-005,0.030751173708920186,0.0016725352112676056,2.9342723004694835e-005,0.37045187793427231,0.0075410798122065728,0.049266431924882628,0.01517018779342723,0.17737676056338028,0.5030223004694836,0.07115610328638497,0.00011737089201877934,0.064231220657276988,0.017341549295774649,0.02852112676056338,0.057188967136150237,0.016607981220657278,0.047095070422535211,0.015962441314553991,0.19950117370892018,0.57869718309859153,0.037294600938967137,0,0.023943661971830985,0.0046068075117370894,0,0.064818075117370894,0.028080985915492958
5004381056,0,0.75970266040688572,0,0,0,0,0,0,0,0.24029733959311425,0,0,0.43204225352112674,0,0,0,0,0,0,0,0.5679577464788732,0,0,0.17730829420970265,0,0,0,0,0,0,0,0.82269170579029738,0,0.0097026604068857596,0.23990610328638498,0.071361502347417838,0.065532081377151802,0.24233176838810641,0.0014475743348982785,0.030985915492957747,0.0021517996870109544,0.00046948356807511736,0.29205790297339596,0.044053208137715183,0.0034820031298904539,0.27018779342723004,0.086815336463223786,0.068622848200312989,0.22120500782472613,0.0031690140845070424,0.029460093896713616,0.0010172143974960877,0.00023474178403755868,0.25395148669796558,0.061854460093896717,0.026251956181533646,0.47300469483568075,0.079694835680751169,0.067370892018779341,0.19041471048513303,0.0015649452269170579,0.033137715179968698,0.0070422535211267607,0.001486697965571205,0.090023474178403756,0.030007824726134585,0.35140845070422533,0.0049295774647887328,0.20727699530516433,0.030125195618153366,0.21404538341158058,0.0078638497652582153,0.040219092331768388,0.0065727699530516428,0.0038732394366197184,0.029029733959311424,0.10465571205007825,0.18509389671361504,0.0019953051643192489,0.22824726134585291,0.041979655712050076,0.27922535211267607,0.024374021909233178,0.05152582159624413,0.0074726134585289513,0.0029733959311424099,0.056377151799687011,0.12073552425665102,0.22327856025039122,0.012832550860719875,0.22613458528951486,0.092410015649452268,0.29984350547730831,0.0070422535211267607,0.033646322378716745,0.033998435054773082,0.010328638497652582,0.020618153364632238,0.039866979655712051
6050568412,0.022367752160521514,0.0017044944828204897,0.17885230704823421,0.058580784067462095,0.0019138183666756376,0,0.017523399419873808,0.0069674949911784937,0.011303489728177985,0.70057713585120063,0.00020932388385514787,0.0018839149546963309,0.089381298406148141,0.00047845459166890941,0.0089112167698334379,8.971023593792052e-005,0,5.9806823958613676e-005,5.9806823958613676e-005,0,0.89913579139379807,0,0.030232349511079216,0.36506085344337791,0.0061900062797165161,0.058401363595586259,0.00026913070781376156,0,0.0012260398911515804,0.0015250740109446488,5.9806823958613676e-005,0.5370353757363715,0,0.066445381418019797,0.00047845459166890941,0.43518435453485244,0.27149307736012679,0.0062199096916958222,0.00032893753177237522,0.023533985227714483,0.0055620346281510724,0.0013157501270895009,0.18791304087796418,0.0015250740109446488,0.05185251637211806,0.19598696211237701,0.29936305732484075,0.24972339343919142,0.010735324900571155,0,0.020962291797494093,0.0023025627224066265,0.001106426243234353,0.1657247091893185,0.002242755898448013,0.055919380401303787,0.067432194013336916,0.22065727699530516,0.30020035286026137,0.029215633503782781,0.00050835800364821626,0.013037887622977782,0.0013157501270895009,0.003349182141682366,0.30752668879519152,0.00083729553542059149,0.026225292305852098,0,0.31972728088274871,0.19431237104153584,0.0012260398911515804,2.9903411979306838e-005,0.0056816482760682994,0.0004485511796896026,0.00113632965521366,0.45097335605992644,0.0002392272958344547,0.03444873060016148,0.00047845459166890941,0.30516431924882631,0.26428635507311382,0.0057115516880476063,0.00038874435573098889,0.028916599383989713,0.0024221763703238539,0.0035884094375168208,0.35292006817977933,0.001674591070841183,0.033641338476720191,0.0012260398911515804,0.2466134385933435,0.16123919739242248,0.0062797165156544361,0.0010466194192757393,0.017672916479770342,0.0016446876588618762,0.081576507879549051,0.44873060016147842,0.00032893753177237522
6055125569,0.40490238146320534,0.019416434241579059,0.1786633769577344,0.30079382106844027,0.017807337481227203,0,0.012980047200171638,0.021079167560609312,0.0042372881355932203,0.039315597511263678,0.00080454838017592794,0.13334048487449046,0.028373739540871058,0.23642995065436601,0.36129585925767005,0.070907530572838454,0.00091182149753271831,0.026925552456554386,0.0042372881355932203,0.0016090967603518559,0.10115854966745334,0.034810126582278479,0.27612100407637846,0.019201888006865481,0.31136022312808409,0.19142887792319244,0.092898519630980475,0,0.013462776228277193,0.028695558892941429,0.0020381892297790176,0.046073803904741473,0.018719158978759923,0.23991632696846171,0.013516412786955589,0.1171422441536151,0.37947865264964598,0.11816133876850461,0,0.0063291139240506328,0.0046127440463419869,0.0018772795537438317,0.11875134091396695,0.00021454623471358077,0.4406243295430165,0.00010727311735679038,0.29290924694271614,0.11671315168418794,0.13511049131087749,5.3636558678395192e-005,0.00069727526281913757,0.0007509118214975327,0,0.0044518343703068008,0.0085818493885432313,0.17936065222055353,0.10271400986912679,0.21288350139455053,0.24694271615533148,0.08217120789530144,0,0.008796395623256811,0.0015554602016734605,5.3636558678395192e-005,0.13071229349924909,0.034810126582278479,0.12352499463634413,0.016680969748980905,0.15608238575413003,0.53250375455910748,0.087642136880497754,0,0,5.3636558678395192e-005,0,0.083404848744904531,0.00010727311735679038,0.56683115211328039,0.00032181935207037116,0.35056854752199101,0.042158335121218624,0.037384681398841449,0,0,0.00096545805621111355,0,5.3636558678395192e-005,0.0017163698777086461,0.0071872988629049558,0.017539154687835228,0.60727311735679035,0.27880283201029821,0.04231924479725381,0,0.0024136451405277837,0,0,0.032611027676464281,0.011853679467925338
6055125647,0.065930769692243082,0.0024896514487971685,0.27302177695122681,0.12640230367748514,0.42780010798488211,0.00032995380646709462,0.0018297438358629791,0.016017757513948048,0.0026696262523246746,0.039714439978403022,0.043793868858359827,0.098716179734837123,0.0029095926570280161,0.18783370328154059,0.19329293898854161,0.48392225088487612,2.9995800587917693e-005,0.00083988241646169534,0.01247825304457376,0.0014697942288079669,5.9991601175835386e-005,0.018447417361569379,0.271491991121243,0.020457136000959865,0.10357549943007979,0.13414122022916791,0.43826864239006541,0,0.00050992860999460072,0.021506989021536985,0.00074989501469794229,0.0016797648329233907,0.007618933349331094,0.068450416941628178,0.00038994540764292999,0.45746595476633273,0.081318615393844856,0.30244765732797407,0.00056992021117043619,0.0015897774311596376,0.018867358569800229,0.0050692902993580901,2.9995800587917693e-005,0.063801067850500937,0.019887215789789428,0.0010198572199892014,0.25856380106785049,0.14538964544963706,0.39858419821225027,0.00023996640470334154,0.0044693742875997356,0.0065090887275781389,0.001739756434099226,0.0014997900293958846,0.1620973063771072,0.13696082548443217,0.013768072469854221,0.30478732977383166,0.17661527386165937,0.26273321734957106,0.0022496850440938271,0.003959445677605135,0.047093406923030774,0.01286819845221669,0.0064191013258143859,0.032545443637890692,0.064430979662847207,0.0016197732317475553,0.37623732677425159,0.10096586477893095,0.3553602495650609,0.0012598236246925431,0.0027596136540884277,0.021626972223888655,0.0028795968564400984,0.00011998320235167077,0.072739816425700404,0.030745695602615634,0.00077989081528585997,0.32851400803887454,0.10747495350650908,0.31042654028436018,0.0038694582758413824,0.013078169056332113,0.008848761173435719,0.0016197732317475553,0.0059991601175835383,0.18864358989741437,0.044033835263063169,0.024536564880916673,0.17778511008458817,0.2342971983922251,0.42992980982662427,0.0065090887275781389,0.0094786729857819912,0.017487551742756013,0.0038994540764293001,0.0078588997540344346,0.044183814266002756
6055125725,0.047363369128322036,0.00065990761293418924,0.38379626852240684,0.036684864119023337,0.31681564580958665,0.0018297438358629791,0.0018897354370388147,0.013168156458095867,0.0015597816305717199,0,0.19623252744615755,0.048623192753014577,0.0019197312376267324,0.37179794828723978,0.063111164436978825,0.16995620613114165,0.072409862619233309,0.0075889375487431764,0.016857639930409743,0.014817925490431339,0,0.23291739156518088,0.064520967064610954,0.00086987821704961302,0.48176255324254602,0.017337572739816426,0.22571839942408062,0.0040794288799568057,0.00092986981822544838,0.023696682464454975,0.0071989921411002456,0,0.17388565600815886,0.022376867238586597,0.00044993700881876535,0.29671845941568181,0.022676825244465775,0.14637950686903833,0.007618933349331094,0.0055492231087647731,0.01142840002399664,0.0052192693022976785,8.9987401763753076e-005,0.48149259103725478,0.1324014637950687,0.0021896934429179913,0.31258623792669027,0.042654028436018961,0.12991181234627153,0.015177875097486353,0.0057591937128801968,0.020307156998020277,0.0038994540764293001,2.9995800587917693e-005,0.33508308836762851,0.33508308836762851,0.0045593616893634895,0.37419761233427318,0.019737236786849841,0.16896634471174035,0.00017997480352750615,0.0014997900293958846,0.032335473033775271,0.0017097606335113084,0,0.06173135760993461,0.02285680004799328,0.0017097606335113084,0.19794228807966885,0.020517127602135702,0.097816305717199598,0.029425880376747256,0.012898194252804607,0.007258983742276081,0.0026996220529125923,0.021716959625652409,0.58515807786909835,0.25247465354850324,0.0080088787569740239,0.26828244045833582,0.031795548623192754,0.15108884756134142,0.0018297438358629791,0.002219689243505909,0.024116623672685824,0.0010798488211650368,0,0.25910372547843302,0.070280160777491149,0.0036594876717259582,0.31408602795608614,0.069800227968084466,0.32233487311776349,0.00032995380646709462,0.0025796388505609216,0.016767652528645989,0.0007198992141100246,2.9995800587917693e-005,0.19941208230847682
6055125817,0.0068118429521561901,0,0.46395623256811841,0,0.035614674962454407,0.00010727311735679038,0,0.00010727311735679038,0.00021454623471358077,0.0025745548165629693,0.49061360223128087,0.039798326539369232,0,0.79580562111134945,0,0.020328255739111779,0.001126367732246299,0,0.00010727311735679038,0.0042909246942716157,0,0.13854323106629479,0.0070263891868697706,0,0.31860115854966747,0,0.022151898734177215,0.00016090967603518558,0,0,0.00042909246942716153,0.0069727526281913753,0.64465779875563178,0.083351212186226126,0,0.640742329972109,0.00037545591074876635,0.14042051062003863,0.0019309161124222271,0.00016090967603518558,5.3636558678395192e-005,0.0031645569620253164,0.00021454623471358077,0.12958592576700279,0.20800257455481655,0.00064363870414074233,0.53336193949796185,0.0039691053422012445,0.074983909032396476,0.0025745548165629693,0.00016090967603518558,0.00053636558678395196,0.0014481870843166703,0.059536580133018664,0.11478223557176571,0.070639347779446471,0,0.66922334263033689,0,0.032771937352499461,0.0015554602016734605,0,0,0.0024672816992061791,0,0.2233426303368376,0.089680326110276765,0,0.45210255310019309,5.3636558678395192e-005,0.16579060287491953,0.011692769791890153,0,0.00053636558678395196,0.0071872988629049558,0.00010727311735679038,0.27284917399699637,0.099066723878995927,0,0.40726239004505471,0,0.01764642780519202,0.071872988629049561,0,0.00096545805621111355,0.041568332975756274,0.00037545591074876635,0.36124222269899164,0.052188371594078527,0,0.50783093756704567,0,0.047951083458485304,0.025852821282986483,0.00021454623471358077,0.00064363870414074233,0.021347350354001288,0.00080454838017592794,0.34316670242437247
6055125959,2.9995800587917693e-005,0,0.72544843721878938,0.10810486531885537,0.014607954886315916,0,0.012688223648689184,0.00017997480352750615,0,0.0065390845281660566,0.1324014637950687,0.0065090887275781389,0,0.63282140500329953,0.22628831963525106,0.019947207390965265,0,0.014307996880436739,0.0035095086687863698,0.0003599496070550123,0.013408122862799209,0.082848401223828666,0.28022076909232707,0.042923990641310215,0.33172355870178177,0.23930649709040736,0.037974683544303799,0,0.0002699622052912592,0.065180874677545145,0.0015597816305717199,8.9987401763753076e-005,0.00074989501469794229,0.28523006779050936,0.00014997900293958847,0.48836162937188793,0.068000479932809402,0.017127602135701001,0,0.015117883496310517,0.048173255744195814,0.0011098446217529545,0.016497690323354731,0.060231567580538728,0.062931189633451318,0.0014697942288079669,0.4944207810906473,0.28421021057052015,0.017727518147459355,0.0011098446217529545,0.047393364928909949,0.025286459895614614,0.0023396724458575801,0.02948587197792309,0.033625292459055732,0.065660807486951828,0.00017997480352750615,0.34171216029755835,0.29311896334513166,0.025436438898554202,0.0014997900293958846,0.051772751814745936,0.055852180694702741,0.021476993220949068,0.12937188793568902,0.013918051472793808,0.43703881456596078,0.0017697522346871437,0.30697702321674963,0.1342911992321075,0.052402663627092207,0,0.0036294918711380405,0.054232407462955184,0.00044993700881876535,0.0020997060411542382,0.0071090047393364926,0.054322394864718938,0.0012598236246925431,0.58992741016257721,0.24647549343091968,0.020367148599196111,0.003809466674665547,0.022616833643289938,0.021686963825064492,0.0062991181234627151,0.0073789669446277517,0.025856380106785051,0.056332113504109424,0.001739756434099226,0.44882716419701241,0.2309376687263783,0.011758353830463735,0.010948467214589957,0.057381966524686544,0.037794708740776291,0.038154658347831306,0.073789669446277517,0.032335473033775271
6055126157,0.047200171636987774,5.3636558678395192e-005,0.27998283630122289,0.076593005792748331,0.06237931774297361,0,0.035561038403776016,0.0087427590645784165,0.00080454838017592794,0.46336623042265607,0.025316455696202531,0.021561896588714869,0,0.32004934563398413,0.076485732675391549,0.074769362797682898,0,0.031752842737609956,0.0063827504827290282,0.00026818279339197598,0.46186440677966101,0.0068654795108345846,0.020650075091182149,0.0031109204033469211,0.17952156189658872,0.23337266680969748,0.13854323106629479,0,0.04049560180218837,0.011800042909246944,0.00069727526281913757,0.35866766788242865,0.013140956876206823,0.22597082171207894,0,0.48691267968247159,0.05401201458914396,0.028749195451619823,0,0.028856468568976616,0.00021454623471358077,0.00032181935207037116,0.14927054280197383,0.0256919116069513,0.16171422441536151,0,0.49560180218837158,0.14347779446470715,0.0064363870414074235,0,0.018611885861403131,0,0,0.16144604162196954,0.012711864406779662,0.0042372881355932203,0,0.13977687191589788,0.10571765715511693,0.018880068654795107,0,0.039905599656726028,0.0029500107273117359,5.3636558678395192e-005,0.67367517700064361,0.014803690195237074,0.027622827719373525,0.006650933276121004,0.49855181291568335,0.25804548380175929,0.049667453336193948,0.00032181935207037116,0.028856468568976616,0.0091182149753271831,0.003540012872774083,0.0836730315382965,0.033951941643424161,0.01528641922334263,0,0.43290066509332759,0.37550954730744474,0.021240077236644495,0,0.02022098262175499,0.0019845526711006222,0,0.099763999141815066,0.033093756704569835,0.00016090967603518558,0.00053636558678395196,0.19925981549023813,0.23460630765930057,0.04108560394765072,0,0.021400986912679682,0.0019309161124222271,0,0.41493241793606522,0.086086676678824289
6055126309,0.0061491391205231267,0.94618753374527564,0.024776531285620015,0.0074389585458035871,0.0019197312376267324,0,0.0038994540764293001,0.0062091307216989621,0,0.0016797648329233907,0.001739756434099226,0.0002699622052912592,0.99904013438118666,0.00044993700881876535,0.00014997900293958847,0,0,5.9991601175835386e-005,0,0,0,2.9995800587917693e-005,0.031255624212610238,0.90107384966104742,0.010318555402243686,0.044753734477173193,0.0068090467334573157,0,0.00050992860999460072,0.0046793448917151603,0,0.00050992860999460072,8.9987401763753076e-005,0.06278121063051173,0.23765672805807186,0.089717439558461815,0.28235047093406923,0.060441538184654149,0,0.030085787989681444,0.01520787089807427,0.00029995800587917694,0.20328154058431819,0.018177455156278121,0.059121722958785768,0.44063831063651088,0.083658287839702444,0.16704661347411362,0.046883436318915353,0,0.010828484012238286,0.00062991181234627156,2.9995800587917693e-005,0.17694522766812645,0.014218009478672985,0.063141160237566746,0.43523906653068573,0.0055192273081768554,0.43748875157477951,0.034585158077869098,0,0.00086987821704961302,0.00545923570700102,2.9995800587917693e-005,0.016527686123942648,0.0011398404223408724,0.10063591097246385,0.00020997060411542383,0.056782050512928187,0.33505309256704063,0.1003659487671726,0,0.023906653068570399,0.009598656188133662,0.0014397984282200492,0.36987821704961305,0.0021297018417421559,0.067730517727518147,0.00065990761293418924,0.07423960645509628,0.4108224848521207,0.037854700341952124,0,0.020187173795668607,0.0015897774311596376,0.0017097606335113084,0.382656428100066,0.0025496430499730039,0.27194192813006179,0.024596556482092507,0.037974683544303799,0.57411962325274457,0.051772751814745936,0,0.0031195632611434399,0.0071989921411002456,0,0.027206191133241346,0.0020697102405663205
6055674668,0.65275691911606948,0.00080454838017592794,0.15838875777730102,0.0030572838446685261,0.111564042051062,5.3636558678395192e-005,5.3636558678395192e-005,0.0025745548165629693,0,0.0078309375670456982,0.062915683329757568,0.045322892083243936,0,0.59541943788886509,0.001662733319030251,0.12454408925123364,0,0,0.00021454623471358077,0,0,0.23283630122291354,0.28604376743188159,0,0.38832868483158123,0.010888221411714225,0.17474790817421154,0.00037545591074876635,0.0010190946148895088,0.0024672816992061791,0,0.024940999785453766,0.11118858614031324,0.8660695129800472,0.0055782021025531005,0.020381892297790173,0.018826432096116712,0.078309375670456982,0,0.00069727526281913757,0.0046127440463419869,0.0013945505256382751,0.003540012872774083,0.00059000214546234709,0.26394550525638277,0.00091182149753271831,0.43123793177429737,0.0068118429521561901,0.22393263248229994,0,5.3636558678395192e-005,0.00080454838017592794,0,0.010512765500965459,0.061789315597511267,0.39052778373739538,5.3636558678395192e-005,0.25305728384466852,0.017163698777086463,0.25042909246942718,5.3636558678395192e-005,0.00053636558678395196,0.0021990989058142027,0,0.019952799828363014,0.066026603733104483,0.41573696631624113,0.32573482085389399,0.060287491954516201,0.080025745548165633,0.10062218408066938,0.00091182149753271831,0.0038081956661660588,0.010620038618322248,0.00091182149753271831,0.00026818279339197598,0.0010727311735679039,0.26163913323321175,0.055031109204033472,0.3033147393263248,0.13768504612744045,0.1762497318172066,0.00010727311735679038,0.00053636558678395196,0.0099763999141815069,0.00026818279339197598,0.010727311735679038,0.044464707144389617,0.65774511907316024,0.010030036472859901,0.13044411070585712,0.023492812701137095,0.12668955159836945,0,0.00048272902810555677,0.0073482085389401418,0.0014481870843166703,0.00021454623471358077,0.042104698562540226
6055674852,0.061467496245440893,0.014374597725809912,0.069298433812486585,0.45204891654151469,0.10400128727740827,0,0.016573696631624116,0.0095473074447543441,0,0.27268826432096116,0,0.10620038618322249,0.022098262175498821,0.060931130658656942,0.38757777301008367,0.054709289851963099,0,0.025960094400343275,0.012068225702638919,0,0.33045483801759279,0,0.049399270542801972,0.016251877279553743,0.048380175927912467,0.38773868268611889,0.076861188586140314,0,0.01362368590431238,0.012550954730744475,0,0.39519416434241578,0,0.14310233855395837,0.003325466638060502,0.099603089465779879,0.50879639562325685,0.022580991203604378,0,0.015018236429950654,0.0018236429950654366,0,0.20569620253164558,5.3636558678395192e-005,0.64320961167131518,0.0044518343703068008,0.1977043552885647,0.14337052134735034,0.010888221411714225,0,0,0.00010727311735679038,0.00010727311735679038,0,0.00016090967603518558,0.14160051491096332,0.0020918257884574125,0.035990130873203179,0.29328470285346492,0.01383823213902596,0,0.011210040763784596,0.0015554602016734605,0,0.50042909246942713,0,0.032342844883072305,0.012872774082814847,0.033040120145891437,0.78604376743188153,0.040602874919545159,0,0.0052563827504827293,0.0065436601587642133,0,0.083083029392834157,0.00021454623471358077,0.12701137095043982,0.0012336408496030895,0.21594078523921906,0.6433705213473504,0.0090645784166487886,0.00069727526281913757,5.3636558678395192e-005,0.0020918257884574125,5.3636558678395192e-005,0.00048272902810555677,0,0.016841879425016092,0.015608238575413002,0.015822784810126583,0.70725166273331908,0.021079167560609312,0,0.0027891010512765503,0.0047736537223771721,0,0.21583351212186225,0
6055674916,0.13233014724877293,0.27253939550503747,0.029126840609661586,0.29236631361405324,0.0060061999483337642,0,0.0021958150348747093,0.00064582795143373808,0,0.26478946008783261,0,0.23630844742960475,0.035520537328855593,0.080663911134073882,0.54159132007233268,0.011947817101524153,0,0.0030353913717385689,0.0010979075174373546,0,0.089834668044432964,0,0.16313614053216224,0.19374838543012141,0.027124773960216998,0.31742443812968224,0.012141565486954276,0,0.0029062257814518213,0.0014208214931542237,0,0.28209764918625679,0,0.099263756135365533,0.2115732368896926,0.060772410229914753,0.46725652286230945,0.01020408163265306,0,0,0.00045207956600361662,0,0.15047791268406097,0,0.24735210539912167,0.037070524412296565,0.21809609919917333,0.43980883492637562,0.010333247222939809,0,0,0,0.00012916559028674761,0.047210023249806249,0,0.10662619478171015,0.10862826143115474,0.07478687677602687,0.54372255231206401,0.017695685869284421,0,6.4582795143373805e-005,0.0010333247222939809,0,0.14744252131232241,0,0.080534745543787131,0.23637303022474812,0.010785326788943426,0.52951433738052178,0.0030353913717385689,0,0,0.00019374838543012143,0,0.13956342030483079,0,0.37231981400155001,0.057866184448462928,0.54876001033324717,0.013562386980108499,0.00012916559028674761,0,0,0.0022603978300180833,0.0012916559028674762,0.0038103849134590545,0,0.056316197365021956,0.054572461896150865,0.023378971841901318,0.64311547403771641,0.0080082665977783511,0,0,0.00083957633686385948,0,0.2137690519245673,0
6055675060,0,0.21992920991061252,0,0,0,0,0,0,0,0.78007079008938751,0,0.014577959085727997,0.90152378666986621,0.02351670766092747,0.04427380166776651,0.005369248305237267,0,8.9987401763753076e-005,0.00041994120823084767,0,0.010198572199892016,2.9995800587917693e-005,0.00014997900293958847,0.99265102885596013,0,0.0071390005399244102,5.9991601175835386e-005,0,0,0,0,0,0,0.1787149799028136,0.024236606875037495,0.0037794708740776293,0.28007079008938751,0.011638370628112064,0,0.0010798488211650368,0.0088787569740236359,2.9995800587917693e-005,0.49157118003479511,0,0.21273021776951226,0.077659127722118901,0.015717799508068869,0.60393544903713481,0.011308416821644969,0,0.0007198992141100246,0.0005399244105825184,0,0.077059211710360551,0.00032995380646709462,0.20868078469014337,0.12151298818165457,0.031135641010258563,0.58431819545263664,0.049583058371827943,0,0,0.0037194792729017935,0,0.0010498530205771191,0,0.70559121722958784,0.00077989081528585997,0.0031795548623192752,0.26750254964304998,0.018987341772151899,0,0,0.0029095926570280161,0.0010498530205771191,0,0,0.28274041634171215,0.00092986981822544838,0.016677665126882235,0.67673525706401105,0.018387425760393546,2.9995800587917693e-005,0.00044993700881876535,0.0026096346511488393,0.00056992021117043619,0.00086987821704961302,0,0.15798788169656247,0.0024596556482092509,0.025796388505609214,0.78280040794288797,0.02570640110384546,0.00041994120823084767,0.00086987821704961302,0.0025796388505609216,0.00098986141940128375,0.00029995800587917694,8.9987401763753076e-005
6055675272,0.01493790869278301,0.82872397864298997,0.026276321315015897,0.11317415561821345,0.0051592777011218432,0,0.00014997900293958847,0.0037494750734897117,0,0.0078289039534465178,0,0.10612514248005279,0.83784270202171696,0.013438118663387125,0.019917211590377348,0.010258563801067851,0,0,0.0023996640470334155,0,0.01001859739636451,0,0.071929929809826626,0.64658947747315376,0.00059991601175835387,0.12964185014098026,0.016527686123942648,0,2.9995800587917693e-005,0.010678505009298699,0,0.12400263963045173,0,0.12193292938988541,0.048383226348311235,0.01739756434099226,0.77578139060531526,0.020607115003899452,0,0.00023996640470334154,0.011578379026936229,0,0.0040794288799568057,0,0.31093646889435478,0.10933469314295999,0.10963465114883916,0.45110684504169418,0.015567820505129282,0,0,0.0028196052552642631,2.9995800587917693e-005,0.00056992021117043619,0,0.11575379446877437,0.19689243505909174,0.031735557022016921,0.56533085368048475,0.013078169056332113,0,0.00083988241646169534,0.013918051472793808,0.010078588997540345,0.052372667826504286,0,0.71515987761713362,0.032395464634951104,0.025106485092087107,0.1944627752114704,0.01286819845221669,8.9987401763753076e-005,8.9987401763753076e-005,0.017037614733937247,0.0013498110264562962,0,0.0014397984282200492,0.80946667466554678,0.017007618933349331,0.041514188013678087,0.1098746175535425,0.0093886855840182373,0,5.9991601175835386e-005,0.011518387425760394,0.0011698362229287901,0,0,0.61824344591757152,0.040644309796628475,0.033025376447297382,0.27266182734417183,0.0071989921411002456,0,2.9995800587917693e-005,0.020517127602135702,0.0074989501469794233,0,0.00017997480352750615
6055675334,0.017421799875558572,0.6980598450138582,0.0061655070988178061,0.044176706827309238,0.0053736071044742347,0,0,5.6564285310255106e-005,0,0.22733186266191527,0.0014141071327563777,0.077210249448498219,0.9219412862718479,0,0.0006787714237230613,0.00016969285593076533,0,0,0,0,0,0,0.057412749589908933,0.83426664404095252,0.0020928785564794388,0.10153289213190791,0.0024888285536512245,0,0.00011312857062051021,0.0014141071327563777,0,0.0006787714237230613,0,0.078567792295944336,0.73154590191752922,0.035409242604219696,0.12483737767973302,0.017591492731489338,0,0,0.0018100571299281634,0,0.0098421856439843882,0.00039594999717178572,0.098195599298602859,0.49239210362577068,0.035861756886701734,0.34374116183042025,0.014141071327563776,0,0.00011312857062051021,0.0011312857062051021,0,0.014423892754115052,0,0.19955879857458,0.25380394818711466,0.0238135641156174,0.47638441088296851,0.031393178347191582,0,0.00039594999717178572,0.0028282142655127553,0.0012444142768256122,0.010577521353017705,0,0.69477911646586343,0.0017534928446179083,0.086430227954069794,0.14655806323887097,0.065840828101136936,0,0,0.0028282142655127553,0.0015272357033768878,0,0.00028282142655127552,0.43967418971661293,0.001074721420894847,0.063069178120934447,0.46241303241133547,0.031053792635330053,0,5.6564285310255106e-005,0.0019797499858589286,0.0006787714237230613,0,0,0.47197239662876861,0.001640364273997398,0.021607556988517448,0.48956388936025791,0.010860342779568981,0,0,0.0018666214152384185,0.0024888285536512245,0,0
6155342431,0,0.99955985915492962,0,0.00044014084507042255,0,0,0,0,0,0,0,0.0096537558685446008,0.96223591549295773,0.015082159624413146,0.01238262910798122,0.00041079812206572768,0,0,0.00011737089201877934,0,5.868544600938967e-005,5.868544600938967e-005,0.0036678403755868545,0.95930164319248823,0.023298122065727699,0.011619718309859155,0.00035211267605633805,0,0.0013791079812206573,5.868544600938967e-005,8.8028169014084512e-005,0.00017605633802816902,5.868544600938967e-005,0.15936032863849764,0.4346830985915493,0.18336267605633802,0.066725352112676051,0.053638497652582162,0.00011737089201877934,0.027875586854460094,0.0012323943661971832,0.0006161971830985916,0.068808685446009391,0.0035798122065727701,0.18761737089201877,0.2386150234741784,0.1391725352112676,0.35319835680751172,0.0071302816901408451,0.00014671361502347418,0.010035211267605634,0.00049882629107981223,2.9342723004694835e-005,0.062470657276995308,0.0010856807511737088,0.38752934272300471,0.10293427230046949,0.079225352112676062,0.38098591549295774,0.0040492957746478871,0,0.0095070422535211262,0.00058685446009389673,0.00017605633802816902,0.0340962441314554,0.00090962441314553996,0.1561913145539906,0.00079225352112676059,0.56772300469483572,0.18585680751173708,0.026555164319248828,0.0019072769953051643,0.02130281690140845,0.00096830985915492959,0.0053697183098591547,0.028550469483568076,0.0047828638497652582,0.12414906103286386,0.00090962441314553996,0.43940727699530518,0.39841549295774648,0.0070422535211267607,0.0018192488262910799,0.010093896713615023,0.0016431924882629107,0.0040199530516431929,0.011384976525821596,0.0011150234741784037,0.40666079812206574,0.00035211267605633805,0.19333920187793427,0.39093309859154929,0.0024354460093896713,0,0.0012910798122065727,0.0012030516431924883,0.00026408450704225349,0.0034917840375586853,2.9342723004694835e-005
6155381339,0.0013497652582159625,0,0.94131455399061037,0,0.00029342723004694836,0,0,0,0,0,0.057042253521126761,0.0052816901408450703,0,0.98744131455399065,0.003433098591549296,0.0011150234741784037,0,0,0,0,0,0.0027288732394366196,0.2102406103286385,0,0.72297535211267605,0.054900234741784036,0.011854460093896714,0,0,2.9342723004694835e-005,0,0,0,0.24592136150234742,0,0.72341549295774643,0,0.0014084507042253522,0,0,0.00011737089201877934,0,0,0.029137323943661971,0.39439553990610327,0,0.59788732394366195,2.9342723004694835e-005,0.0017605633802816902,0,0,0.00011737089201877934,0,0,0.0058098591549295775,0.29512910798122066,0,0.7015258215962441,0.0010269953051643193,0.0022300469483568074,0,0,5.868544600938967e-005,0,0,2.9342723004694835e-005,0.021596244131455399,0,0.93230633802816898,0,0.022241784037558686,0.00073356807511737085,0,5.868544600938967e-005,0,0,0.023063380281690141,0.016402582159624413,0,0.96666666666666667,0.00020539906103286384,0.0084213615023474176,0,0,0,0,0,0.008303990610328639,0.01232394366197183,0,0.98151408450704225,0.00046948356807511736,0.0050176056338028172,0,0,2.9342723004694835e-005,0,0,0.00064553990610328636
6164090356,0.00094922907206444491,0,0.055183560378665432,0,0,0.28910438954308731,0,0,0.091228610277328814,0,0.56353421072885401,0.0016162549064881089,0,0.09038200056440647,0,0,0.55909592344595804,0,0,0.13455963467508145,0,0.21434618640806588,0,0,0.018009697529438928,0,0,0.21693732522640397,0,0,0.024602991354318992,0,0.74044998588983812,0.0013340516688473279,0,0.063316144590677026,0,0,0.55653043946740555,0,0,0.11421534672515971,0.00010261935914210215,0.26450139818876833,0.0030272710946920136,0,0.063906205905744112,0,0,0.74699197003514717,0,2.5654839785525538e-005,0.13535493470843274,2.5654839785525538e-005,0.05066830857641294,0.0018471484645578389,0,0.040355062982631675,0,0,0.57097411426665645,0,0,0.080197029169552833,0,0.30662664511660126,0.0017188742656302112,0,0.046614843890299906,0,0,0.47061238102568048,0,0,0.091023371559044608,2.5654839785525538e-005,0.39000487441955928,0.0011288129505631237,0,0.020113394391852023,0,0,0.66743631186023245,0,0,0.058210831473357448,0.00012827419892762771,0.25298237512506733,0.00020523871828420431,0,0.0063367454270248083,0,0,0.5558377587931963,0,0,0.023474178403755867,0.00012827419892762771,0.41401780445881115
6927217801,0.036103947629438603,0.86623024532169546,0.00089268002380480066,0.020300204985783245,0.00042980890035045955,0,0.00062818223897374858,0.0024135422865833498,3.3062223103881503e-005,0.072968326390266486,0,0,0.4999669377768961,0,6.6124446207763005e-005,0,0,0,0,0,0.4999669377768961,0,0,0.97781524829729549,0,0,0,0,0,0,0,0.022184751702704491,0,0.27011836275871187,0.13525755471797923,0.018018911591615422,0.38887786814785424,0.0037029689876347284,0,0.0060173246049064341,0.016365800436421343,0.0031739734179726245,0.15846723533690404,0,0.15833498644448854,0.25044634001190241,0.10877471401177015,0.12838061231237188,0.018580969384381404,3.3062223103881503e-005,0.0062818223897374856,0.004000528995569662,0.00016531111551940753,0.32080275077696224,0.0041989023341929511,0.16289757323282417,0.24036236196521854,0.16974145341532765,0.17113006678569068,0.014282880380876811,0.01186933809429346,0.007637373536996628,0.0081333068835548507,0.0036037823183230839,0.21024267671758248,9.9186669311644515e-005,0.3369701778747603,0.035674138729088145,0.042319645572968329,0.53018580969384377,0.0035045956490114393,6.6124446207763005e-005,0.004562586788335648,0.042385770019176087,0.0015208622627785491,0.002810288963829928,0,0.45219202539178732,0.043741321166435233,0.063611717251868011,0.34857501818422271,0.0074059379752694568,0.00019837333862328903,0.0054552668121404481,0.032467103088011637,0.00079349335449315612,0.044138067843681808,0.0014216755934669048,0.42422138464590359,0.02304436950340541,0.054288170336573432,0.38709250810024465,0.018118098260927064,0.0029425378562454542,0.0029425378562454542,0.043212325596773127,0.0042980890035045956,0.039476294386034519,0.00036368445414269656
7772692990,0.98401758066127265,0.0017647254686511504,3.3296706955682086e-005,9.9890120867046251e-005,0.0038624180068591216,0,0,0.0010654946225818268,0.00029967036260113877,0.0088569240502114344,0,0.99773582392701365,0,0.00023307694868977458,0,0.0010987913295375088,0.00029967036260113877,0,0,0.00059934072520227753,0,3.3296706955682086e-005,0.99943395598175344,0,9.9890120867046251e-005,0,0,3.3296706955682086e-005,0,0,0.00043285719042386708,0,0,0.99923417574001927,0.00046615389737954916,0,0,0.00029967036260113877,0,0,0,0,0,0,0.6411613891386142,0.0004994506043352313,0.15396397296307396,0.0013318682782272834,0.0052608796989977689,0.03263077281656844,0.00033296706955682085,0.0001997802417340925,0.032164618919188891,0.034129124629574133,0.098325175640129187,0.81117437485432686,0,0.074651216994639225,0,6.6593413911364172e-005,0.011553957313621683,0.00066593413911364169,3.3296706955682086e-005,0.00089901108780341625,0.024539673026337694,0.076415942463290379,0.86901075483634671,0.0045616488529284455,0.020577364898611526,3.3296706955682086e-005,0.0013984616921386475,0.0048946159224852659,6.6593413911364172e-005,0.00013318682782272834,9.9890120867046251e-005,0.0081909899110977919,0.091033196816834819,0.89767921952518892,0,0.066926380980920991,0,0.00029967036260113877,0.00319648386774548,0,6.6593413911364172e-005,0.00013318682782272834,0.0017647254686511504,0.029933739553158194,0.97895648120400891,0,0.017813738221289916,0,0,0.0001997802417340925,0,0,0,0,0.0030300003329670694
7935448910,0.69640062597809071,0,0.12666067325941463,0.17297639263476841,0.0039623081277261676,0,0,0,0,0,0,0.29354376852129327,0,0.11587254020577364,0.37142476609063363,0.0055605500615989074,0,0.0079246162554523353,3.3296706955682086e-005,0,0.20560716545133687,3.3296706955682086e-005,0.10991242966070655,0.016415276529151267,0.069723304365198288,0.44740785136350014,0.0067592315120034632,0,0.0056604401824659539,0.00013318682782272834,0,0.34398827955915162,0,0.24013585056437919,3.3296706955682086e-005,0.0070589018746046017,0.72167282655745346,0.0028968135051443411,0,0.0009656045017147804,3.3296706955682086e-005,0,0.02720340958279226,0,0.071521326540805119,0,0.011021210002330769,0.59974028568574567,0.00076582425998068793,0,0.0038624180068591216,0,0,0.31308893550427863,0,0.0048946159224852659,3.3296706955682086e-005,0.0026970332634102486,0.30270036293410579,0.0029634069190557053,0,0.0058935171311557287,0,0,0.6808177671228316,0,0.23041321213332003,6.6593413911364172e-005,0.012386374987513734,0.67708853594379514,0.0021309892451636535,0,0.0031298904538341159,0.00013318682782272834,0,0.074651216994639225,0,0.091266273765524583,0,0.0061931874937568672,0.57949588785669093,0.0021642859521193354,0,0.004095494955548896,0,0,0.31678486997635935,0,0.028202310791462723,0.00059934072520227753,0.0082575833250091574,0.24516365331468717,0.0047614290946625375,0,0.019678353810808111,3.3296706955682086e-005,0,0.69330403223121229,0
8330258860,0.098268779342723003,0.0031103286384976526,0.0020246478873239436,0.14389671361502349,5.868544600938967e-005,0,0.00049882629107981223,0.00082159624413145535,0,0.75132042253521125,0,0.087588028169014079,0.085035211267605632,0.0095363849765258222,0.0055164319248826293,2.9342723004694835e-005,0,0,0.00070422535211267609,2.9342723004694835e-005,0.81156103286384973,0,0.030487089201877933,0.85701291079812203,0.0092723004694835673,0.0014671361502347417,8.8028169014084512e-005,0,2.9342723004694835e-005,0.00035211267605633805,0,0.10129107981220657,0,0.58679577464788735,0.032717136150234742,0.0426349765258216,0.23796948356807512,0,0.0074530516431924885,0.00099765258215962446,0.001056338028169014,0.020158450704225353,0.070158450704225356,5.868544600938967e-005,0.68779342723004699,0.1449530516431925,0.067165492957746473,0.040228873239436622,0.00032276995305164318,0,0.00064553990610328636,0.0016725352112676056,0.00038145539906103286,0.056220657276995302,0.0006161971830985916,0.83031103286384977,0.057922535211267605,0.073767605633802816,0.035269953051643189,0.00017605633802816902,2.9342723004694835e-005,5.868544600938967e-005,0.00082159624413145535,0.0014964788732394366,8.8028169014084512e-005,5.868544600938967e-005,0.90375586854460099,0,0.00011737089201877934,0.096126760563380279,0,0,0,0,0,0,0,0.83400821596244135,0,0.021625586854460095,0.14374999999999999,5.868544600938967e-005,0,0.00029342723004694836,0.00020539906103286384,0,5.868544600938967e-005,0,0.67849178403755872,0,0.13424295774647887,0.18485915492957747,0.0012030516431924883,0,2.9342723004694835e-005,0.0010269953051643193,0,2.9342723004694835e-005,0.00011737089201877934
8359074296,0.051081134695496924,0.72409574819810885,0.15403689744098392,0.014183693711565165,0.037228063214970575,0.0014547378165707862,0.00033062223103881507,0.00085961780070091911,3.3062223103881503e-005,0.00016531111551940753,0.016531111551940751,0,1,0,0,0,0,0,0,0,0,0,0.0087284268994247179,0.96766514580440388,0.010712160285657607,0.011175031409111949,0.0011241155855319712,6.6124446207763005e-005,0,9.9186669311644515e-005,0,0,0.00042980890035045955,0.068736361832969647,0.29967599021358199,0.43344574489188653,0.0080671824373470865,0.024135422865833499,0.010348475831514912,0.00089268002380480066,0.00036368445414269656,0.0026119156252066389,0.0027111022945182834,0.14901143952919393,0.01186933809429346,0.63889439925940616,0.24766911327117636,0.019440587185082323,0.013555511472591417,0.0041327778879851878,0.0014547378165707862,0.00016531111551940753,6.6124446207763005e-005,0.0030747867486609799,0.059677312702506119,0.061429610527011839,0.17003901342326258,0.59359915360708859,0.067149375123983335,0.024895853997222772,0.008001057991139324,0.00019837333862328903,0.00039674667724657806,9.9186669311644515e-005,0.00026449778483105202,0.07392713086027905,0.27729286517225415,0,0.49623090656615748,0.059512001586986711,0.024598293989287839,0.017423791575745553,0.00052899556966210404,0.00016531111551940753,0.00033062223103881507,0.0015869867089863122,0.12233022548436157,0.078985650995172921,0,0.65559082192686635,0.021523507240626859,0.016398862659525226,0.013654698141903062,0.0021821067248561795,0.00039674667724657806,9.9186669311644515e-005,0.0076043113138927459,0.20356410765059843,0.053329365866560868,0,0.84559941810487338,0.011274218078423593,0.0062487601666336044,0.00082655557759703767,6.6124446207763005e-005,9.9186669311644515e-005,0,9.9186669311644515e-005,0.082457184421080479
8395875019,0.0033482549041016123,7.2788150089165483e-005,0.069403501110019292,0.12781599155657458,7.2788150089165483e-005,0,0.013465807766495615,0.00036394075044582743,0,0.78545692761218477,0,0.078101685045674565,0.00010918222513374823,0.4978709466098919,0.091640280962259346,0.00014557630017833097,0,0.0061142046074899002,7.2788150089165483e-005,0,0.32594533609928306,0,0.00098264002620373396,0.00043672890053499293,0.047021144957600902,0.15463842486443208,3.6394075044582742e-005,0,0.031917603814099062,0.0010918222513374822,0,0.76387524111074712,0,0.053608472540670381,0.00061869927575790664,0.17174364013538596,0.32383447974669721,0,0,0.031189722313207411,0.0060414164574007353,0,0.41296356953088037,0,0.10692579248098409,0,0.7816355497325036,0.11081995851075445,0.00014557630017833097,0,0.00047312297557957565,0,0,0,0,0.010699858063107326,0.0016013393019616406,0.16795865633074936,0.32649124722495176,0,0,0.06321650835244022,0.0037849838046366052,0,0.42624740692215307,0,0.056993121519816572,0.0010190341012483168,0.080794846598973694,0.42460967354514684,0.00010918222513374823,0,0.018670160497870947,0.0019288859773628853,0,0.41587509553444701,0,0.35822688066382791,0,0.40815955162499545,0.23244895730974996,0.00018197037522291372,0,0.00058230520071332387,0.00036394075044582743,0,3.6394075044582742e-005,0,0.040361029224442263,0.0078247261345852897,0.034719947592531934,0.46224114714124542,0,0,0.052807802889689559,0.011172981038686901,0,0.39087236597881864,0
8395876655,0.11737089201877934,0,0.69774515638431533,3.3062223103881503e-005,0,0.013853071480526351,0.0409310322026053,0.0015869867089863122,0.12847979898168352,0,0,0.1068901672948489,0,0.80119685247636052,0,0,3.3062223103881503e-005,0.004562586788335648,0.021688818356146267,0.065628512861204788,0,0,0.23603121073861005,0.00023143556172717052,0.42818885141836938,0.00013224889241552601,0,0,0.018580969384381404,0.21563181908351517,0.10120346492098128,0,0,0.25487667790782254,0,0.5444356278516167,0,0,0.003008662302453217,0.020696951663029824,0.01494412484295444,0.16203795543212327,0,0,0.42904846921907031,0,0.39859816174039542,0.0011241155855319712,3.3062223103881503e-005,6.6124446207763005e-005,0.13700985254248496,0.020134893870263838,0.012398333663955565,0.0015208622627785491,6.6124446207763005e-005,0.70346492098128677,6.6124446207763005e-005,0.20782913443099915,3.3062223103881503e-005,0,0,0.0064801957283607747,0.052238312504132779,0.02988824968590888,0,0,0.34004496462342126,0,0.58414335779937843,3.3062223103881503e-005,0,0.0011571778086358526,0.0033062223103881507,0.025457911789988758,0.045857303445083646,0,0,0.39254777491238513,0,0.51649804932883692,0,9.9186669311644515e-005,0.0019506711631290087,0.0025127289558949943,0.0092243602459829398,0.076539046485485679,0,0.00062818223897374858,0.38210011241155856,0,0.44200886067579181,9.9186669311644515e-005,0,0.0011241155855319712,0.018580969384381404,0.013257951464656484,0.14041526152218475,0.0024135422865833498,0
8396959750,0.19996032533227534,0.0011241155855319712,0.027011836275871188,0.72168220591152554,0.033492032004231967,0,0.00079349335449315612,6.6124446207763005e-005,3.3062223103881503e-005,0.01583680486675924,0,0.6584672353369041,0.0012233022548436157,0.077762348740329293,0.22234345037360312,0.03993916550948886,0,0,6.6124446207763005e-005,3.3062223103881503e-005,0.00016531111551940753,0,0.92501487800039672,9.9186669311644515e-005,0.0031739734179726245,0.064239899490841759,0.0073728757521655756,0,0,6.6124446207763005e-005,3.3062223103881503e-005,0,0,0.17949480923097269,0.003008662302453217,0.015043311512266086,0.76016663360444359,0.027606956291741057,0,3.3062223103881503e-005,0,0,0.014646564835019507,0,0.40325993519804271,0.00039674667724657806,0.038781987700853005,0.52211862725649671,0.031706671956622363,0,6.6124446207763005e-005,3.3062223103881503e-005,0,0.0036368445414269655,0,0.50823249355286648,0.02327580506513258,0.046320174568537986,0.40421873966805527,0.015175560404681611,0,0,9.9186669311644515e-005,0,0.0026780400714144018,0,0.16865040005289955,0.03580638762150367,0.014911062619850559,0.73755207300138859,0.021788005025457913,0,0.00042980890035045955,6.6124446207763005e-005,0,0.020763076109237586,3.3062223103881503e-005,0.25943926469615819,0.0029756000793493354,0.16296369767903193,0.56152879719632343,0.009257422469086821,0,0.00079349335449315612,0,0,0.0030417245255570983,0,0.27081266944389343,0.015473120412616545,0.03478145870528334,0.67278317794088471,0.0024796667327911127,0,0.00029756000793493357,0.00042980890035045955,0,0.0029425378562454542,0
