1861224382,0.58078051643192485,0.068280516431924884,0.066050469483568075,0.042869718309859153,0.12626173708920188,0.017018779342723004,0.0056924882629107981,0.027200704225352111,0.0049882629107981221,0.025586854460093896,0.035269953051643189,0.20689553990610329,0.089025821596244128,0.054401408450704222,0.083890845070422534,0.17963615023474178,0.0088321596244131453,0.0041666666666666666,0.02171361502347418,0.0018779342723004694,0.28441901408450704,0.065140845070422532,0.039583333333333331,0.094747652582159628,0.023738262910798121,0.086267605633802813,0.13336267605633803,0.0014377934272300471,0.0052523474178403752,0.016872065727699531,0.00023474178403755868,0.58482981220657282,0.013673708920187794,0.29166666666666669,0.0082159624413145546,0.009917840375586854,0.016109154929577464,0.59128521126760558,5.868544600938967e-005,0.0015845070422535212,0.0020539906103286387,8.8028169014084512e-005,0.04765258215962441,0.031367370892018777,0.26540492957746481,0.039700704225352115,0.077875586854460097,0.037764084507042252,0.45302230046948355,0.003198356807511737,0.0055164319248826293,0.003902582159624413,0.0021713615023474177,0.06068075117370892,0.050762910798122063,0.21094483568075117,0.14445422535211266,0.020481220657276995,0.13512323943661972,0.45783450704225354,0.00052816901408450699,0.0011737089201877935,0.0060739436619718307,5.868544600938967e-005,0.0047535211267605631,0.018573943661971831,0.021038732394366197,0.00090962441314553996,0.08031103286384976,0.05927230046948357,0.035798122065727703,0.012852112676056338,0.039113849765258217,0.0041079812206572773,0.0048708920187793426,0.71716549295774645,0.024559859154929576,0.098562206572769956,0.0014671361502347417,0.14107981220657276,0.036238262910798125,0.19457159624413145,0.010152582159624413,0.029841549295774646,0.003198356807511737,0.0029049295774647888,0.33139671361502349,0.1505868544600939,0.068603286384976522,0.0013204225352112676,0.15548708920187793,0.0340962441314554,0.43078051643192489,0.0058685446009389668,0.022799295774647888,0.0070715962441314558,0.005927230046948357,0.072036384976525827,0.1960093896713615
301319906,0.11151807228915663,0.073783132530120477,0.0062168674698795182,0.72718072289156621,0.053879518072289155,0,0.0051084337349397591,0.0033253012048192771,0,0.01889156626506024,9.6385542168674694e-005,0.19412048192771084,0.11898795180722892,0.083132530120481926,0.49546987951807231,0.034554216867469879,0,0.0088192771084337346,0.0035180722891566267,0.002891566265060241,0.058506024096385542,0,0.1207710843373494,0.13604819277108435,0.0039518072289156624,0.6559036144578313,0.057831325301204821,0,0.0020240963855421685,0.0013012048192771084,0.00028915662650602408,0.021879518072289158,0,0.056000000000000001,0.081108433734939755,0.043999999999999997,0.22761445783132531,0.47440963855421686,0,0.0054939759036144575,0.0038072289156626505,0,0.10689156626506024,0.00067469879518072286,0.014554216867469879,0.023036144578313253,0.11426506024096386,0.25995180722891564,0.22703614457831325,0,0.14886746987951807,0.0079036144578313247,0.012048192771084338,0.18366265060240963,0.0086746987951807231,0.05812048192771084,0.074891566265060244,0.063036144578313247,0.23840963855421687,0.44178313253012047,0,0.0031807228915662652,0.0018313253012048193,0,0.1148433734939759,0.0039036144578313255,0.35566265060240965,0.00062650602409638557,0.081397590361445782,0.11387951807228916,0.44587951807228915,0,0.00062650602409638557,0.00033734939759036143,0,0.00024096385542168674,0.0013493975903614457,0.19725301204819276,0.0012530120481927711,0.078987951807228909,0.070168674698795175,0.32303614457831326,4.8192771084337347e-005,0.18886746987951808,0.11898795180722892,0.010650602409638554,0.0063614457831325305,0.0043855421686746984,0.24399999999999999,0.00057831325301204817,0.11055421686746988,0.10472289156626506,0.5330602409638554,9.6385542168674694e-005,0.0017349397590361445,0.0019277108433734939,0,0.00067469879518072286,0.0026506024096385541
301889869,0.12144578313253013,0,0.30751807228915662,0.0016385542168674699,0.35508433734939759,0.13884337349397591,0,0.00038554216867469878,0.006939759036144578,0,0.068144578313253018,0.0923855421686747,0,0.3051566265060241,0.00067469879518072286,0.45209638554216869,0.089734939759036139,0,4.8192771084337347e-005,0.0063614457831325305,0,0.053542168674698798,0.25783132530120484,0,0.069686746987951811,0.00014457831325301204,0.6627469879518072,0.00038554216867469878,0,4.8192771084337347e-005,0.00019277108433734939,0,0.0089638554216867478,0.015228915662650602,0,0.12703614457831325,0.027518072289156627,0.59590361445783135,0.00033734939759036143,0.01889156626506024,0.0045783132530120485,4.8192771084337347e-005,0.12949397590361444,0.080963855421686742,0.020530120481927712,0,0.16997590361445783,0.045397590361445785,0.52106024096385539,0.00038554216867469878,0.018554216867469879,0,4.8192771084337347e-005,0.17971084337349397,0.044337349397590362,0.044963855421686745,9.6385542168674694e-005,0.23431325301204819,0.067277108433734939,0.42361445783132529,4.8192771084337347e-005,0.021638554216867469,0.0011566265060240963,0,0.15306024096385543,0.053831325301204817,0,0,0.00077108433734939755,0,0.99113253012048197,0,0,0,0,0,0.0080963855421686739,4.8192771084337347e-005,0,0.00028915662650602408,0,0.98896385542168674,0,0,0,0,0,0.010698795180722892,0,0,9.6385542168674694e-005,0,0.99407228915662649,0,0,0,0,0,0.0058313253012048189
3053436805,0.34249156913310852,0.13357138133968127,0.31131389274614824,0.071017655227137474,0.013621635918799181,0,0.00042980890035045955,0.0048601467962705808,3.3062223103881503e-005,0.12196654103021887,0.00069430668518151157,0.33078754215433448,0.1764200224823117,0.28175626529127817,0.057065397077299476,0.0058850757124909083,0,3.3062223103881503e-005,0.00056205779276598559,0,0.14715995503537657,0.00033062223103881507,0.43847120280367652,0.21652449910731997,0.10401375388481121,0.011075844739800304,0.0084969913376975476,0,6.6124446207763005e-005,0.00066124446207763013,0,0.21840904582424123,0.002281293394167824,0.59968260265820272,0.021854129471665675,0.20333267208887126,0.12778549229650202,0.012233022548436157,0.0010579911393242081,0.0012894267010513786,0.012001586986708987,0.003273160087284269,0.010480724723930437,0.0070091912980228786,0.22621173047675724,0.16861733782979568,0.072538517489916021,0.47467433710242679,0.012960391456721549,0,0.0012894267010513786,0.0025788534021027572,0.00033062223103881507,0.037029689876347284,0.0037690934338424917,0.44508364742445283,0.20624214772201283,0.080109766580704886,0.15106129736163459,0.0094888580308139913,0.0010910533624280897,0.008001057991139324,0.011803213648085698,0.0042980890035045956,0.072274019705084971,0.010546849170138201,0.63684454142696556,0.0004959333465582226,0.30599087482642334,0.010083978046683859,0.018018911591615422,0.00089268002380480066,9.9186669311644515e-005,0.0044303378959201214,0.005256893473517159,3.3062223103881503e-005,0.017853600476096014,0.6195860609667394,0.00062818223897374858,0.29299742114659788,0.068306552932619183,0.014778813727435032,0.00013224889241552601,3.3062223103881503e-005,0.0013886133703630231,0.0013886133703630231,3.3062223103881503e-005,0.00072736890828539312,0.63333994577795416,0.0073067513059578123,0.24882629107981222,0.037029689876347284,0.023870925081002446,0.012861204787409906,0.0022151689479600607,0.0057858890431792638,0.010083978046683859,0.011704026978774052,0.0069761290749189974
3638974906,0.0010249289162203266,6.6124446207763005e-005,0,0.0016861733782979568,0,0,6.6124446207763005e-005,0,0,0.99712358658996236,3.3062223103881503e-005,0.31379355947893939,0.0004959333465582226,0.011505653640150763,0.10659260728691397,0.0373603121073861,0,0.00026449778483105202,0.00019837333862328903,0,0.5250942273358461,0.0046948356807511738,0.43883488725781922,0.010844409178073134,0.0014878000396746677,0.15208622627785492,0.19959664087813264,0,3.3062223103881503e-005,0.0034715334259075581,0,0.19364544071943399,0,0.020663889439925941,0,0.55329630364345694,0.033359783111816435,0.090755802420154727,0,0.0028433511869338096,0,0,0.28178932751438207,0.017291542683330028,0.015241684850889373,3.3062223103881503e-005,0.76258017589102689,0.083845797791443494,0.041989023341929513,0,0.0016861733782979568,9.9186669311644515e-005,3.3062223103881503e-005,0.037988494346359848,0.056503339284533494,0.075249619784434299,9.9186669311644515e-005,0.56304965945910201,0.09971566488130662,0.15932685313760497,0,0.0009257422469086821,0.00019837333862328903,0,0.032830787542154335,0.068604112940554129,0.015440058189512662,0,0.51157177808635856,0.033723467565959134,0.42362626463003372,0,0.002545791178998876,0,3.3062223103881503e-005,0.0043972756728162402,0.0086623024532169537,0.0026449778483105205,0,0.31501686173378296,0.013224889241552603,0.64071282153011966,3.3062223103881503e-005,0.00056205779276598559,0,0,0.0059512001586986708,0.021854129471665675,0.010017853600476096,0,0.12990147457515044,6.6124446207763005e-005,0.84259075580242015,0,0,0,0,0,0.017423791575745553
4852583697,0.053497455320156234,0.88132717875882749,0.0059573125024657749,0.002012072434607646,0.034757564997830115,0,0,0.00059178601017871937,7.8904801357162582e-005,0.021777725174576872,0,0.0046948356807511738,0.73918017911389911,0.022921844794255731,0.0035901684617508974,0.0022882392393577147,0.00023671440407148776,0.00055233360950013809,0.00047342880814297552,0.00019726200339290645,0.22586499388487791,0,0.015978222274825423,0.95056614194973765,0.0096658381662524159,0.0035507160610723162,0.017635223103325836,0.00011835720203574388,0.00023671440407148776,0.00035507160610723161,0.0018542628318933207,0,3.9452400678581291e-005,0.42135163924724822,0.01893715232571902,0.22752199471337831,0.054404860535763599,0.23774016648913088,0,0.00398469246853671,7.8904801357162582e-005,0,0.027498323272971161,0.0084822661458949771,0.14443523888428611,0.032193158953722337,0.50751568232926969,0.15272024302678819,0.054996646545942322,0.00015780960271432516,0.019371128733183415,0.00086795281492878836,0.0031561920542865032,0.082573874620270646,0.002012072434607646,0.13693928275535566,0.2294157099459502,0.16944806091450665,0.072434607645875254,0.30725529648479111,0.00059178601017871937,0.018345366315540301,0.00043397640746439418,0.0017359056298575767,0.06194026906537263,0.0014597388251075078,0.37925592772320194,0.00047342880814297552,0.14924843176707303,0.39274864875527676,0.010336528977788298,3.9452400678581291e-005,0.016964532291789954,0.0045764784787154294,0,0.045488617982404229,0.00086795281492878836,0.15828303152246814,0.00023671440407148776,0.10660038663352665,0.45362370300232768,0.012703673018503175,7.8904801357162582e-005,0.10644257703081232,0.0018937152325719021,0,0.15792795991636091,0.0022093344380005524,0.03187753974829368,7.8904801357162582e-005,0.17867992267329466,0.28232137925592771,0.018305913914861718,0,0.12490630054838837,0.0035507160610723162,0,0.35668915453505345,0.0035901684617508974
4852586041,0.81891348088531191,0.034047421785615657,0.001499191225786089,0.0014597388251075078,0.14198919004221408,0,0,0.00055233360950013809,0,7.8904801357162582e-005,0.0014597388251075078,0.20629660314830156,0.16960587051722098,0.018305913914861718,0.043989426756618141,0.21911863336884049,0,0,0.0014202864244289265,0,0.33566102497336964,0.0056022408963585435,0.20621769834694442,0.31865704028090108,0.020120724346076459,0.026748727660078117,0.28898883497060796,7.8904801357162582e-005,7.8904801357162582e-005,0.0018148104312147395,0,0.098946620901881874,0.038347733459581014,0.32627135361186727,0.0061545745058586817,0.024223774016648911,0.095435357241488147,0.46687970963033099,3.9452400678581291e-005,0.00043397640746439418,0.0028011204481792717,0,0.005720598098394287,0.072040083639089439,0.32062966031483014,0.012782577819860339,0.069081153588195846,0.45575413263897108,0.1219079180968162,0,0.0011441196196788574,0.0012624768217146013,0,0.012269696611038782,0.0051682644888941488,0.28460961849528543,0.0109677673886456,0.048802619639405055,0.021738272773898292,0.56006628003313996,0,0.00023671440407148776,0.00063123841085730066,3.9452400678581291e-005,0.0067069081153588199,0.066201128338659404,0.33136071329940425,3.9452400678581291e-005,0.12916715982167515,0.01621493667889691,0.34658933996133667,3.9452400678581291e-005,0.036217303822937627,0.00055233360950013809,0.00011835720203574388,0.06170355466130114,0.077997396141555209,0.024618298023434727,0.00098631001696453222,0.31672387264765062,0.086282400284057287,0.028524085690614275,0.00019726200339290645,0.073894346470982752,0.0016570008285004142,0.0014597388251075078,0.30910955931668443,0.15654712589261058,0.13019292223931828,0.00051288120882155681,0.28512249970410697,0.073184203258768302,0.19805105140647808,0.00071014321221446323,0.0305756105259005,0.0038663352665009665,0.0012230244210360201,0.21667258452676846,0.059888744230086402
4852589249,0.10147157454531108,0.42644099893478521,0.36221249063005484,0.062610959876908512,0.021619915571862547,0.00011835720203574388,0.0020909772359648084,0.004221406872608198,0.014242316644967846,0.0048920976841440806,7.8904801357162582e-005,0.024697202824791889,0.62879236201522859,0.11527991478281453,0.054404860535763599,0.14013492721032075,0.00063123841085730066,0.0099420049710024858,0.0037085256637866414,0.0030772872529293408,0.01593876987414684,0.0033929064583579911,0.31348877579200696,0.12466958614431688,0.024342131218684657,0.0074170513275732828,0.52227088018305912,0,0.00082850041425020708,0.00047342880814297552,0,0.0011046672190002762,0.0054049788929656367,0.097526334477452958,0,0.34004024144869216,0.11819939243302954,0.34919319840612301,0.00011835720203574388,0.032587682960508145,0.001499191225786089,7.8904801357162582e-005,0.054681027340513673,0.0060756697045015193,0.036887994634473509,0,0.22566773188148498,0.08249496981891348,0.34276245709551428,0.00031561920542865033,0.043200378743046518,0.00031561920542865033,0,0.22089399139937665,0.047461238016333292,0.25675622361620704,0,0.20108888625872884,0.15930879394011124,0.25691403321892137,0,0.087347615102378984,3.9452400678581291e-005,0,0.033061111768651119,0.0054838836943227999,0.28141397404032037,0.0007890480135716258,0.18286187714522428,0.082652779421627812,0.1488933601609658,0,0.05704817138122855,0.00031561920542865033,0,0.18558409279204641,0.060441077839586542,0.051406478084191423,0,0.32875685485461792,0.2032587682960508,0.010494338580502624,0.00015780960271432516,0.19189647690061939,0.00027616680475006904,0,0.20507357872726556,0.0086795281492878847,0.00023671440407148776,0,0.29751055351718153,0.26105653529017242,7.8904801357162582e-005,0,0.38521324022566772,0,0,0.055391170552728131,0.00051288120882155681
4852592511,0.27013058744624613,0.044502307965439698,0.04189844952065333,0.073105298457411136,0.33408292894622638,0,0.00035507160610723161,0.0025249536434292026,0,0.20093107665601451,0.032469325758472403,0.18550518799068924,0.012230244210360201,0.029747110111650293,0.075827514104233246,0.10419379019213319,0,0,0.0033929064583579911,0,0.58354045843689584,0.0055627884956799623,0.091253402769558525,0.029904919714364618,0.0071014321221446325,0.019450033534540577,0.16921134651043515,0,0.0018542628318933207,0.0022487868386791335,0,0.677752791257348,0.0012230244210360201,0.18838521324022567,0.01680672268907563,0.01921331913046909,0.48790783919201486,0.242908430978025,0,0.002012072434607646,0.00398469246853671,3.9452400678581291e-005,0.035546613011401745,0.0031956444549650848,0.26709275259399534,0.014715745453110822,0.041306663510474614,0.53458002919477654,0.098867716100524722,0.00019726200339290645,0.014242316644967846,0.00398469246853671,0.0054049788929656367,0.011875172604252969,0.007732670533001933,0.36406675346194817,0.030299443721150433,0.054207598532370692,0.26192448810510122,0.2442103602004182,0,0.01219079180968162,0.0085217185465735583,0,0.010494338580502624,0.014084507042253521,0.22334004024144868,0.010020909772359648,0.06466248471219474,0.58322483923146728,0.064307413106087508,0,0.01341381623071764,0.012624768217146013,0.013966149840217778,0.014202864244289265,0.00023671440407148776,0.015189174261253798,0.00063123841085730066,0.035625517812758904,0.8338659407424942,0.014202864244289265,0,0.074604489683197217,0.0054049788929656367,7.8904801357162582e-005,0.020357438750147946,3.9452400678581291e-005,0.25805815283860023,0.019568390736576322,0.025722965242435003,0.49252377007140885,0.030062729317078943,0,0.12822030220538919,0.033889612182901332,0.00023671440407148776,0.011717363001538644,0
4852596175,0.35526886811062452,0.00059178601017871937,0.25987296326981496,0.051051406478084191,0.26129324969424389,0.0010652148183216948,0.00074959561289304451,0.0012230244210360201,0.0013808340237503453,0.00059178601017871937,0.066911271550873869,0.15402217224918135,0.075866966504911829,0.19158085769519076,0.030654515327257662,0.34347260030772875,0.013256006628003313,0.009981457371681067,0.007732670533001933,0.013453268631396221,0.065924961533909338,0.094054523217737801,0.23703002327691641,0.02599913204718507,0.23213792559277233,0.012388053813074526,0.33431964335029785,0.013374363830039059,0.01341381623071764,0.006746360516037401,0.0062729317078944252,0.029904919714364618,0.088412829920700681,0.28981733538485815,0.00019726200339290645,0.23631988006470195,0.063242198287765811,0.17800923186175879,0.094291237621809285,0.0046159308793940115,0.0024460488420720403,0.00027616680475006904,0.0032745492563222471,0.12751015899317472,0.0074959561289304451,0.00015780960271432516,0.052353335700477371,0.024539393222077564,0.70844675898528431,0.03385015978222275,0.0014597388251075078,3.9452400678581291e-005,0,0.0076537657316447707,0.16400362962086243,0.0040241448692152921,0,0.12001420286424429,0.0025644060441077838,0.31277863257979249,0.08470430425691404,0.023040201996291473,0.00047342880814297552,0.00067069081153588194,0.04757959521836904,0.40415039255138674,0.27525939953446166,0,0.083836351441985243,0.0010652148183216948,0.19390854933522705,0.21809287095119739,0.0072986941255375392,0.00019726200339290645,0.00023671440407148776,0.03112794413540064,0.1889769992504044,0.0029194776502150157,0,0.03298220696729396,0.0028011204481792717,0.56452440130981973,0.020988677161005248,0.0042608592732867791,0.00015780960271432516,0,0.016609460685682725,0.35475598690180299,0.0019726200339290644,0,0.077997396141555209,0.00051288120882155681,0.15370655304375272,0.2277587091174498,0.0098236477689667423,0,0.00015780960271432516,0.0096658381662524159,0.51840454491655819
4853203184,0.11622677239910048,0.45429439381386355,0.06979129680041031,0.071014321221446325,0.27616680475006905,0,0.0016570008285004142,0.0015386436264646704,0,0.0022093344380005524,0.0071014321221446325,0.018897699925040437,0.84550439894267571,0.01866098552096895,0.055351718152049555,0.043358188345760842,0,0.0011441196196788574,0.00082850041425020708,0,0.010533790981181205,0.005720598098394287,0.044186688760011049,0.77882984179587333,0.064899199116266224,0.047224523612261808,0.054404860535763599,0,0.0010257624176431136,0.002012072434607646,0,0.002012072434607646,0.0054049788929656367,0.039255138675188386,0,0.64137767783169608,0.242908430978025,0.026788180060756697,3.9452400678581291e-005,0.01893715232571902,0.0026038584447863654,0,0.027656132875685486,0.00043397640746439418,0.15094488499625203,0.028169014084507043,0.27312896989781826,0.31999842190397287,0.10723162504438395,0,0.014321221446325009,0.00074959561289304451,0,0.10222117015820413,0.003235096855643666,0.039294591075866969,0.00047342880814297552,0.760760642285083,0.17003984692468538,0.023395273602398705,0,0.001499191225786089,0.0039452400678581289,3.9452400678581291e-005,0,0.00055233360950013809,0.11808103523099381,0,0.46605120921608079,0.23564918925316605,0.0219355347772912,7.8904801357162582e-005,0.050459620467905475,0.0049315500848226617,7.8904801357162582e-005,0.092358069988558805,0.01037598137846688,0.21308241606501754,0.00059178601017871937,0.22866611433305717,0.21221446325008878,0.01463684065175366,0.00031561920542865033,0.062374245472837021,0.0054049788929656367,0.00011835720203574388,0.23718783287963072,0.02540734603700635,0.26713220499467394,7.8904801357162582e-005,0.58756460330611116,0.10975657868781315,0.010928314987967017,0,0.0054838836943227999,0.0018937152325719021,0,0.0064701937112873319,0.01069160058389553
4853218718,0.020554700753540853,0.88326034639207796,0.0016964532291789956,0.0051288120882155676,0.087150353098986069,0,3.9452400678581291e-005,0,0,0.0021698820373219712,0,0.027853394879078393,0.57995028997514497,0.30662405807393378,0.074091608474375667,0.0030378348522507597,3.9452400678581291e-005,0.0017753580305361581,0.0020515248352862272,0.0017753580305361581,0.0024460488420720403,0.00035507160610723161,0.060519982640943701,0.23182230638734366,0.6361699609421233,0.064425770308123242,0.0025249536434292026,0.00043397640746439418,0.00055233360950013809,0.0030378348522507597,3.9452400678581291e-005,3.9452400678581291e-005,0.00043397640746439418,0.089004615930879397,0.35507160610723165,0.15461395825936008,0.059296958219907679,0.24886574348049079,0,0.016727817887718467,0.0030772872529293408,0,0.064307413106087508,0.0090345997553951153,0.072750226851303904,0.058705172209728963,0.63664338975026635,0.19584171696847752,0.0058784077011086126,0.00035507160610723161,0.0065490985126444943,0.0011046672190002762,7.8904801357162582e-005,0.018700437921647533,0.0033929064583579911,0.067345247958338267,0.036532923028366276,0.65554108967530678,0.21738272773898293,0.0088767901526807906,0,0.0054838836943227999,0.0013413816230717639,7.8904801357162582e-005,0.0071408845228232137,0.00027616680475006904,0.028918609697400087,0.00023671440407148776,0.20882155679173078,0.14052945121710655,0.035309898607330255,0.00015780960271432516,0.082376612616877731,0.0052077168895727308,0.00031561920542865033,0.49043279283544405,0.0076932181323233519,0.11192646072513512,0.00059178601017871937,0.24993095829881248,0.33084783209058272,0.020002367144040713,0,0.047066714009547483,0.00090740521560736976,0,0.23529411764705882,0.0034323588590365723,0.18763561762733263,0.00086795281492878836,0.21008403361344538,0.43046514380400047,0.016570008285004142,0,0.03440249339172289,0.0095080285635380912,0,0.10999329309188464,0.00047342880814297552
4853220294,0.022132796780684104,0.94078194658144954,0.00047342880814297552,0.0071408845228232137,0.027577228074328324,0,0.00019726200339290645,0.00090740521560736976,0,0.0007890480135716258,0,0,0.99988164279796421,0,0.00011835720203574388,0,0,0,0,0,0,0,0.05223497849844163,0.92559277232019566,0.0025249536434292026,0.012269696611038782,0.0017753580305361581,0,3.9452400678581291e-005,0.0031561920542865032,0,0.0024065964413934587,0,0.21915808576951906,0.33424073854894071,0.081666469404663281,0.016885627490432792,0.34339369550637155,0,0.0017753580305361581,0.001499191225786089,0,0.0012230244210360201,0.00015780960271432516,0.082337160216199162,0.32788890203968912,0.53497455320156229,0.043594902749832326,0.0044975736773582671,0.00031561920542865033,0.0028011204481792717,0.0011046672190002762,0.00090740521560736976,0.00094685761628595104,0.00063123841085730066,0.23687221367420208,0.2161202509172683,0.48885469680830079,0.035230993805973096,0.020712510356255178,0,0,0.0021304296366433896,7.8904801357162582e-005,0,0,0.069594034797017396,3.9452400678581291e-005,0.3388566694283347,0.19189647690061939,0.045409713181047064,0.00019726200339290645,0.21884246656409043,0.0023671440407148775,0.00055233360950013809,0.13074525584881841,0.001499191225786089,0.11429360476585,0.0019726200339290644,0.54787548822345844,0.15567917307768178,0.023355821201720126,3.9452400678581291e-005,0.10087978853513237,0.0014202864244289265,0,0.049394405649583778,0.0050893596875369864,0.21000512881208822,0.0011441196196788574,0.6072118988440447,0.068331557975302798,0.061348483055193907,7.8904801357162582e-005,0.038071566654830948,0.0030772872529293408,0,0.0059573125024657749,0.0047737404821083362
507469197,0.06147300469483568,0.097623239436619713,0.012411971830985916,0.66517018779342718,0.15842136150234742,0.00041079812206572768,0.0023474178403755869,0.00093896713615023472,5.868544600938967e-005,0.00020539906103286384,0.00093896713615023472,0.013820422535211268,0.11936619718309859,0.028315727699530516,0.68371478873239433,0.13617957746478873,0.00076291079812206572,0.01323356807511737,0.00093896713615023472,5.868544600938967e-005,0.0012617370892018778,0.0023474178403755869,0.013761737089201878,0.20378521126760563,0.021948356807511737,0.67523474178403753,0.069571596244131451,0.0014964788732394366,0.011355633802816902,0.00082159624413145535,8.8028169014084512e-005,0.00023474178403755868,0.0017018779342723004,0.10933098591549295,0.011326291079812206,0.14154929577464789,0.24017018779342722,0.39694835680751173,0.012705399061032864,0.010064553990610329,0.0024354460093896713,0.007805164319248826,0.0053990610328638498,0.062265258215962439,0.087118544600938971,0.030252347417840376,0.090727699530516431,0.26065140845070423,0.35129107981220659,0.036238262910798125,0.01948356807511737,0.0019953051643192489,0.0034624413145539906,0.0063380281690140847,0.1124413145539906,0.28215962441314552,0.11423122065727699,0.028257042253521127,0.22048122065727699,0.33720657276995303,0.0027875586854460093,0.0040786384976525822,0.00070422535211267609,0.00055751173708920186,0.00055751173708920186,0.0089788732394366199,0.25032276995305164,0.022681924882629108,0.18896713615023475,0.17828638497652582,0.22294600938967135,0.0086267605633802823,0.042282863849765255,0.027171361502347419,0.035622065727699534,0.0094190140845070418,0.013673708920187794,0.19867957746478873,0.018104460093896713,0.23412558685446008,0.1790199530516432,0.15710093896713614,0.039172535211267609,0.050410798122065725,0.027611502347417841,0.048826291079812206,0.012969483568075117,0.033978873239436623,0.30193661971830987,0.010827464788732394,0.17397300469483568,0.12344483568075118,0.25076291079812207,0.015669014084507042,0.029518779342723005,0.017136150234741784,0.053315727699530517,0.01176643192488263,0.011649061032863849
556645083,0.020774647887323944,0.59539319248826295,0.13403755868544601,0.2266725352112676,0.0091842723004694829,0.00011737089201877934,0.0041079812206572773,0.00079225352112676059,0.0030516431924882629,0.0033157276995305165,0.0025528169014084508,0.023415492957746479,0.59568661971830983,0.15073356807511737,0.19245892018779343,0.0091255868544600945,8.8028169014084512e-005,0.0036971830985915491,0.0012323943661971832,0.0016431924882629107,0.01329225352112676,0.0086267605633802823,0.022124413145539906,0.64879694835680746,0.097828638497652581,0.17590962441314553,0.041109154929577466,0.00011737089201877934,0.0046361502347417836,0.0024647887323943664,0.0028169014084507044,0.0012910798122065727,0.0029049295774647888,0.11795774647887323,2.9342723004694835e-005,0.3012323943661972,0.12370892018779343,0.34897300469483566,0,0.0080399061032863858,0.00014671361502347418,0.0011737089201877935,0.044865023474178402,0.053873239436619716,0.085035211267605632,0.00041079812206572768,0.30472417840375587,0.21417253521126761,0.2612382629107981,0,0.0093309859154929575,0.00029342723004694836,0,0.082188967136150232,0.0426056338028169,0.057159624413145538,0.00014671361502347418,0.25073356807511737,0.10701291079812207,0.46825117370892017,5.868544600938967e-005,0.019659624413145539,0.00011737089201877934,0.00090962441314553996,0.053814553990610331,0.042136150234741786,0.032599765258215965,0.0011443661971830986,0.28576877934272299,0.1119424882629108,0.4203051643192488,0,0.025909624413145541,0.00052816901408450699,0.00038145539906103286,0.054019953051643192,0.06740023474178404,0.025645539906103288,0.00073356807511737085,0.18192488262910797,0.19683098591549295,0.46147300469483565,0,0.025733568075117372,0.00011737089201877934,0,0.066960093896713618,0.040580985915492959,0.016607981220657278,0.0014964788732394366,0.23001760563380283,0.12951877934272302,0.48456572769953049,0.00023474178403755868,0.056161971830985917,0.00032276995305164318,0.00099765258215962446,0.037499999999999999,0.042576291079812208
556874172,0,0.73946596244131457,0,0.016784037558685447,0,0,2.9342723004694835e-005,0,0,0.2437206572769953,0,0,0.95713028169014081,0,0.00035211267605633805,0,0,0,0,0,0.042517605633802816,0,0.016285211267605633,0.97329812206572774,2.9342723004694835e-005,0.0017312206572769953,0.0086267605633802823,0,0,2.9342723004694835e-005,0,0,0,0.34196009389671361,0.17705399061032864,0.16751760563380283,0.072095070422535212,0.15522300469483569,0.0049295774647887328,0.020187793427230045,0.0030223004694835682,0.01176643192488263,0.031338028169014084,0.014906103286384977,0.06326291079812206,0.57546948356807515,0.272593896713615,0.026261737089201879,0.012646713615023474,0.0037265258215962442,0.018749999999999999,0.0036678403755868545,0.0092136150234741789,0.0042840375586854461,0.010123239436619719,0.25372652582159627,0.40164319248826291,0.0066021126760563379,0.12699530516431926,0.060181924882629106,0,0.00049882629107981223,0.00058685446009389673,0,0.14964788732394366,0.00011737089201877934,0.50469483568075113,0,0.15771713615023475,0.076877934272300469,0.21038732394366197,0,0.0049002347417840377,0.00011737089201877934,2.9342723004694835e-005,0.013849765258215962,0.031426056338028169,0.090757042253521131,2.9342723004694835e-005,0.54897300469483568,0.096860328638497653,0.064348591549295772,0.0006161971830985916,0.017370892018779342,0.00073356807511737085,0.0043133802816901412,0.049090375586854459,0.12690727699530516,0.43553403755868547,0.00049882629107981223,0.03368544600938967,0.20883215962441315,0.25170187793427229,0,0.00052816901408450699,0.0010856807511737088,0,0.063967136150234735,0.0041666666666666666
556875586,0.38169014084507041,0,0.15539906103286386,0.023679577464788732,0.2102992957746479,0,0.012411971830985916,0,0,0.11751760563380281,0.099002347417840378,0.22678990610328639,0.0039319248826291077,0.065669014084507038,0.19278169014084506,0.30803990610328641,0,0.0046361502347417836,8.8028169014084512e-005,0,0.15651408450704227,0.041549295774647887,0.12426643192488263,0.0022593896713615025,0.057012910798122068,0.042194835680751171,0.51493544600938967,0,0.0074530516431924885,0.00014671361502347418,0,0.16789906103286384,0.08383215962441315,0.00044014084507042255,0.00011737089201877934,0.079254694835680747,0.1420481220657277,0.61179577464788737,0,0.0066607981220657281,2.9342723004694835e-005,0,0.10484154929577465,0.054812206572769952,0.014465962441314553,0.0015845070422535212,0.014084507042253521,0.5597711267605634,0.2726232394366197,0,8.8028169014084512e-005,0.00023474178403755868,0,0.13582746478873239,0.0013204225352112676,0.058861502347417841,0.011003521126760563,0.002142018779342723,0.22620305164319249,0.51860328638497655,0,0.00017605633802816902,0.00017605633802816902,0,0.18204225352112677,0.00079225352112676059,0.0078345070422535211,8.8028169014084512e-005,0.010064553990610329,0.026525821596244132,0.94254694835680752,0,0.00011737089201877934,0,0,0.0051936619718309859,0.0076291079812206572,0.10774647887323943,0.00073356807511737085,0.0056338028169014088,0.35187793427230046,0.36211854460093895,0,2.9342723004694835e-005,5.868544600938967e-005,0,0.17130281690140844,0.00049882629107981223,0.026848591549295774,0.002112676056338028,0.0025821596244131454,0.074295774647887322,0.86602112676056342,0,0,0,0,0.028139671361502347,0
556877280,0.055604460093896711,0.18720657276995306,0.0026408450704225352,0.21649061032863851,0.39556924882629108,5.868544600938967e-005,0.0043427230046948354,0.00073356807511737085,0,0.13705985915492958,0.00029342723004694836,0,0.98820422535211272,0,0.010299295774647887,2.9342723004694835e-005,0,0,0,0,0.0014671361502347417,0,0,0.79979460093896715,0,0.20020539906103285,0,0,0,0,0,0,0,0.30900821596244132,0.0006161971830985916,0.00064553990610328636,0.022271126760563382,0.66681338028169013,0,0,0.00011737089201877934,0,0.00038145539906103286,0.00014671361502347418,0.044336854460093895,0.27723004694835679,0.0011150234741784037,0.42822769953051643,0.23207159624413146,0,0.0015258215962441314,8.8028169014084512e-005,0,0.015316901408450705,8.8028169014084512e-005,0,0.26910211267605633,0,0.73075117370892018,0,0,0.00014671361502347418,0,0,0,0,0.525381455399061,2.9342723004694835e-005,0.0018192488262910799,0.0064847417840375584,0.46610915492957744,0,0,0.00011737089201877934,0,2.9342723004694835e-005,2.9342723004694835e-005,0.10196596244131455,0.021449530516431926,0.062470657276995308,0.23758802816901409,0.47576291079812205,2.9342723004694835e-005,0.026965962441314554,0.0036678403755868545,0.0035211267605633804,0.047065727699530518,0.019512910798122066,0.084330985915492956,0.052318075117370889,0.088526995305164322,0.45551643192488261,0.19090375586854461,0.00088028169014084509,0.034624413145539906,0.010915492957746478,0.0072769953051643197,0.055868544600938964,0.018838028169014084
556878444,0.99829812206572766,0.00026408450704225349,0,0.001056338028169014,0.00038145539906103286,0,0,0,0,0,0,0.90228873239436624,0.010357981220657278,0,0.034125586854460092,0.052670187793427227,0,0,8.8028169014084512e-005,0,0.00046948356807511736,0,0.815287558685446,0.056514084507042255,0.0064260563380281691,0.016960093896713616,0.10481220657276995,0,0,0,0,0,0,0.35991784037558683,0.00020539906103286384,0.018603286384976526,0.20387323943661972,0.068779342723004691,0,0.0089201877934272297,0,0,0.33970070422535209,0,0.2584800469483568,0.001056338028169014,0.030897887323943662,0.27426643192488265,0.080369718309859159,0,8.8028169014084512e-005,0.00011737089201877934,0,0.35466549295774646,5.868544600938967e-005,0.28741197183098594,0.0097417840375586852,0.031220657276995304,0.31593309859154928,0.13714788732394367,0,0.00055751173708920186,0.00011737089201877934,0,0.21778169014084506,8.8028169014084512e-005,0.18978873239436619,5.868544600938967e-005,0.02881455399061033,0.17855046948356806,0.51781103286384977,0,0.0026995305164319249,0.00011737089201877934,0,0.081338028169014087,0.00082159624413145535,0.13251173708920189,5.868544600938967e-005,0.026789906103286385,0.11402582159624414,0.70352112676056333,0,0,5.868544600938967e-005,0,0.021654929577464788,0.0013791079812206573,0.23259976525821596,0,0.0087734741784037552,0.13485915492957745,0.61220657276995305,0,2.9342723004694835e-005,0,0,0.011384976525821596,0.00014671361502347418
557030196,0.57570422535211263,0.41417253521126762,0,0,0.010093896713615023,0,0,2.9342723004694835e-005,0,0,0,0.25319835680751174,0.52494131455399062,0.0033157276995305165,0.066930751173708919,0.046126760563380283,0,0.00044014084507042255,0.00044014084507042255,0,0.10451877934272301,8.8028169014084512e-005,0.60695422535211263,0.14583333333333334,0.00067488262910798123,0.016314553990610329,0.22796361502347418,0,0,0.00029342723004694836,0,0.0019659624413145538,0,0.32312206572769953,0.47523474178403757,0.022887323943661973,0.075792253521126757,0.029577464788732393,0,0.0015551643192488263,8.8028169014084512e-005,0,0.071713615023474175,2.9342723004694835e-005,0.045217136150234739,0.34457159624413147,0.078227699530516434,0.15137910798122065,0.17147887323943661,0,0.00020539906103286384,0.00035211267605633805,0,0.20803990610328638,0.00052816901408450699,0.26869131455399059,0.010357981220657278,0.02209507042253521,0.13013497652582159,0.50595657276995309,0,0.00011737089201877934,2.9342723004694835e-005,2.9342723004694835e-005,0.062470657276995308,0.00011737089201877934,0.10275821596244132,0.03306924882629108,0.11602112676056338,0.34553990610328639,0.16534624413145541,0,0.0073063380281690139,0.00020539906103286384,0,0.22919600938967136,0.00055751173708920186,0.13101525821596244,0.0074530516431924885,0.15319835680751173,0.31296948356807514,0.26883802816901409,0,0.0061326291079812209,2.9342723004694835e-005,0,0.11854460093896714,0.0018192488262910799,0.42373826291079814,0.003785211267605634,0.027112676056338027,0.29058098591549297,0.068632629107981222,0,0.0024061032863849766,2.9342723004694835e-005,0,0.18327464788732395,0.00044014084507042255
5620044072,0.16418699993387556,0.35637770283673875,0.013588573695695298,0.10784897176486147,0.31838920849037888,0,6.6124446207763005e-005,0.0023143556172717052,0,0.004529524565231766,0.032698538649738811,0.049461085763406729,0.48062553726112545,0.018018911591615422,0.2808635852674734,0.13902664815182172,3.3062223103881503e-005,0.00042980890035045955,0.0047940223500628184,0,0.01382000925742247,0.012927329233617668,0.12689281227269722,0.33052304436950342,0.011935462540501223,0.1355220525028103,0.34153276466309596,0,0.00013224889241552601,0.0022482311710639424,0,0.010381538054618793,0.040831845533293658,0.017919724922303776,0.007802684652516035,0.046683859022680685,0.071282153011968524,0.64160550155392448,0.00089268002380480066,0.03276466309594657,0.0047940223500628184,0,0.02919394300072737,0.14706076836606494,0.080704886596574751,0.045295245652317663,0.1755273424585069,0.15294584407855585,0.23285723732063743,0.008364742445282021,0.10808040732658863,0.012960391456721549,3.3062223103881503e-005,0.13168683462276004,0.051544005818951265,0.01276201811809826,0.0085961780070091913,0.02836738742313033,0.063578655028764128,0.60814653177279643,0.00056205779276598559,0.040170601071216026,0.0053560801428288035,0,0.054089796997950142,0.17837069364544073,0.29845268795873836,0.28149176750644711,0.086722211201481186,0.162666137671097,0.022350062818223899,0.0042319645572968323,0.030615618594194274,0.015274747073993256,6.6124446207763005e-005,0.089929246842557695,0.0081994313297626131,0.29160880777623488,0.25127289558949945,0.21305296568141241,0.054056734774846259,0.090160682404284861,0.0042650267804007144,0.013588573695695298,0.0080341202142432053,0,0.021920253917873438,0.052039939165509488,0.32000925742246911,0.2558024201547312,0.035938636513919195,0.25067777557362958,0.011009720293592542,0.00023143556172717052,0.025226476228261588,0.015473120412616545,0,0.084705415592144409,0.0009257422469086821
5620339668,0.0012985715712716013,0.8466020710551726,0.0037958245929477575,0.0087237372223887052,0.030666267106183198,0,0.0001997802417340925,0.00046615389737954916,0,0.099823527453134886,0.0084240668597875667,0.030333300036626376,0.43838444377851032,0.031265607831385475,0.042420004661538974,0.34152432324443111,3.3296706955682086e-005,0.0001997802417340925,0.00083241767389205209,0,0.01631538640828422,0.098691439416641699,0.0030632970399227517,0.87833383278393762,0.00086571438084773417,0.0035294509373023008,0.027602970066260446,0,0.00046615389737954916,0.00056604401824659545,0,0.085073086271767726,0.0004994506043352313,0.010421869277128492,0.0024972530216761562,0.087437152465621157,0.0098558252588818972,0.27609629407651581,0.00066593413911364169,0.0032630772816568442,9.9890120867046251e-005,0,0.28658475676755568,0.32307794759098324,0.033496487197416172,0.0084573635667432485,0.083075283854426793,0.0069257150467818733,0.22858189325075751,0.00076582425998068793,0.0011320880364931909,9.9890120867046251e-005,0,0.035527586321712781,0.60193786834482066,0.0089901108780341618,0.21566277095195285,0.060932973728898214,0.022342090367262677,0.20723870409216527,0.000399560483468185,0.0033629674025238902,0.00016648353477841042,0,0.18892551526654014,0.29197882329437619,0.02607132154629907,0,0.081576932041421107,0,0.23314354210368596,0.060366929710651614,0.00073252755302500585,0,0.0001997802417340925,0.0021975826590750177,0.59571138414410818,0.059667698864582293,0,0.064229347717510737,9.9890120867046251e-005,0.40075916491858954,0.01391802350747511,0.00016648353477841042,0,0.00023307694868977458,0.00056604401824659545,0.46036027036926047,0.055339126960343619,0,0.13235441014883628,0,0.26790530416541802,0.032730662937435491,0.0013651649851829655,0,0.000399560483468185,0.0046948356807511738,0.50521093463856426
6221456790,0.19662104079878331,0.32400978641803874,0.0023804800634794686,0.42792435363353831,0.00019837333862328903,0,0.003008662302453217,0.0404020366329432,0,0.0054222045890365668,3.3062223103881503e-005,0.2429412153673213,0.17952787145407656,0.0079349335449315616,0.4325861270911856,0.00023143556172717052,0,0.096178007009191296,0.0033723467565959135,0,0.037228063214970575,0,0.23897374859485551,0.17506447133505257,0,0.52258149837995105,0,0,0.038781987700853005,0.015935991536070886,0,0.0086623024532169537,0,0.040798783310189775,0.20974674337102428,0.2295179527871454,0.016861733782979567,0.096475567017126229,0.033723467565959134,0.026615089598624613,0.00033062223103881507,0.00016531111551940753,0.31184288831581036,0.033921840904582425,0.1094028962507439,0.26168749586722212,0.33587912451233221,0.056701712623156784,0.063314157243933078,0.0034715334259075581,0.0051907690273093965,0.00019837333862328903,3.3062223103881503e-005,0.14203531045427495,0.022085565033392845,0.0090921113535674131,0.62282615883091974,0.018118098260927064,0.12927329233617668,0.010811346954969252,0,0.0062487601666336044,0.00013224889241552601,0.00059512001586986714,0.19212457845665543,0.010778284731865371,0.17684983138266216,0.012795080341202143,0.46958275474442901,0.0039674667724657808,0.2544138067843682,0.030648680817298154,0.00062818223897374858,6.6124446207763005e-005,0.00013224889241552601,0,0.050915823579977516,0.2696224294121537,0.017556040468161078,0.55068438801825037,0.012828142564306024,0.10979964292799048,0.02175494280235403,6.6124446207763005e-005,9.9186669311644515e-005,6.6124446207763005e-005,0,0.017522978245057198,0.25213251339020037,0.074918997553395497,0.24737155326324142,0.037525623222905508,0.30136216359187989,0.020564702770614295,0.00066124446207763013,0.003273160087284269,0.0015208622627785491,3.3062223103881503e-005,0.060636117172518683
6921452084,0.0070753157442306419,0.52155656946373075,0.056933148184883951,0.043410698935396418,0.00066124446207763013,0.015175560404681611,0.05498247702175494,0.056833961515572309,0.00056205779276598559,0.22832771275540567,0.0144812537195001,6.6124446207763005e-005,0.56106592607286909,0.069496792964358928,0.023573365073067513,0.00042980890035045955,0.016696422667460159,0.04552668121404483,0.025358725120677113,0.0009257422469086821,0.2456192554387357,0.011241155855319712,0.00016531111551940753,0.62947166567479995,0.086358526747338488,0.029590689677973948,0.0016531111551940753,0.01186933809429346,0.041559214441579055,0.032367916418699995,6.6124446207763005e-005,0.15449976856443828,0.012398333663955565,0.51084440917807317,0.37499173444422401,0.020730013886133703,0.019176089400251273,0.0053230179197249223,0.036269258744958011,0.012795080341202143,0.00079349335449315612,9.9186669311644515e-005,0.0025127289558949943,0.016464987105732989,0.57607617536203137,0.19311644514977186,0.028036765192091515,0.11608146531772796,0.0096211069232295179,0.031276863056271906,0.015241684850889373,0.0014547378165707862,0.00023143556172717052,0.002545791178998876,0.026317529590689677,0.51983733386232889,0.26486146928519472,0.06268597500495933,0.028334325200026451,0.0085631157839053101,0.043542947827811943,0.035112080936322156,0.0021490445017522978,0.00019837333862328903,0.0056205779276598559,0.029094756331415724,0.53825299213119093,0.43347880711499043,0.0042650267804007144,0.0020829200555445349,0.021457382794419097,0,0,0.00046287112345434105,0,0,0,0.54651854790716126,0.40147457515043311,0.0035707200952192026,0.0024466045096872314,0.04526218342921378,0,0,0.00072736890828539312,0,0,0,0.52281293394167827,0.45384513654698144,0.0024466045096872314,0.0016200489320901937,0.018944653838524103,0,0,0.00029756000793493357,3.3062223103881503e-005,0,0
7215271620,0.43225784969866482,0,0,0.28511970166150569,0,0,0,0,0,0.28262244863982949,0,0.55026137914960216,0,0,0.3273066293743549,0,0,0,0,0,0.12243199147604301,0,0.40292345087070891,0,0,0.55955116039023745,0,0,0,0,0,0.037525388739053707,0,0.087537042586488201,0,0,0.11394133120234409,0,0,0,0,0,0.79852162621116773,0,0.2971398128725069,0,0,0.43828455365764324,0,0,0,0,0,0.26457563346984986,0,0.11703792494922252,0,0,0.88033163520127855,0,0,0,0,0,0.0026304398494988845,0,0.071521326540805119,0,0,0.28661805347451136,0,0,0,0,0,0.64186061998468347,0,0.64365864216029034,0,0,0.27369893117570671,0,0,0,0,0,0.082642426664002927,0,0.45456664335897179,0,0,0.54543335664102821,0,0,0,0,0,0,0
7236689486,0.013959311424100156,0.77583724569640067,0.047198748043818468,0.035367762128325507,0.12594679186228483,0,0.00018779342723004695,6.2597809076682316e-005,0,0.00031298904538341156,0.0011267605633802818,0.042378716744913926,0.69752738654147106,0.0011893583724569641,0.013896713615023475,0.24400625978090767,0,0.00012519561815336463,0.00050078247261345853,0,0.00031298904538341156,6.2597809076682316e-005,0.063035993740219093,0.70334898278560254,0.039812206572769952,0.02672926447574335,0.16519561815336464,0,6.2597809076682316e-005,0.00012519561815336463,0,0.0015649452269170579,0.00012519561815336463,0.072550860719874807,0.041377151799687012,0.12100156494522692,0.36544600938967137,0.26378716744913927,0,0.031862284820031297,0.0058841940532081381,0,0.096463223787167443,0.0016275430359937403,0.085446009389671368,0.0025039123630672924,0.091267605633802817,0.41151799687010954,0.28870109546165884,0,0.021283255086071987,0.0018779342723004694,0,0.095586854460093892,0.0018153364632237871,0.26441314553990608,0.02516431924882629,0.065915492957746485,0.37752738654147106,0.21959311424100156,0,0.033427230046948357,0.0024413145539906103,0,0.0097652582159624413,0.0017527386541471048,0.12838810641627543,0.12438184663536776,0.16582159624413145,0.51161189358372461,0.0033176838810641627,0,0.035805946791862282,0.0060093896713615024,0,0.021345852895148669,0.0033176838810641627,0.034866979655712053,0.00056338028169014088,0.26172143974960876,0.25051643192488265,0.23824726134585289,0.00018779342723004695,0.14910798122065727,0.0011267605633802818,0,0.050453834115805944,0.013208137715179969,0.0035054773082942095,0.19774647887323943,0.050892018779342726,0.40306729264475744,0.00012519561815336463,0,0.32281690140845071,0.0037558685446009389,0,0.01809076682316119,0
7315908934,0.08106857105071745,0.050353765787211534,0.043013952258149836,0.06215697943529723,0.68299940487998412,9.9186669311644515e-005,0.0093566091383984664,0.0031409111948687428,3.3062223103881503e-005,0.045162996759902138,0.022614560603054949,0.039873041063281094,0.25196720227468095,0.11323811413079415,0.22039277921047412,0.2313363750578589,0.00033062223103881507,0.01494412484295444,0.0060503868280103153,0,0.114957349732196,0.006910004628711235,0.062487601666336046,0.17228724459432651,0.038815049923956887,0.081729815512795082,0.58616015340871519,0.00046287112345434105,0.0044964623421278847,0.0017522978245057197,6.6124446207763005e-005,0.029954374132116643,0.021788005025457913,0.024499107319976194,0.0083316802221781398,0.026185280698274152,0.029458440785558419,0.80301527474707401,0.00076043113138927457,0.018812404946108575,0.0039674667724657808,0.00052899556966210404,0.025557098459300404,0.058883819348012963,0.084606228922832774,0.054056734774846259,0.21093698340276401,0.1762877735898962,0.22307081928188852,0.0078688090987237974,0.02810288963829928,0.006910004628711235,0.00013224889241552601,0.11975137208225881,0.088276135687363616,0.070554784103683127,0.0087945513456324804,0.021523507240626859,0.040368974409839317,0.77180453613700983,0.00033062223103881507,0.013456324803279773,0.0044303378959201214,0.00039674667724657806,0.019109964954043511,0.049229650201679562,0.0153739337433049,0.0066785690669840638,0.23983336639555644,0.11290749189975534,0.15922766646829334,0.019638960523705614,0.097930304833697024,0.020730013886133703,0.00085961780070091911,0.14937512398333663,0.17744495139853203,0.05885075712490908,0.0058520134893870262,0.54803941016993984,0.0024135422865833498,0.012927329233617668,0.070389472988163726,0.0023474178403755869,0.0009918666931164452,0.00036368445414269656,0.0033723467565959135,0.29445215896316868,0.081729815512795082,0.11492428750909212,0.17701514249818157,0.1072538517489916,0.19645572968326391,0.017522978245057198,0.093466904714673019,0.0078688090987237974,0.00039674667724657806,0.07187727302783839,0.13148846128413674
853745695,0.0025636273783049171,0.81912527798369161,3.0887076847047197e-005,0.04904867803311095,6.1774153694094393e-005,0,0.0052508030639980231,0.012354830738818878,0,0.11156412157153447,0,0,0.95419446503582905,0,0.016493699036323202,6.1774153694094393e-005,0,0.00095749938225846306,0.0054052384482332592,0,0.022856436866814926,3.0887076847047197e-005,0,0.96803187546330616,0.00015443538423523599,0.014084507042253521,9.2661230541141583e-005,0,0.0033666913763281442,0.0069187052137385718,0,0.0073202372127501849,3.0887076847047197e-005,0.10291574005436126,0.041944650358290092,0.086205831480108727,0.32128737336298491,0.09420558438349394,0.0088954781319495919,0.13964047442550037,0.070515196441808745,0.041419570051890287,0.078854707190511492,0.014115394119100568,0.087039782554979003,0.098745984680009891,0.062113911539411912,0.25521991598715099,0.26658636026686433,0.0080306399802322712,0.074870274277242396,0.045187793427230047,0.013991845811712379,0.062608104768964667,0.025605386706202125,0.21630219915987151,0.073789226587595749,0.062237459846800097,0.15264393377810723,0.29290214974054857,0.014516926118112183,0.085310106251544351,0.041172473437113909,0.01627748949839387,0.037558685446009391,0.0072893501359031377,0.21061897702001484,0.0014208055349641711,0.10075364467506795,0.073943661971830985,0.47618606375092659,0.0031195947615517668,0.035829009142574746,0.01343587842846553,0.030639980232270818,0.042809488510007411,0.01124289597232518,0.11057573511242896,0.0010192735359525575,0.082622930565851252,0.044940696812453669,0.59636767976278726,0.0018841116876698789,0.0054978996787744009,0.0031195947615517668,0.0034284655300222387,0.0092043489004200642,0.14133926365208796,0.030856189770200149,6.1774153694094393e-005,0.055226093402520382,0.0043859649122807015,0.71880405238448231,0,0.00015443538423523599,0.00027798369162342475,0.00012354830738818879,0.00052508030639980237,0.18958487768717569
855864683,0.20587951807228916,0.47040963855421686,0.12520481927710844,0.038843373493975902,0.15175903614457831,4.8192771084337347e-005,0.00033734939759036143,0.0018795180722891566,0.0029879518072289156,0.00024096385542168674,0.0024096385542168677,0.048626506024096385,0.5621204819277108,0.2196144578313253,0.01966265060240964,0.0090120481927710838,0.00077108433734939755,0.0033253012048192771,0.0017349397590361445,0.0030843373493975902,0.0015903614457831326,0.1304578313253012,0.12655421686746987,0.50973493975903617,0.077638554216867467,0.011421686746987951,0.2669879518072289,9.6385542168674694e-005,0.00043373493975903612,0.00091566265060240965,0.0036626506024096386,4.8192771084337347e-005,0.0025060240963855423,0.14959036144578314,0.00014457831325301204,0.22592771084337349,0.092240963855421687,0.39074698795180723,0.00091566265060240965,0.0053012048192771083,4.8192771084337347e-005,0,0.077734939759036142,0.057349397590361444,0.13720481927710843,0.0078554216867469887,0.35320481927710845,0.18857831325301205,0.049686746987951808,0.0062168674698795182,0.0072771084337349395,9.6385542168674694e-005,0.00043373493975903612,0.090216867469879516,0.1592289156626506,0.30298795180722893,0.0016385542168674699,0.11942168674698796,0.10655421686746988,0.37763855421686748,0.00057831325301204817,0.0072771084337349395,0.00043373493975903612,9.6385542168674694e-005,0.038698795180722889,0.044674698795180726,0.096433734939759042,0.0012530120481927711,0.011951807228915663,0.67913253012048191,0.039903614457831325,0,0.0059759036144578313,0.0032771084337349398,0,0.16183132530120481,0.00024096385542168674,0.085493975903614461,0,0.1390843373493976,0.51595180722891565,0.12857831325301206,0,0.00062650602409638557,0,0,0.098120481927710848,0.032144578313253014,0.65363855421686745,0.0055421686746987952,0.0066024096385542165,0.26380722891566266,0.064096385542168677,0,0.00057831325301204817,0.00043373493975903612,0,0.0049638554216867468,0.00033734939759036143
855865433,0.56867469879518073,0.0057349397590361444,0.0099277108433734936,0.0027469879518072287,0.41243373493975904,0,0,9.6385542168674694e-005,0,4.8192771084337347e-005,0.00033734939759036143,0.46703614457831327,0.050265060240963853,0.061590361445783136,0.060433734939759037,0.33233734939759035,0.0035180722891566267,0.010506024096385543,0.0047710843373493976,0.00048192771084337347,0.008481927710843374,0.00057831325301204817,0.32346987951807227,0.078939759036144572,0.02766265060240964,0.04597590361445783,0.5100722891566265,0,9.6385542168674694e-005,0.00067469879518072286,0,0.0011566265060240963,0.011951807228915663,0.6963373493975904,0,0.014120481927710843,0.032385542168674696,0.23985542168674698,0,0.0070843373493975903,0.003469879518072289,0,0.0061204819277108436,0.00062650602409638557,0.3328674698795181,0.015759036144578312,0.03932530120481928,0.41508433734939759,0.14896385542168675,0,0.0047228915662650599,0.0011566265060240963,0,0.040578313253012047,0.0015421686746987951,0.091807228915662648,4.8192771084337347e-005,0.039614457831325299,0.032481927710843371,0.81195180722891569,0.0040000000000000001,0.0056385542168674698,0.00028915662650602408,0,0.0027469879518072287,0.011421686746987951,0.089542168674698788,0.0037108433734939759,0.096722891566265054,0.36722891566265059,0.26901204819277108,0.00043373493975903612,0.02906024096385542,0.012096385542168674,0.0023132530120481927,0.098554216867469874,0.031325301204819279,0.080722891566265054,0.0026506024096385541,0.15180722891566265,0.24255421686746989,0.27754216867469877,0.00033734939759036143,0.058939759036144582,0.0037590361445783132,0.00019277108433734939,0.1376867469879518,0.043807228915662653,0.082313253012048199,0.00019277108433734939,0.11416867469879519,0.10756626506024096,0.54515662650602414,0.017397590361445784,0.011614457831325302,0.00081927710843373496,0.010409638554216867,0.063662650602409637,0.046698795180722889
855867041,0.0052530120481927714,0.12125301204819278,0.028192771084337348,0.0087228915662650609,0.65228915662650599,0,0.00014457831325301204,0,0,0.027277108433734938,0.15686746987951808,0.00048192771084337347,0.40481927710843374,0.0029397590361445783,0.00048192771084337347,0.3188433734939759,0,0,0,0,0.0052048192771084337,0.26722891566265061,0.010457831325301205,0.17908433734939758,0.027855421686746987,0.005156626506024096,0.58881927710843374,0,4.8192771084337347e-005,0,0,0.0092530120481927706,0.17932530120481927,0.00019277108433734939,0.8169638554216867,0.00014457831325301204,0.00067469879518072286,0.17908433734939758,0,0,0,0,0.0028433734939759038,9.6385542168674694e-005,0,0.62279518072289153,0,0.00024096385542168674,0.36665060240963854,0,0,0,0,0.010313253012048192,0,0.0022168674698795181,0.7290120481927711,0.00019277108433734939,0.00077108433734939755,0.26110843373493975,0,4.8192771084337347e-005,0,0,0.003566265060240964,0.0030843373493975902,0.077975903614457831,0.46963855421686745,0.0022168674698795181,0.0064578313253012051,0.4115180722891566,0,0,4.8192771084337347e-005,0,0.015566265060240964,0.01657831325301205,0.020337349397590361,0.55286746987951807,9.6385542168674694e-005,0.0065542168674698796,0.3554698795180723,0,0,0,0,0.032626506024096384,0.032048192771084338,0.064867469879518067,0.26183132530120484,0.00033734939759036143,0.0018313253012048193,0.61918072289156623,0,0,0,0,0.02872289156626506,0.023228915662650604
855867495,0.066361445783132536,0,0,0.13580722891566266,0,0,0,0,0,0.79783132530120482,0,0.019903614457831325,0,0,0.21966265060240964,0,0,0,0,0,0.76043373493975908,0,0.052963855421686745,0,0,0.11831325301204819,0,0,0,0,0,0.82872289156626511,0,0.26115662650602411,0,0,0.73845783132530118,0,0,0,0,0,0.00038554216867469878,0,0.21199999999999999,0,0,0.78655421686746985,0,0,0,0,0,0.0014457831325301205,0,0.26751807228915664,0,0,0.73050602409638554,0,0,0,0,0,0.0019759036144578312,0,0.55975903614457834,0,0,0.41614457831325302,0,0,0,0,0,0.024096385542168676,0,0.44920481927710842,0,0,0.50530120481927709,0,0,0,0,0,0.04549397590361446,0,0.4705542168674699,0,0,0.50414457831325299,0,0,0,0,0,0.025301204819277109,0
856726934,0.056578313253012047,0.85845783132530118,0.030554216867469879,0.024963855421686748,0.023228915662650604,0.00053012048192771087,0.0036144578313253013,0.00081927710843373496,0.00072289156626506026,0.00048192771084337347,4.8192771084337347e-005,0.15840963855421686,0.29281927710843375,0.2685301204819277,0.1051566265060241,0.15720481927710844,0.00081927710843373496,0.012481927710843374,0.0010602409638554217,0.0021204819277108435,0.0010602409638554217,0.00033734939759036143,0.014216867469879518,0.76997590361445778,0.092771084337349402,0.02891566265060241,0.052674698795180726,0.0019277108433734939,0.001783132530120482,0.00014457831325301204,0.00053012048192771087,0.027373493975903614,0.0096867469879518067,0.16693975903614458,0.43036144578313251,0.018361445783132532,0.060722891566265064,0.31546987951807232,4.8192771084337347e-005,0.0028433734939759038,0.00091566265060240965,0.00043373493975903612,0.0036626506024096386,0.00024096385542168674,0.22867469879518074,0,0.15026506024096387,0.16221686746987951,0.45884337349397591,0,0,0,0,0,0,0.18669879518072288,0.034313253012048191,0.17720481927710843,0.26024096385542167,0.16216867469879517,0,0.004240963855421687,0.0013975903614457832,0.0011566265060240963,0.13209638554216868,0.040481927710843371,0.45715662650602412,0.012722891566265061,0.095662650602409638,0.047228915662650604,0.28612048192771083,0,0.0050602409638554214,0.0013012048192771084,0,0.058698795180722893,0.036048192771084335,0.31831325301204821,0.00019277108433734939,0.17262650602409638,0.097204819277108431,0.17850602409638555,0.0011566265060240963,0.022650602409638555,0.00028915662650602408,0.003566265060240964,0.12486746987951808,0.080626506024096392,0.10202409638554216,0.029927710843373492,0.17720481927710843,0.12081927710843374,0.066024096385542172,0.022120481927710843,0.00891566265060241,0.0078554216867469887,0.0050120481927710845,0.39980722891566267,0.060289156626506024
856727400,0.63508433734939762,0.16602409638554216,0.042795180722891568,0.044963855421686745,0.10944578313253012,0,0,0.0013012048192771084,0.00019277108433734939,0.00014457831325301204,4.8192771084337347e-005,0.24684337349397589,0.21489156626506023,0.19932530120481928,0.12154216867469879,0.19296385542168676,0.0015421686746987951,0.0079036144578313247,0.0023132530120481927,0.002891566265060241,0.0096385542168674707,0.00014457831325301204,0.4133975903614458,0.047421686746987955,0.024867469879518073,0.02149397590361446,0.48689156626506025,0,0,0.00033734939759036143,0,0.00019277108433734939,0.0053975903614457829,0.5613493975903614,0.00033734939759036143,0.075999999999999998,0.20028915662650604,0.089253012048192776,0,0.010216867469879518,0.00033734939759036143,0,0.052819277108433732,0.0093975903614457838,0.32462650602409637,0.014698795180722892,0.12573493975903616,0.41161445783132528,0.057927710843373496,4.8192771084337347e-005,0.0069879518072289157,0.00014457831325301204,0,0.040337349397590358,0.017879518072289158,0.30650602409638555,0.00019277108433734939,0.1020722891566265,0.10120481927710843,0.48486746987951806,0.00028915662650602408,0.00038554216867469878,0.00014457831325301204,9.6385542168674694e-005,0.0016867469879518072,0.0025542168674698796,0.022409638554216866,0.0080963855421686739,0.38028915662650603,0.069012048192771083,0.013012048192771084,0.0046265060240963853,0.1232289156626506,0.0067951807228915665,0.0012048192771084338,0.28496385542168673,0.086361445783132526,0.032096385542168676,0,0.38592771084337352,0.074795180722891569,0.0045301204819277107,9.6385542168674694e-005,0.034216867469879515,4.8192771084337347e-005,0.00024096385542168674,0.32081927710843372,0.14722891566265059,0.12467469879518073,0.00024096385542168674,0.44481927710843372,0.083036144578313251,0.037108433734939758,0.0064096385542168673,0.063228915662650598,4.8192771084337347e-005,0.019036144578313253,0.14216867469879518,0.079228915662650598
