Abbey of Saint Gall (Pjetter),0.196431,29.9964,238.157,141.593,0.800962,0.541765,3641.67,0.110883,59.3902,11.7202,232821,0.197827,32.5891,225.336,197.753,0.954808,0.488992,2517.77,0.10923,40.5966,10.3386,160996,0.21195,28.6997,226.508,119.336,0.482143,0.55375,5971.58,0.116393,95.8342,12.2213,381881,0.204194,32.147,270.755,213.719,1.02692,0.52263,2155.82,0.121746,34.7012,10.5973,137854,0.110589,34.8106,521.109,358.236,1.98462,0.517797,988.306,0.0610606,17.3013,15.5198,62879.9,0.110075,35.2543,669.576,451.771,2.42788,0.533065,595.6,0.0640454,10.1958,15.6553,37914,0.11468,32.5596,519.661,302.839,1.23087,0.536712,1404.11,0.0617703,23.8338,14.6433,89407.2,0.11236,34.7752,725.324,448.683,2.45962,0.552119,576.661,0.0672854,9.88777,15.7976,36698.2,0.0875342,36.8448,286.861,310.983,1.48077,0.439769,1426.91,0.0431331,30.1407,13.9152,70234.9,0.0930982,36.4546,401.461,385.758,1.85288,0.47016,902.298,0.0521934,18.8527,13.9921,44376.9,0.101283,33.5703,274.245,240.848,0.866709,0.45067,2726.99,0.0501188,56.4104,12.4063,134308,0.0904123,36.5686,429.659,393.878,1.86538,0.483079,1000.67,0.0481579,20.8451,14.8902,49253.7,0.124812,19.0048,1314.83,876.112,4.22308,0.564546,288.918,0.0743496,6.28827,9.76253,17901.9,0.127591,18.4703,1722.53,1068.43,5.00865,0.59471,216.925,0.0785914,4.36424,9.69622,13544.5,0.136452,16.8938,1154.93,801.334,2.47321,0.561125,680.817,0.0780668,12.9153,8.84466,42502.6,0.127216,18.5606,1985.85,1132.23,5.28942,0.623628,193.296,0.081769,3.88165,10.2172,12062,0.119672,16.3028,2072.97,1786.5,7.50673,0.522959,39.9365,0.0671068,1.80577,8.42996,1868.84,0.117862,15.9638,3233.63,2325.62,9.39712,0.591292,23.2109,0.0743152,1.01887,9.14282,1111.39,0.122947,15.1451,1971.83,1745.77,4.60714,0.530527,73.8657,0.0715475,2.97868,7.73928,3629.07,0.118983,15.9164,3222.16,2307.17,9.37596,0.590144,24.5199,0.0756246,1.04611,9.01075,1187.23,0.0925325,22.7291,803.485,676.183,3.41827,0.487443,262.238,0.0496175,6.29247,9.37621,13605.7,0.0943077,23.266,1250.69,875.822,4.49615,0.533262,137.024,0.0595593,3.30884,10.0629,7072.47,0.0964618,22.0733,764.657,645.858,2.13265,0.485574,478.106,0.0554607,11.1084,8.95045,25104,0.0947467,22.7694,1222.47,856.981,4.35769,0.53478,191.513,0.0588319,4.34196,10.2492,10112.6,0.178541,14.1862,1812.76,1325.36,6.62692,0.524845,54.1027,0.0935319,5.89697,7.13585,1364.48,0.176627,15.0139,3142.35,1705.25,9.0125,0.599353,19.4954,0.1042,2.34587,8.68156,417.186,0.171594,15.8395,1888.68,1181.13,4.31952,0.543707,53.3722,0.0887604,6.77499,8.47057,987.581,0.170958,15.2127,3072.47,1692.77,8.91346,0.595597,19.9441,0.0985707,2.59053,8.86606,421.875,0.198293,12.534,1382.95,1368.32,6.14038,0.461299,88.0163,0.0968697,6.81868,5.68094,2636.59,0.187451,14.4764,2660.39,1708.05,8.58654,0.55853,24.8,0.106522,2.86617,8.2751,617.64,0.180331,15.4498,1723.41,1219.06,4.24235,0.515349,55.4862,0.0939729,7.83419,8.21806,1101.43,0.187242,14.4555,2596.83,1710.13,8.54038,0.552153,24.723,0.105577,2.80442,8.11309,618.363,0.118252,17.9418,2005.67,1349.7,6.70962,0.551257,71.6942,0.069503,3.51159,9.7487,2431.39,0.116087,18.6363,3123.61,1699,8.78365,0.60537,28.7367,0.0753465,1.35831,11.0559,1024.17,0.122884,18.5782,1495.41,1072.22,3.83482,0.507575,89.8367,0.0659244,4.21047,9.36421,3323.39,0.113299,18.766,2872.71,1635.94,8.43654,0.591156,30.269,0.0699964,1.50704,10.9219,1067.25
Basilica of Saint Peter Vatican (Wolfgang Stuck),0.0852709,15.9769,4250.15,9233.15,7.61562,0.307144,154.588,0.0283563,11.3018,4.92676,2436.28,0.0848133,15.9913,7970.64,12425.9,13.6147,0.422568,70.9953,0.0382927,5.27416,6.75554,1113.32,0.0853647,15.9678,3663.18,8876.99,9.8,0.293835,131.623,0.0275305,9.87927,4.69594,2059.72,0.0851161,15.9674,7993.47,12314.5,13.5278,0.423862,72.6947,0.0385567,5.40098,6.78969,1142.42,0.0521549,30.0882,4817.95,6118.91,5.0666,0.470493,1473.39,0.0300155,41.1707,13.487,52892,0.0507511,29.8878,7006.71,7908.15,8.10406,0.534195,823.624,0.0319877,23.0145,15.1422,29575.5,0.0495029,30.0177,3668.05,5836.37,6.02719,0.42656,1673.17,0.0249898,46.8202,12.1159,60080.1,0.049462,30.3292,7346.11,7911.96,8.25719,0.54202,924.169,0.0307993,25.8114,15.8738,33192.2,0.0532077,22.1705,10032.5,17694.4,13.1048,0.375063,34.6966,0.0211714,1.72422,8.33269,760.735,0.0528838,22.2112,17749.4,22972.8,22.4678,0.49288,19.2393,0.027156,0.95961,10.9971,420.765,0.0532113,22.2128,8955.72,16748.2,16.6225,0.362425,37.0461,0.0204315,1.85262,8.09838,807.47,0.0528796,22.2199,17481.2,22802.3,22.3075,0.490667,19.536,0.027078,0.977819,10.9381,425.479,0.0846311,25.1567,7717.52,7847.56,8.43551,0.455197,570.633,0.04084,19.8202,11.5389,18146.6,0.0865278,24.7001,12714.8,10011.5,14.3684,0.537372,173.725,0.0487404,6.49368,13.4117,5275.39,0.0889529,24.1115,6888.85,7356.18,10.8613,0.436001,296.181,0.0419903,11.1449,10.4148,9007.99,0.0863263,24.7679,13213.3,10032.2,14.6291,0.542861,175.211,0.0488662,6.55865,13.6895,5299.69,0.106937,24.54,19949.4,9285.77,14.9029,0.577682,71.9298,0.0583825,4.60391,14.8408,1786.48,0.115176,23.2886,29226.6,11750.2,24.8334,0.628689,41.1147,0.0732733,2.39122,15.0818,1053.36,0.119315,22.6103,16247.1,8653.77,18.1281,0.540767,103.571,0.067698,6.42303,12.3151,2551.17,0.11387,23.8986,30771.2,11733.3,25.2288,0.640797,39.6457,0.0731981,2.37948,15.9569,981.597,0.153446,17.2509,3839.51,2700.47,3.7106,0.497495,4485.13,0.0744414,186.951,9.09802,111735,0.165803,16.8399,7859.91,4093.99,7.57594,0.589151,1518.62,0.0956034,62.0098,10.5173,37829.9,0.170189,16.5554,6137.51,3540.3,6.53813,0.557693,2069.94,0.0915336,84.6361,9.74389,51547,0.167574,16.6469,7641.06,4075.53,7.48,0.585007,1447.87,0.0965621,59.1795,10.2851,36062.6,0.175234,16.0848,16769.3,10253.2,14.2038,0.538556,52.6021,0.0872856,15.4831,9.04822,580.402,0.171781,16.2948,28263.2,13957.6,25.7866,0.605082,18.2136,0.0964127,6.32416,10.4285,196.619,0.16976,16.3779,19043.4,11011.9,20.3287,0.554835,50.4815,0.0840437,15.0366,9.84866,657.313,0.175742,16.3139,30541.8,14246.3,26.5994,0.620875,17.3192,0.102169,6.00743,10.7701,185.358,0.147158,17.437,18274.5,10699.6,14.6048,0.556783,51.0656,0.0847878,11.5162,9.43461,640.382,0.143571,17.4991,30296.1,14709,26.4375,0.619566,17.5947,0.0866141,4.26246,10.9247,228.383,0.142272,17.1015,19333.5,11167,19.5381,0.571529,72.5309,0.0744637,12.6193,10.2747,1256.35,0.146302,17.515,31714.1,14816.4,26.8559,0.629766,17.2915,0.0919504,4.25069,11.1228,221.951,0.157332,16.5452,19025.4,10916.2,14.7878,0.564579,56.5895,0.0815012,9.40794,9.79946,721.16,0.163354,16.3499,32086.5,14756.6,26.7931,0.634232,17.7546,0.097038,2.93731,10.8517,240.23,0.163953,16.2072,19580.9,11298.5,20.4072,0.563478,41.6969,0.0844607,7.01242,9.5926,583.698,0.16313,16.3193,31861.2,14726.2,26.6794,0.633718,17.9444,0.0964223,2.94627,10.8384,245.47
Basilica of St Mary of Health Venice (Radomil),0.0630463,27.2844,907.472,1566,3.39063,0.259535,1726.18,0.016978,77.7215,7.0722,51442.6,0.0645419,27.3802,2208.75,2250.39,5.01133,0.404562,670.356,0.0265298,32.9016,11.0714,18087.9,0.0649503,27.3846,1255.49,1737.01,2.93574,0.313214,773.586,0.0209761,37.2612,8.653,21437.1,0.0638489,27.5022,2095.98,2278.15,5.0543,0.392319,435.492,0.0252113,20.7535,10.9259,12257.5,0.0750563,21.4564,3277.37,2493.03,4.56055,0.545198,2348.83,0.0387963,144.677,12.8386,38638.2,0.0756694,21.2905,4056.51,2864.3,5.18555,0.57234,1640.91,0.0419598,101.381,13.0991,26858.9,0.0758537,20.9273,2031.99,2066.76,2.7409,0.466965,3197.98,0.0343391,198.526,10.5019,52077.8,0.0759744,20.4771,4038.07,3078.47,5.29258,0.563244,1293.21,0.0413316,80.1216,12.3641,21110.3,0.0761207,20.0816,695.65,1043.53,1.52695,0.428188,8599.26,0.0275983,864.55,11.2454,90511,0.0794723,18.3988,1162.67,1676.49,2.14492,0.472426,4482.49,0.0350014,465.26,10.5092,45078.4,0.0784683,18.3801,862.766,1296.06,1.27083,0.448768,7332.86,0.0319376,765.343,9.93918,73147.7,0.0829217,16.6788,930.886,1725.73,2.00039,0.431219,3753.36,0.0349386,390.152,8.05874,37679.6,0.0820572,20.6306,2130.3,1933.88,3.94609,0.465687,2791,0.0378405,107.91,9.7672,74008.6,0.0806475,20.8242,3244.56,2547.9,5.16641,0.508765,1266.89,0.0419384,49.7909,10.6819,32935.5,0.0804146,20.6579,1947.43,1935.93,2.89583,0.44888,2211.76,0.0369451,87.4781,9.45222,57295.9,0.0815358,20.4756,3398.38,2707.4,5.42539,0.505892,1134.27,0.0423008,44.4213,10.4072,29591.4,0.0992208,17.2542,6611.54,6875.03,11.6617,0.477513,90.934,0.045563,7.50717,9.08236,1641.54,0.0994162,17.2167,10002.5,8889,14.998,0.522371,53.0712,0.0508689,4.30426,9.95245,1003.96,0.101062,16.9839,5988.74,6674.08,8.42752,0.460612,134.246,0.0456703,10.3125,8.58954,2648.74,0.101116,16.6632,9754.94,9222.37,15.1445,0.511704,44.5516,0.0510536,3.72296,9.21888,829.29,0.052518,30.8185,10085.8,5530.99,12.6238,0.577519,179.935,0.0300286,7.51316,18.1346,4827.52,0.0534235,30.7101,14447.7,6766.17,15.666,0.623049,83.1361,0.0329854,3.34618,19.6195,2337.6,0.0532434,29.9295,7799.99,4911.17,8.26467,0.540037,241.439,0.0283709,9.24913,16.4459,7287.79,0.0546611,29.7008,12026.8,6330,14.2988,0.593559,100.104,0.0326216,4.06707,17.8304,2806.31,0.0976141,20.3892,5736.92,4389.7,9.16836,0.508482,284.241,0.0476896,19.5744,11.7292,4650.81,0.0926327,20.6905,9315.04,6240.71,12.6563,0.553403,105.516,0.0495231,7.63246,12.7832,1677.33,0.0904272,20.7823,5283.2,4756.36,6.89965,0.480899,226.497,0.0432294,17.294,10.9057,3522.27,0.0928916,20.7425,9385.28,6214.53,12.6777,0.555008,106.258,0.0499337,7.65996,12.867,1688.46,0.138906,18.1918,3962.31,3605.03,7.8707,0.45056,367.864,0.056176,43.6269,9.32009,5418.23,0.134837,17.8796,6756.06,5604.05,11.6207,0.486678,82.5491,0.0582997,9.5935,9.79269,1229.86,0.132319,17.8532,4334.74,4388.01,6.7456,0.435905,149.087,0.0499045,17.9102,8.77704,2292.19,0.13488,17.9173,6537.14,5521.37,11.5086,0.479911,81.0641,0.0576866,9.59069,9.64904,1202.29,0.115541,21.2449,5007.97,4008.89,9.35117,0.463928,196.546,0.0432852,45.6256,10.774,2968.03,0.115851,20.3555,10161.9,6467.42,14.2531,0.542896,55.4952,0.0501232,11.3644,12.1331,988.428,0.115708,19.2536,6559.55,5346.55,8.27612,0.489831,105.291,0.04572,20.6329,10.4251,2179.41,0.115612,20.3076,9293.44,6195.12,13.6816,0.528157,59.5175,0.0485261,12.3836,11.6934,1050.7
Campo Santo Pisa (Georges Jansoone),0.0527055,27.0663,3475.69,2477.36,3.30487,0.573829,3193.59,0.0306928,192.26,16.5471,54069.1,0.0525252,26.347,4102.09,3080.6,5.07422,0.581388,1226.8,0.0306189,73.1401,16.3472,21073.1,0.0536841,26.1165,2214.16,2244.78,3.67422,0.491903,2039.54,0.0275261,121.241,13.5846,35207.6,0.0527944,26.3758,3903.47,3032.42,5.02305,0.568785,1195.46,0.0304974,71.2591,15.9276,20538.1,0.0833129,21.7471,1823.61,2956.91,4.76673,0.275733,335.376,0.0245978,27.1042,6.11439,7130.87,0.0841543,21.7837,3883.82,4122.22,8.93398,0.3935,134.013,0.0349817,10.587,8.75382,2815.08,0.0854214,21.7008,2029.53,3078.75,6.7082,0.295443,201.639,0.027503,15.8457,6.50203,4280.95,0.085077,21.6103,3835.23,4147.98,9.00938,0.388786,111.737,0.0356184,8.80447,8.49413,2378.69,0.0659622,22.2967,976.705,1545.13,1.80957,0.375211,5007.62,0.0267648,203.488,8.68611,124032,0.0629928,22.5689,2374.12,2221.33,3.48789,0.528448,2694.94,0.0340273,108.819,12.4952,67034,0.066368,22.3079,1585.35,1678.49,2.79258,0.469295,4162.03,0.0325356,168.023,10.9195,103529,0.0662078,21.6637,1868.63,2193.67,3.26055,0.479911,2335.81,0.0349612,94.4091,10.4539,58074.7,0.0536193,33.6609,6981.34,4162.12,7.60299,0.536767,184.15,0.0290415,9.6915,17.1828,5867.08,0.0616371,33.4122,10769.3,5624.14,13.9793,0.568412,59.3323,0.0381294,2.716,17.9677,2136.82,0.064679,33.4448,7043.45,4270.73,10.723,0.522363,120.658,0.0381132,5.35926,16.4496,4470.13,0.0617826,34.3057,8879.92,5132.09,12.5719,0.543317,69.6584,0.0365032,3.2253,17.9385,2464.15,0.0463663,34.5546,6382.56,3850.47,6.62588,0.550826,651.177,0.0267801,26.2854,18.0481,18082.9,0.0551263,34.0529,9635.79,5271.36,12.3398,0.571135,110.702,0.0372586,3.87722,18.0151,3685.69,0.0577075,34.0973,7135.5,4171.41,9.82305,0.552005,185.705,0.03813,6.28117,17.4897,6517.28,0.0563888,35.4555,6969.8,4353.17,10.1887,0.534418,148.004,0.0354516,5.19978,18.3514,4879.43,0.0536615,32.06,7519.37,4739.33,8.02846,0.537292,197.757,0.0283867,12.9159,16.8329,5288.56,0.0637934,31.2996,13583.6,6456.3,15.0051,0.616132,76.675,0.0429068,3.86474,18.3767,2233.43,0.0666719,30.9251,10771.8,5387.17,12.5953,0.600167,128.798,0.0444502,6.076,17.7372,3967.09,0.0666153,31.1842,9647.59,5384.55,12.9375,0.556839,88.6033,0.041352,4.18009,16.7659,2674.94,0.0788682,32.6192,3569.21,2165.64,4.17371,0.517372,1628.67,0.0398588,377.481,16.7296,10896,0.0807062,32.1676,5197.43,2940.06,7.67148,0.530836,453.67,0.043388,101.243,17.1212,3738.93,0.0865512,31.5451,2826.37,2036.43,5.47305,0.452537,759.145,0.0417585,158.958,13.8027,7891.69,0.0808566,32.2523,5334.23,2994.93,7.81836,0.532602,418.91,0.0441705,92.4516,17.1995,3634.99,0.153778,26.9528,7989.44,2896.94,6.5402,0.620828,684.58,0.0844744,158.677,17.7235,4761.51,0.165258,25.475,9714.73,3668.66,10.966,0.61095,204.757,0.0940594,44.9475,16.9206,1851.7,0.188217,23.4981,3605.57,2399.77,6.97461,0.45552,400.979,0.085711,84.0613,11.4453,4233.99,0.165604,25.4721,9900.51,3686.07,11.0305,0.615178,202.361,0.0946724,44.3394,17.1106,1834.75,0.41453,9.72001,3562.7,5594.04,6.26379,0.387279,244.53,0.149022,52.0699,4.91812,2927.96,0.414309,9.18848,5616.89,8220.28,11.8508,0.418079,63.0488,0.176277,14.2231,4.66751,1042.68,0.42008,8.76884,2736.75,5953.63,8.28711,0.329893,137.836,0.142826,34.4775,3.41162,2249.84,0.409967,9.30087,5353.16,7976.58,11.616,0.411566,64.5909,0.167127,14.8863,4.80604,1080.04
Canadian National Vimy Memorial France (HTO3),0.0674472,31.2788,261.282,456.708,1.38205,0.29089,852.9,0.0222063,87.2628,8.85552,23759.1,0.0652925,31.306,433.228,690.937,3.08121,0.309025,331.301,0.0214713,37.9107,9.77536,8744.56,0.0634434,31.283,272.9,506.641,2.25353,0.280556,761.793,0.020098,97.2598,8.56733,18609.6,0.0667961,31.0052,426.458,626.083,2.83333,0.32031,502.27,0.0230293,47.5071,9.82029,15235,0.112501,19.5134,490.301,516.65,1.34915,0.421209,2127.2,0.0488212,282.602,8.78285,18931,0.113373,18.8076,581.335,689.638,2.6137,0.402607,800.454,0.0458114,97.6416,8.23144,7789.79,0.119962,17.333,244.262,457.117,1.63912,0.316028,1668.03,0.0389579,197.271,5.82595,17183.2,0.117296,18.1844,652.094,706.19,2.58121,0.432913,877.047,0.0507292,105.78,8.58278,8699.89,0.0610798,33.8863,325.709,497.082,1.42951,0.329791,812.842,0.0291956,27.0636,9.88376,27979.6,0.0554527,34.9228,395.968,670.616,2.78884,0.314291,424.458,0.0251613,14.2551,9.97697,14507.9,0.0509151,35.5876,129.817,499.706,1.94703,0.181051,741.431,0.0124122,25.5697,6.29378,24966.3,0.0543721,34.9381,420.159,773.527,3.10381,0.30211,308.06,0.023863,10.6975,9.53587,10223.9,0.0539637,29.1963,456.106,1026.35,2.20959,0.284909,311.037,0.0175363,15.2238,8.28021,7474.76,0.0557756,28.754,1008.32,1692.17,5.37147,0.353088,100.323,0.0236206,4.78841,10.0913,2469.99,0.0587846,28.2804,663.955,1340.99,4.26624,0.313504,162.969,0.0232829,7.55891,8.59063,4156.2,0.0594666,28.1329,933.894,1521.89,4.87994,0.361978,124.561,0.0276706,5.79748,9.88257,3166.29,0.119067,18.7335,1199.74,1147.59,2.92387,0.446351,387.942,0.0542878,40.9691,9.38538,5244.05,0.119305,17.7679,1804.19,1630.47,5.97599,0.472414,130.212,0.0548188,12.4643,9.3536,1927.85,0.124413,15.933,888.536,1267.15,4.23729,0.380597,245.548,0.0467754,23.1019,6.19354,3797.31,0.124542,16.9225,1929.53,1767.44,6.12218,0.483065,139.57,0.059525,12.4676,8.89885,2125.62,0.128306,30.6609,1419.09,907.497,3.07096,0.480997,221.816,0.0444055,52.0284,15.347,6389.01,0.145695,30.3252,2111.81,1241.11,6.35876,0.50053,83.2388,0.0618848,17.4081,15.1843,2466.9,0.176634,27.6715,1266.91,935.249,4.91031,0.43563,159.046,0.0678945,24.1109,11.2546,5088.5,0.159833,29.1186,2247.53,1261.05,6.57274,0.508126,78.8095,0.0705346,14.5439,14.5559,2438.7,0.122922,17.8629,3539.05,3274.48,6.60338,0.498639,69.7753,0.0547661,14.9852,9.43431,515.552,0.132518,17.4571,6923.79,4388.38,14.1561,0.603914,14.3832,0.0779082,2.82425,11.1625,140.041,0.131054,17.5461,5145.65,3889.79,12.5459,0.540686,17.9605,0.0702136,3.52919,10.0367,178.333,0.132009,17.4187,6803.23,4352.22,13.9908,0.602967,14.4685,0.0784564,2.86815,11.0555,143.014,0.0910109,18.9279,1783.07,1752.37,3.47368,0.493164,424.709,0.0394927,52.213,10.0366,4216.35,0.113335,17.5034,3523.02,2523.53,7.92514,0.578388,116.566,0.0681186,13.3112,10.6795,1156.45,0.115952,17.3786,2727.18,2268.74,7.1702,0.526602,138.564,0.0649534,15.7191,9.56158,1380.33,0.112269,17.4774,3499.75,2564.93,8.01271,0.57311,97.55,0.0660773,11.1493,10.5552,979.998,0.442729,7.4303,976.897,1738.89,2.75094,0.397826,328.52,0.13471,192.083,4.15027,1058.49,0.477585,6.15384,1990.74,2873.43,6.22952,0.482319,130.94,0.187033,71.0907,3.68336,463.818,0.476338,6.22165,1538.99,2613.21,5.64901,0.427873,188.395,0.157246,90.5315,3.44377,673.961,0.467797,6.62266,1765.85,2686.22,6.00212,0.461603,134.602,0.163259,70.1007,4.03442,457.503
Casas Grandes Chihuahua Mexico (Aromgom),0.101164,20.8923,174.018,255.654,1.10029,0.285528,1358.34,0.0293252,110.091,5.99709,30702.6,0.0963867,22.11,399.111,462.213,2.69574,0.376087,143.301,0.034642,15.1032,7.8601,2594.2,0.0930597,22.2564,298.792,426.646,2.46027,0.32725,157.355,0.0286135,16.8996,6.71354,2828.08,0.0981276,22.0075,395.34,484.238,2.84012,0.360791,121.245,0.0332583,12.6747,7.60382,2234.92,0.0837273,21.9037,161.226,341.421,1.34302,0.234438,812.825,0.0210951,58.7168,4.6191,16064.4,0.086371,22.3362,437.231,653.935,3.45833,0.317134,85.5551,0.0291858,6.90246,6.54877,1665.9,0.086476,22.4847,408.038,619.676,3.2907,0.31051,96.4052,0.0284194,7.72614,6.38083,1880.2,0.0852012,22.7295,601.513,713.317,3.81492,0.376547,77.3487,0.0332868,6.10701,7.93811,1499.52,0.102398,20.3414,70.3833,160.187,0.659884,0.239978,2334.59,0.0248422,279.781,4.69907,28619.9,0.105727,20.5287,125.669,314.775,1.72481,0.240097,299.483,0.0216218,37.6758,5.17624,3496.09,0.0979175,21.3574,119.974,283.297,1.51841,0.25195,413.002,0.0200935,52.4691,5.55954,4743.5,0.0982672,21.3542,192.862,319.694,1.73159,0.324465,388.45,0.0267362,49.1151,7.19341,4399.69,0.0304325,37.7675,988.922,1563.65,3.51381,0.444408,157.971,0.0149982,3.40421,16.0267,7494.23,0.0305281,38.4207,1808.08,2290.33,6.77132,0.514756,30.7069,0.0176376,0.688813,18.8679,1412.95,0.0305996,38.6731,1298.13,1999.84,5.89632,0.453929,37.3295,0.0158626,0.849034,16.8091,1699.64,0.0303134,38.8194,1586.46,2217.55,6.5281,0.483058,29.9424,0.0165074,0.678295,18.0282,1367.65,0.0419665,35.7198,1450.44,1618.11,4.12936,0.510448,132.14,0.0213972,4.12949,17.2182,6221.39,0.0381241,36.82,2258.16,2223.15,7.26163,0.563634,25.15,0.0212728,1.56179,19.8318,1091.96,0.0384297,36.7966,1499.22,1868.07,6.09884,0.489576,35.0454,0.0190278,2.27698,17.1271,1510.65,0.0417695,36.6235,1860.4,2053.29,6.74225,0.525465,28.9997,0.0215885,1.36172,18.2402,1278.83,0.0588067,28.4857,858.336,1265.13,3.04215,0.447416,226.504,0.0267241,6.33774,12.2106,8960.97,0.0558766,29.1386,1678.69,1947.88,6.32752,0.516072,30.2352,0.0306938,1.01165,14.2153,1126.05,0.0554627,28.9705,1205.1,1647.99,5.45155,0.459732,41.3665,0.0274266,1.40572,12.4378,1534.91,0.0577236,29.0294,1396.54,1772.29,5.82655,0.484503,36.7976,0.0305776,1.20145,13.2672,1378.78,0.0671819,18.7284,2818.5,2887.2,6.71875,0.561157,11.3471,0.039848,0.66465,10.5555,215.015,0.0670747,18.7124,3971.25,3351.7,10.4099,0.627909,7.81886,0.0442391,0.454546,11.8274,148.962,0.0674133,18.6864,3200.69,3067.73,9.56298,0.580441,9.36589,0.0414646,0.545729,10.8967,178.029,0.0672878,18.6555,4023.17,3356.56,10.4283,0.631966,7.81844,0.0448122,0.454089,11.8125,149.168,0.0388283,28.2333,1995.33,2963.21,5.66352,0.509478,16.8911,0.020407,0.626881,14.3934,472.299,0.0386838,28.35,2933.22,3518.2,8.9031,0.581438,11.4229,0.0230806,0.425675,16.5888,317.7,0.0387971,28.3085,2252.01,3174.96,8.05426,0.523529,14.2026,0.0209909,0.527991,14.8731,396.081,0.03867,28.351,2851.51,3493.22,8.82364,0.574473,11.6886,0.0227657,0.435313,16.4121,325.306,0.0384939,29.5004,2064.49,2528.13,5.6657,0.514893,19.3399,0.0204041,0.701,15.306,562.667,0.0386345,29.3782,3166.49,3090.2,9.17636,0.595437,11.524,0.0237793,0.412421,17.564,339.821,0.0385522,29.4518,2332.97,2734.63,8.12694,0.528859,14.9784,0.0211058,0.541058,15.6477,437.547,0.0386292,29.3773,3036.47,3014.67,8.97771,0.588679,12.0121,0.023463,0.429758,17.3644,354.297
El Infiernito Boyaca Colombia (Andrew Bertram),0.111756,17.5565,1069.55,1078.77,3.1817,0.459156,263.002,0.0593132,6.90633,6.73356,11536.4,0.101603,20.4881,1688.03,1316.46,5.91781,0.503763,52.1097,0.0628524,1.6479,8.1478,2194.84,0.102132,20.5343,1265.84,1151.59,5.2363,0.454572,65.6596,0.0569228,2.08881,7.35555,2763.88,0.101389,20.5923,1772.3,1315.55,6.01199,0.515164,50.0085,0.0625658,1.57316,8.43926,2109.16,0.0848654,19.9686,1403.4,1285.64,3.88273,0.475859,143.244,0.0479828,3.77598,8.03545,6324.65,0.0786096,22.4665,2064.01,1501.83,6.81764,0.519181,40.921,0.0498677,1.18786,9.54691,1795.41,0.0767215,22.5303,1459.05,1311.96,5.875,0.455964,53.7671,0.0417891,1.61096,8.43002,2340.13,0.0771582,22.3803,2242.09,1568.77,6.99229,0.536428,40.7285,0.048927,1.16775,9.95072,1800,0.0950522,19.1639,1498.89,1386.89,4.26546,0.468409,85.8671,0.0526227,2.97956,7.69762,3354.56,0.0882778,20.9085,2303.56,1660.2,7.26199,0.532156,32.5706,0.0539125,1.26221,9.8261,1238.61,0.0850178,21.5531,1509.18,1396.78,6.14384,0.450029,44.8999,0.0437193,1.85188,8.66641,1687.53,0.086336,21.3659,2450.4,1728.55,7.60531,0.537123,29.2154,0.0535022,1.15278,10.033,1108.23,0.126462,17.4353,3349.16,2223.64,6.99936,0.562026,21.1636,0.0732667,1.85354,9.77591,441.111,0.122418,17.8448,5063.52,2749.84,11.4538,0.634709,10.8184,0.0789365,1.03713,11.3817,216.564,0.118605,17.8966,3313.15,2283.01,9.37928,0.558154,17.4348,0.0663646,1.81834,9.9722,336.99,0.122705,17.7859,5146.5,2749.28,11.4786,0.639429,11.0824,0.0803947,1.12108,11.3672,217.983,0.141274,15.4969,3321.79,2249.51,7.08827,0.558197,17.455,0.085544,1.46931,8.60979,351.195,0.13763,15.8632,4687.4,2681.02,11.2748,0.614336,9.03136,0.0917137,0.881692,9.69944,166.113,0.132549,16.0741,2860.4,2134.99,8.81164,0.53126,17.3949,0.0740477,1.91735,8.51,298.75,0.134085,15.9746,5048.17,2763.81,11.5497,0.632008,9.22654,0.0895633,0.890864,10.0964,172.044,0.130857,18.6983,3679.25,2087.97,7.68041,0.562827,12.0228,0.0766411,1.47281,10.5485,237.885,0.124373,19.2536,5836.6,2612.84,12.5942,0.651852,6.5399,0.0816172,0.851662,12.8376,119.933,0.11058,20.4584,3863.56,2154.13,10.137,0.584916,12.7081,0.0620116,2.01341,12.4553,199.572,0.123677,19.3028,6026.13,2635.75,12.7449,0.658561,6.38546,0.081425,0.889464,13.0754,116.149,0.0858276,22.9578,3248.29,2530.99,7.39755,0.5292,11.7354,0.0477438,1.1145,12.2274,243.746,0.0825772,23.2372,5161.64,3144.46,11.9769,0.625427,7.28329,0.0523045,0.734198,14.7661,148.007,0.0780271,23.6353,3851.85,2804.68,10.5154,0.566832,10.6877,0.0439109,1.29054,13.704,202.124,0.0824278,23.1288,5339.94,3202.92,12.2192,0.63047,6.78868,0.0529761,0.705354,14.7118,137.593,0.0606117,26.1316,4129.7,2869.68,8.33119,0.571444,8.31848,0.0359871,0.517238,15.0641,206.403,0.0596393,26.2721,6776.02,3561.5,13.7072,0.672941,4.99026,0.0410719,0.318626,17.8881,122.054,0.0599592,26.4409,5410.21,3226.66,12.3604,0.627712,6.84159,0.0396754,0.498194,16.7276,159.569,0.0605301,26.2888,6973.03,3562.16,13.8074,0.681294,4.92975,0.0428919,0.317309,18.1164,120.108,0.0431869,28.46,4484.12,3637.32,8.66946,0.584902,7.55645,0.0261595,0.309025,16.7504,207.628,0.0431394,28.3522,7114.69,4423.37,14.0736,0.681073,4.49592,0.0303025,0.182155,19.409,124.885,0.04294,28.4767,5812.72,4071.19,12.9307,0.63618,5.63769,0.0280009,0.229428,18.2848,155.61,0.0430159,28.4354,7183.55,4432.89,14.0693,0.685054,4.582,0.0302933,0.186011,19.6258,126.948
Fort Stanwix New York (National Park Service),0.141387,14.5802,279.626,399.781,1.639,0.405711,147.279,0.0657212,10.0011,5.42788,2357.12,0.129577,15.4933,464.128,514.114,3.12651,0.483362,83.7221,0.0709425,5.83981,7.37876,1327.82,0.122299,16.1306,417.819,489.572,3.06777,0.449266,88.5925,0.0610037,6.35504,7.41386,1397.65,0.125692,15.8467,641.979,625.416,3.84036,0.512377,47.9737,0.0735543,3.39287,8.19579,759.459,0.128481,19.5484,1139.27,641.011,3.833,0.554041,20.0864,0.0704979,1.73241,11.616,346.14,0.11899,18.7218,2005.07,927.4,7.62199,0.652031,8.48153,0.0779679,0.876835,12.4786,151.224,0.115321,19.5311,1506.24,781.876,6.63855,0.599262,13.1314,0.0669072,1.35163,12.238,219.902,0.123536,20.0147,1633.45,771.918,6.87651,0.615349,14.2372,0.0745696,1.26113,13.2816,234.558,0.0877178,21.1932,443.858,410.881,2.013,0.472395,110.93,0.0488774,7.09354,10.1629,1823.96,0.0784593,22.2565,1371.02,735.452,5.34337,0.646537,25.6203,0.0523049,1.65648,16.1028,417.182,0.0753687,22.9108,1160.07,620.123,4.69127,0.63473,40.5576,0.0466115,2.63388,16.2303,656.008,0.0705095,22.8934,858.868,580.888,4.16717,0.576531,58.7658,0.0380023,3.89529,14.747,947.899,0.124772,18.5195,720.714,560.798,3.003,0.488193,38.5058,0.05564,4.9045,9.96641,440.16,0.131292,17.1023,1432.51,851.498,6.34488,0.601249,14.3297,0.0757801,1.79481,10.8275,179.995,0.127158,17.7313,1458.1,825.12,6.31175,0.606476,16.5342,0.0721837,2.13351,11.4056,193.526,0.125278,18.148,1735.22,881.248,6.82982,0.641485,13.4684,0.0755103,1.77747,12.5587,154.084,0.107842,23.9678,1401.36,616.248,4.125,0.602763,15.1173,0.0609676,2.13805,14.7797,326.141,0.120198,22.5613,1741.02,691.77,6.93524,0.637385,12.6786,0.073285,1.5344,14.3552,285.293,0.113261,23.2194,1816.93,710.261,7.125,0.643518,10.0264,0.0654905,1.20456,15.0496,225.136,0.111071,23.9994,2068.31,751.248,7.65663,0.662746,8.06353,0.070224,1.15059,16.4612,173.478,0.124196,17.9938,759.176,553.19,2.913,0.519298,55.4456,0.0513614,5.09583,10.6098,809.306,0.12098,16.7408,1189.32,761.354,5.375,0.59616,31.3805,0.0650528,3.31302,10.5237,448.045,0.126932,17.2768,1332.02,746.621,5.71386,0.612939,26.6792,0.0663493,2.74438,11.4024,378.212,0.140244,16.9519,1690.12,843.872,6.60693,0.641758,15.9592,0.0870212,1.58763,11.6825,229.009,0.0744842,19.406,273.737,602.482,1.921,0.333809,95.6809,0.0251258,6.04539,6.59239,1621.3,0.0712643,19.878,872.426,1012.32,4.9262,0.522139,26.6356,0.0365334,1.70949,10.7715,449.797,0.0710135,20.0294,567.405,796.757,4.00151,0.455312,41.7332,0.031727,2.67015,9.6008,709.1,0.0723074,19.54,721.866,911.341,4.44578,0.497405,35.7652,0.0375687,2.29551,9.87046,607.155,0.137046,16.2073,605.269,602.472,2.759,0.463851,42.3063,0.0500573,12.5491,9.07833,363.079,0.142743,14.8791,1145.17,913.924,5.71687,0.562304,17.161,0.0653113,4.84207,9.35829,160.207,0.133703,15.6319,720.091,702.956,4.52861,0.492112,31.7256,0.0542427,9.89685,8.81907,278.999,0.140088,16.2541,818.583,673.703,4.61747,0.525598,40.1308,0.0633415,13.9422,9.94373,314,0.172693,15.379,562.142,556.52,2.372,0.484372,78.9642,0.0921977,6.29771,7.20703,1510.39,0.138364,16.5389,545.049,676.864,3.71988,0.471799,58.7972,0.0599121,6.084,7.97106,1100.51,0.133844,16.8099,277.972,495.743,2.78012,0.362237,101.761,0.0434324,12.0129,6.28668,1860,0.170444,15.5379,853.904,716.694,4.44578,0.55184,41.7456,0.105126,3.47647,8.17933,786.23
George Washington Birthplace Virginia (JGHowes),0.288757,14.2159,18234.6,11044,13.149,0.556583,79.0302,0.116392,70.045,9.42495,251.383,0.307159,13.7252,24765.9,13647.1,23.7958,0.597908,41.4275,0.136895,35.7869,9.79229,140.123,0.285878,14.2481,15059.9,10047.2,18.3163,0.525457,87.7291,0.104885,76.9636,8.9651,277.167,0.299204,13.7523,22776.1,12836.2,22.55,0.588092,54.6858,0.131401,48.1012,9.563,179.317,0.119841,24.7743,21069.5,8045.24,12.3116,0.621874,679.058,0.0762961,11.8542,14.9585,43005.1,0.120772,24.9653,26246.7,9207.69,21.4987,0.648795,216.556,0.0823762,4.14395,15.6106,13575.9,0.116332,24.9167,16479,7430.76,17.2003,0.569292,302.718,0.0652772,6.18104,13.6115,18832.3,0.118035,25.3427,26397.2,9186.67,21.5013,0.650838,211.702,0.0797047,4.14783,15.8699,13242.3,0.112328,22.9429,3959.91,2358.38,2.97597,0.544579,6151.98,0.0649175,97.7314,11.9115,393026,0.115563,22.3263,5815.63,3207.49,5.85256,0.580781,2372.56,0.0737259,37.7789,11.6272,151499,0.115567,22.145,3628.33,2452.46,4.55929,0.510377,4600.27,0.0606029,73.4825,10.4921,293604,0.10922,23.4044,5199.74,2982.15,5.57756,0.56118,2879.73,0.0660627,45.8842,12.0484,183899,0.377186,9.11665,10608.3,10404.5,9.20489,0.503301,240.271,0.135644,232.45,5.90355,327.604,0.394017,8.67153,14333.7,12968.2,16.7423,0.53763,165.726,0.155206,160.763,5.97129,221.495,0.371396,9.11374,8402.08,9193.63,12.4689,0.468101,372.184,0.120294,360.739,5.67281,537.253,0.39085,8.71862,14293.6,12697.6,16.5301,0.540776,165.148,0.155711,159.954,6.04658,227.067,0.184001,20.1361,21143.2,10358.1,15.2131,0.556026,44.7903,0.0900483,21.0764,11.6119,949.922,0.186226,19.3648,29447.7,13176.9,28.2186,0.595796,27.378,0.0991264,13.5246,11.9853,585.28,0.172528,19.353,19239.1,10827.3,22.8833,0.526064,47.7532,0.0792985,24.3388,10.6142,1016.31,0.185793,19.8235,32627.4,13569.8,29.6446,0.61366,22.3761,0.102595,10.7991,12.7101,474.357,0.234164,14.064,12116.6,9401.92,11.0449,0.483858,211.016,0.0901897,88.6931,8.12563,7343.93,0.238629,13.6343,17800.8,11885.4,20.6138,0.535032,89.8397,0.103171,46.244,8.48676,2454.39,0.234729,13.313,9259.04,9047.19,15.3894,0.426337,141.815,0.0772867,74.6139,6.62141,3632.25,0.244255,13.481,17686.9,12117.8,20.9186,0.527743,76.543,0.102007,40.0459,8.37015,2020.22,0.348822,8.76581,4323.38,6980.31,6.34844,0.362406,484.137,0.108126,436.677,3.697,878.416,0.340777,8.87603,7012.34,9432.88,13.1599,0.401606,202.31,0.114562,184.183,4.24987,358.02,0.320216,9.2482,4113.53,7305.62,10.4612,0.317115,346.392,0.07944,319.264,3.62784,576.791,0.336581,8.92401,7665.12,9905.18,13.8894,0.406864,169.411,0.111707,153.445,4.35754,305.634,0.255497,11.3674,6402.15,7976.51,8.20594,0.39133,214.889,0.0836305,171.124,5.24922,539.905,0.251039,11.4322,10200.4,10305.4,16.1449,0.444366,111.541,0.0912204,92.3955,6.02166,261.157,0.236676,11.8671,5667.52,7709.76,12.35,0.356496,193.864,0.0649045,160.926,5.15925,456.244,0.250623,11.5112,10694.6,10564.9,16.6894,0.447112,92.3476,0.0895288,74.5646,6.1555,228.189,0.345255,7.46824,6602.88,10429.6,8.50126,0.385821,229.408,0.104656,208.633,3.85054,339.716,0.354894,7.23439,9811.53,13091.9,15.8734,0.437001,116.224,0.123668,104.01,4.16151,182.749,0.346692,7.48229,5157.93,9594.23,11.8885,0.344489,239.765,0.0892132,216.69,3.57889,364.501,0.358024,7.13394,10168.4,13706,16.4949,0.434336,106.221,0.120131,95.2178,4.11394,166.596
Hosios Loukas Monastery Greece (BishkekRocks),0.0783694,22.5053,3398.78,6010.62,4.20052,0.325458,3757.21,0.0279763,130.387,6.89237,116016,0.0755487,22.9963,7477.7,8706.47,7.94705,0.449701,2558.49,0.034686,87.0307,10.1861,79762.5,0.0769419,22.7387,4215.38,6422.59,5.99023,0.36662,4385.45,0.029197,151.896,8.17165,134409,0.0768474,22.7896,6742.48,8311.89,7.63737,0.430921,1814.71,0.0339961,62.9136,9.59419,56315.4,0.0775338,21.875,3545.09,3822.28,3.39046,0.399945,10497.1,0.027483,315.875,9.13382,373290,0.0789934,21.7599,9302.52,6146.79,7.33485,0.540141,3961.07,0.0365677,115.399,12.671,141506,0.0792406,21.6955,7194.59,5371.15,6.41515,0.503058,5011.94,0.0336239,147.791,11.867,178730,0.0818664,21.2877,8260.53,6039.53,7.22743,0.508862,3085.23,0.0363277,90.8678,11.5617,110002,0.0710082,23.6084,1654.18,3561.43,2.29606,0.29693,15332.9,0.0229676,433.745,6.62523,548921,0.0745513,23.2845,4075.77,5191.93,4.68989,0.432223,5362.75,0.0351331,151.504,9.63938,191863,0.0778761,22.9232,2592.3,3889.35,3.65538,0.377215,10358.3,0.033798,293.744,8.13296,369611,0.0726514,23.7529,3801.41,5139.56,4.46419,0.425116,7846.02,0.0339839,221.366,9.75307,281012,0.0658621,22.6213,17286.9,22297.8,16.9434,0.37696,52.952,0.0253406,6.26829,8.57143,815.246,0.0654698,22.8611,46466.2,34795.3,35.6547,0.539032,17.9614,0.0348718,2.08005,12.6912,282.629,0.0651071,22.9131,32584.6,29304.9,29.913,0.482829,30.6467,0.0309159,3.75084,11.3836,472.811,0.0662987,22.605,42894.2,33521,34.2687,0.527311,19.1221,0.0346547,2.11928,12.2013,312.639,0.0895109,18.5361,9881.37,14558.7,11.6533,0.345925,134.41,0.0300206,14.9867,6.85778,1716.88,0.0853471,19.3076,26759.7,22766.9,24.791,0.489515,48.9487,0.0386363,5.52976,10.2448,617.086,0.0829697,19.5724,18379.4,18346.7,19.89,0.445163,98.6428,0.0330612,12.1273,9.48945,1198.18,0.0866688,19.004,24338.7,22235.8,23.9941,0.472633,49.226,0.0380331,5.61085,9.74281,629.661,0.0893273,18.2751,10300.1,15400.1,11.8146,0.345244,308.426,0.0313296,38.6947,6.25927,5485.41,0.0850556,19.5738,37691.1,27327.5,29.3581,0.537211,40.6793,0.0441141,3.6181,10.7991,800.685,0.0832913,19.9365,30284.3,23615.7,25.2598,0.5171,63.0708,0.0416333,5.82277,10.4837,1184.34,0.0855825,19.3482,35301.3,26098.5,27.7324,0.537066,49.696,0.0447225,4.40576,10.532,972,0.112364,20.586,14067.1,14496.4,13.723,0.391988,113.55,0.0397377,23.5268,8.23326,2633.81,0.105171,21.3913,27145.3,19888,25.255,0.485743,51.1445,0.044639,13.1966,10.8278,1057.19,0.0987163,21.7766,18188.5,16280.1,20.3984,0.430978,111.345,0.0375259,42.6259,9.7576,1791.57,0.106772,21.1227,28774.4,20205,25.6176,0.500671,50.0535,0.047303,12.8956,10.8956,1033.98,0.128751,18.4642,7850.18,10046.5,9.42106,0.351045,264.447,0.0399194,26.9627,6.83682,6542.01,0.116143,20.3353,16684.9,14264.1,18.8069,0.441548,88.0139,0.0442024,11.7797,9.74349,1622.35,0.101042,22.2148,10444.9,10294.3,14.01,0.395335,224.359,0.034947,45.7578,9.53107,3164.09,0.116302,20.5374,15830.6,13575.1,18.0998,0.438132,97.3749,0.0439692,13.0261,9.68927,1783.65,0.144053,18.0084,8259.09,11290.3,10.6584,0.323141,161.84,0.0414303,40.6629,5.94955,2827.82,0.139428,18.6007,22879.8,17991.8,22.9876,0.467946,54.2354,0.0564215,13.3018,9.03038,940.584,0.141448,18.6112,15675.1,14497.2,18.7541,0.420569,95.2131,0.0515462,21.7276,8.06163,1685.57,0.144155,18.285,20596.7,16963.8,21.8095,0.453892,61.7377,0.0571826,14.8252,8.52544,1083.61
Kaiser Wilhelm Denkmal (Dschazz),0.0538862,41.4982,148.852,281.642,0.190666,0.294567,116073,0.0293188,2369.3,9.2938,5.68701e+006,0.0396958,44.3865,77.6311,758.032,0.550501,0.197587,31734,0.0179274,647.771,6.27072,1.55484e+006,0.0465615,43.6574,193.913,486.125,0.374284,0.182196,58898.7,0.0211421,1202.3,5.41449,2.88571e+006,0.0429102,44.154,69.4055,734.563,0.521132,0.199639,34048.2,0.0209902,695.044,6.07594,1.66814e+006,0.124011,18.9311,7200.44,4472.23,6.08208,0.539885,742.332,0.0612775,20.3581,10.1551,34633.9,0.135282,17.9973,11266.5,5787.51,12.0304,0.597979,415.398,0.0793526,10.5598,10.3155,19689.9,0.128346,17.8554,9226.5,5268.16,10.538,0.575141,761.601,0.0692591,19.0403,10.1587,36357.5,0.122447,18.7883,12418.3,6022.81,12.4305,0.619443,391.964,0.0710819,10.2385,11.3505,18582.9,0.0538642,29.2923,1227.01,1192.38,1.49977,0.438464,8174.64,0.0280593,168.581,10.5295,397777,0.0524122,30.7119,2051.17,1688.22,3.15974,0.495921,3532.26,0.0327907,72.8434,12.1927,171889,0.0544973,29.7656,1303.21,1293.37,2.5351,0.433442,4900.48,0.0304729,101.051,9.8364,238507,0.0496974,31.796,1613.93,1710.07,3.11318,0.439765,2964.81,0.0280958,61.135,11.0111,144337,0.0953217,17.1696,2190.99,2168.28,2.25844,0.479504,6937.29,0.0473053,201.493,7.84908,242703,0.0910515,18.2255,3456.24,2762.9,4.66189,0.531652,2188.78,0.0521095,62.7316,8.81503,77488.6,0.0895892,18.1965,2428.54,2346.35,3.89004,0.482923,3123.59,0.0457488,89.5862,8.15976,110642,0.0922557,17.9718,3928.49,2967.84,4.93517,0.551587,2088.52,0.0547313,59.8574,9.07125,73887.6,0.140772,15.0233,10477.8,8366.67,9.88204,0.508104,135.871,0.0648699,16.0173,8.12529,3705.24,0.14423,14.4357,17026.3,11394.5,19.8506,0.57086,68.2623,0.0748506,7.38184,8.69424,1892.91,0.139707,14.9343,11406.9,8994.67,16.0122,0.513916,145.124,0.0638866,14.1863,8.3825,4088.17,0.140879,14.7482,17929.4,11444,20.2256,0.580921,72.3156,0.0729495,7.35067,9.15953,2031.96,0.0984401,18.9118,8254.41,7513.94,9.09029,0.450852,338.003,0.0410418,12.1803,8.9649,15157.8,0.101591,18.9368,18229.4,10486.2,19.8707,0.590472,123.057,0.0573909,4.76829,11.6946,5420.35,0.0974903,19.1459,14467.9,9403.51,17.5648,0.555957,167.205,0.0503176,7.00453,11.2191,7270.72,0.0971327,19.2161,17337.6,10271.5,19.2915,0.584273,105.898,0.0531465,5.08464,11.7552,4439.74,0.135071,16.0392,6578.16,5901.2,7.0781,0.466032,615.333,0.0539714,44.9729,8.13654,15994.9,0.14369,15.0949,10397.5,8301.34,14.8707,0.509231,152.712,0.0624863,10.8516,8.40334,4423.75,0.142935,15.0264,7687.76,7297.49,12.9653,0.46059,197.529,0.0555625,14.4222,7.60563,5724.81,0.144625,15.0663,12622.6,9067.79,16.3446,0.538444,131.043,0.0668858,8.97833,8.88033,3822.29,0.145131,10.8372,8882.7,12712,10.0544,0.449387,147.171,0.0643143,16.1055,5.43881,1762.67,0.141142,10.9494,15390.4,17044.9,20.6648,0.527455,30.0888,0.0712787,3.95733,6.50478,316.7,0.139394,11.0359,9705.59,13560.4,16.4513,0.460382,46.5056,0.0609567,6.34099,5.7895,476.488,0.142722,10.8768,16176.5,17436.3,21.1336,0.535201,28.3708,0.0740812,3.7132,6.50035,299.269,0.136423,13.9231,6683.57,8014.84,8.45497,0.416046,419.889,0.0551806,31.8878,6.46762,6322.64,0.133762,14.2607,13378,11198.1,18.3797,0.520013,60.2148,0.0663883,5.89119,8.37829,820.675,0.129509,14.7964,8337.54,8615.87,14.4921,0.45396,89.1481,0.0536174,9.44121,7.86002,1165.99,0.130949,14.5854,11947.5,10413.6,17.3413,0.503883,67.7263,0.0621914,6.86571,8.41064,905.093
Leaning Tower of Pisa  (NotFromUtrecht),0.140619,25.1957,10219.4,14003.6,9.30636,0.302896,6315.47,0.0455405,448.816,7.45416,228321,0.140012,25.6607,17815.3,18023.9,12.0819,0.396928,2609.16,0.0587898,177.571,10.0924,97446.1,0.140273,25.8549,9378.49,13485,5.7128,0.295613,4481.93,0.0430894,314.396,7.7766,165754,0.139128,25.8343,17966,17975.9,12.059,0.3988,2669.08,0.0585172,199.64,10.2444,96921.7,0.0829506,22.383,21915.6,32266.4,18.8851,0.341734,1827.19,0.0291393,56.5846,7.67183,68024.7,0.0814683,22.6653,44815.8,45548,26.8372,0.429772,1083.58,0.0362129,32.7108,9.81081,40463.9,0.0825512,22.2754,28357,35529.4,12.9096,0.38169,2121.27,0.0319105,61.8064,8.61043,83531.6,0.0829436,22.3322,48988.6,48305.3,28.0766,0.441242,796.492,0.0387361,24.3693,9.80132,30210.9,0.0542455,27.9757,13970.5,18784,9.63015,0.39193,11728.3,0.0223031,314.048,10.5572,473966,0.0560287,27.7246,26315.5,24646.9,13.0885,0.479498,4218.62,0.0297598,109.463,12.7164,174914,0.0573833,27.0552,11723.3,16619.8,5.46466,0.375083,8938.07,0.0229576,227.028,9.81336,377082,0.0550577,27.6925,15663.7,20747.8,10.6227,0.399093,7172.84,0.0235479,179.273,10.7263,305958,0.0882367,21.8974,12008.6,20457.3,11.1773,0.314296,3681.05,0.0298816,169.125,6.76249,123638,0.0859713,22.2477,17673.7,26970.5,14.8031,0.362326,1040.16,0.0343687,55.473,7.95181,30612.6,0.0840875,22.3504,8156.09,20899.5,7.16075,0.249362,1605.73,0.0229159,87.5511,5.53366,45792.7,0.0852224,22.3254,16935,27086,14.8395,0.353768,1041.1,0.0333572,58.9211,7.7862,29487.4,0.0611006,23.5116,20444,44133.8,22.8033,0.289824,419.844,0.0177006,19.9548,6.83956,11261.2,0.0607793,23.8651,40192.1,60616,31.7958,0.362018,228.209,0.0219923,10.4615,8.83874,6303.33,0.0618367,23.468,21717.8,42379.3,13.7018,0.301799,953.811,0.0181306,37.4327,7.47684,29242.4,0.0606981,23.6633,41401.4,63746,32.9175,0.359307,203.087,0.0219112,9.4352,8.61011,5542.85,0.049585,26.2016,21536,38237.9,16.8214,0.356084,3704.53,0.0174627,133.995,9.2102,107146,0.0504729,26.0472,37710,47916.7,21.8882,0.437125,1436.59,0.0221904,53.5615,11.1974,40347.9,0.0505939,25.3558,16311.9,32852.6,8.99986,0.327404,2918.6,0.0165668,109.039,8.22387,82278.4,0.0497993,26.0493,30859.8,45900.1,20.0561,0.409166,1524.25,0.0204805,57.1357,10.3634,42684.6,0.141376,16.3502,31478.8,34619.5,19.8396,0.406136,5567.73,0.0524277,177.251,6.71815,197219,0.136128,16.7835,63780.2,50781.1,29.1968,0.494559,2125.9,0.0609989,65.6959,8.25888,75686.7,0.129772,17.0699,32287.4,36568.1,13.0393,0.399129,3747.52,0.0469559,120.131,6.82801,132992,0.138003,16.8457,55120.1,47205.6,27.5644,0.470311,2032.3,0.0599857,63.6949,7.89267,72234.5,0.089932,22.4626,31484.3,45394.2,27.4956,0.336719,322.904,0.0304749,19.2659,7.27735,9996.07,0.0855735,23.2118,68012.5,68349,41.6161,0.421348,113.727,0.0355565,6.6092,9.48366,3573.39,0.0796863,23.5393,38902.9,51334,19.2291,0.355766,336.349,0.0276385,20.6705,8.24732,10558.9,0.0853341,23.1249,64238.6,67781.4,40.9692,0.410666,110.97,0.0346743,6.58539,9.14875,3490.77,0.225317,16.1971,27352.5,32180.6,22.8928,0.340758,1601.02,0.0569701,243.566,5.99144,48190,0.226317,16.0593,49914.1,43941.5,31.1431,0.412435,535.886,0.072436,97.1609,7.05522,16085,0.219937,15.8406,24081.9,30669.4,13.449,0.322539,1085.06,0.0526933,265.09,5.62952,30612.1,0.222584,16.2764,45497.8,41680.7,29.7,0.402594,546.44,0.0692325,99.7086,6.90885,16366.5
Liberty Hall Georgia (Ezratrumpet),0.0927441,19.5745,14802,12095.9,14.227,0.496614,48.4008,0.0448548,4.4367,9.93793,1009.23,0.0949637,19.0947,27326.6,16011.9,25.1809,0.601775,21.7127,0.0557617,2.01191,11.6305,451.889,0.0943567,18.7824,17435.2,13294.5,20.1462,0.52814,42.6525,0.0481244,3.64381,10.0932,993.89,0.093089,19.3771,21462.3,14529.6,22.7134,0.555839,28.1981,0.050307,2.6339,10.9232,573.236,0.0733428,21.9048,23711.6,17619.9,17.9432,0.568661,43.5989,0.0424828,1.88784,12.1646,1372,0.071783,22.2308,32139,20434.7,27.4109,0.625603,24.9493,0.0457289,1.24742,13.6342,748.576,0.0712092,21.9926,22115.4,17226.8,23.0053,0.558655,42.5488,0.0403099,2.25357,11.896,1274.36,0.0746945,21.8093,33901.3,20546.7,28.3153,0.632429,25.8761,0.0484298,1.14339,13.4994,809.862,0.0725264,23.1819,3292.86,3557.93,3.58021,0.462341,4224.62,0.03698,149.578,10.0679,123561,0.0711749,23.7672,5748.02,4659.58,6.38,0.54541,1231.49,0.0415006,42.1806,12.3652,37361.7,0.0734467,23.3802,4176.65,3854.24,5.44719,0.494328,1642.64,0.039624,56.4728,10.9183,49654,0.072203,23.7408,6060.23,4699.08,6.5,0.555354,1202.78,0.0438272,41.5922,12.5486,36132.3,0.153159,21.6425,5105.21,4675.68,7.49812,0.392975,219.628,0.0485795,21.4334,9.5358,7328.84,0.147663,21.69,10825.2,7321.96,15.4484,0.472791,73.022,0.0598968,8.15271,10.8937,2124.28,0.145189,21.4921,6930.05,5795,12.0406,0.41665,172.858,0.0516259,18.3468,9.43738,4928.32,0.140231,22.2868,11013.3,7305.74,15.455,0.47717,73.6174,0.0573114,9.14589,11.2486,2034.95,0.100027,18.3042,15665.5,12389.3,14.5561,0.504545,56.5306,0.0474662,6.14668,9.84468,1066.15,0.100846,18.1259,25775.8,16581.7,25.8297,0.570671,19.2128,0.0541466,2.39611,11.013,327.972,0.102229,17.3811,14215.6,13069.2,19.6528,0.467815,36.1543,0.0450032,4.76781,8.55947,595.013,0.102448,17.6907,24073.4,16285.8,24.9575,0.560296,20.061,0.0545922,2.51082,10.4291,340.597,0.120053,17.9234,11040.6,8694.83,10.9179,0.498149,105.682,0.0602511,14.3508,9.58262,1344.57,0.113034,18.8056,22549,13615.4,23.1216,0.568095,24.1959,0.0620325,3.56351,11.2681,289.616,0.113308,18.2918,14475,10922,17.9591,0.507975,58.9807,0.0553592,8.68508,9.46919,711.518,0.114847,18.4334,23942.7,14117.3,23.6084,0.580716,23.6652,0.0654073,3.50418,11.068,283.22,0.0516612,26.0708,12963.9,14297.2,14.1954,0.443969,70.2409,0.0233003,3.18638,11.4556,3028.96,0.0510126,26.5676,25757,19421.9,26.2769,0.561338,17.1019,0.028933,1.20105,14.7837,530.584,0.0508327,26.4904,21288.2,17944,24.0212,0.526547,22.2086,0.0271972,1.6679,13.7728,676.94,0.0511246,26.4219,30742,20939.4,28.2403,0.597523,15.0078,0.0307954,1.03088,15.656,481.597,0.0443384,29.3344,28718.3,22722.8,21.2681,0.567667,16.2105,0.0251767,1.24505,16.6886,361.157,0.0459706,28.9943,42786.9,27090.4,34.5625,0.63981,7.39418,0.0296081,0.471111,18.5695,181.412,0.046175,28.852,31249.7,24009.5,30.3828,0.572231,10.1241,0.026762,0.648651,16.3929,245.135,0.0457219,29.0696,47784.5,28277.5,36.0809,0.664865,6.82935,0.0304802,0.440161,19.3942,165.199,0.0366962,32.4479,35171.6,27915.6,23.8412,0.598564,8.18188,0.0226076,0.269426,19.301,273.747,0.0369269,32.3276,51389,32879.7,37.5853,0.676315,5.16093,0.0258122,0.1685,21.7112,173.509,0.0371523,32.1068,35772,28648.6,32.4353,0.597431,7.18347,0.0231115,0.234461,18.8816,242.198,0.0370178,32.3014,51510.8,32744,37.5234,0.677922,5.23861,0.0259819,0.170499,21.7368,176.321
Louvre piramid Paris (Alvesgaspar),0.0946852,26.6397,5604.35,7670.49,2.34259,0.311428,49038.3,0.0332976,1000.71,7.75664,2.44881e+006,0.09063,27.3227,13914.7,12624.2,10.5078,0.419581,8705.73,0.0438963,181.466,9.6956,427507,0.0910851,27.4176,8693.94,10304,8.50119,0.342241,12649.4,0.037853,266.637,7.90279,616629,0.0905706,27.9436,10794.6,12062.1,9.7689,0.37251,10588.6,0.0403621,220.507,9.05759,519826,0.06943,34.269,8259.16,9494.62,2.68606,0.384898,34110.8,0.0310666,670.448,11.424,1.76068e+006,0.0683499,34.2022,16589.3,15462.7,11.4267,0.445803,7223.97,0.0365613,143.332,12.7265,369299,0.0709198,32.6826,12025,12296.1,9.4009,0.412986,10702.3,0.0345454,213.177,10.9136,544711,0.0679728,34.2254,16413.6,15293.6,11.3093,0.445353,7759.37,0.035986,153.743,12.8628,397216,0.0846475,28.1486,6160.82,8836.76,2.33703,0.350721,45449.8,0.0314161,934.137,9.01964,2.24159e+006,0.0815797,29.2235,10182.8,13167.8,9.22146,0.380371,11967.5,0.033495,245.611,9.76401,591235,0.0838955,28.133,5675.89,9989.23,6.89006,0.310189,20260.7,0.0270048,416.775,7.81613,1.00004e+006,0.0822733,29.0202,10333.1,13075,9.16887,0.383365,12359.3,0.0335978,253.75,9.94025,610906,0.104213,16.0053,44809.3,73645.5,15.4364,0.345408,1161.33,0.0374296,32.9304,5.57206,53299.5,0.104568,15.8351,123001,125240,70.949,0.479051,228.4,0.052355,6.92789,7.50669,10164,0.105311,15.8035,84359.5,98529.3,55.7639,0.441113,359.179,0.0485526,13.1223,6.92191,15000.6,0.103884,15.8833,103279,117959,66.3442,0.446049,235.1,0.0481851,7.34338,7.02697,10405.6,0.0883602,18.4331,61021.7,83160.7,17.1931,0.401842,902.832,0.0395004,24.309,7.30412,46013.3,0.0897379,18.3026,129089,119464,69.2435,0.504112,202.046,0.0488768,5.77704,8.95073,9683.67,0.0920921,18.0088,91414.6,101331,58.6722,0.450154,298.973,0.0460651,8.54027,7.81881,14287,0.0897506,18.2842,123346,118158,68.4345,0.49346,239.772,0.0480662,6.46217,8.77431,11846.8,0.110228,15.0154,61931.5,86002.7,17.36,0.405483,1122.32,0.0445468,34.3389,6.32663,50587.4,0.112405,14.7106,119891,128487,69.6862,0.477465,222.192,0.0538598,7.78062,7.14053,9505.46,0.113403,14.5712,78463.5,99736.5,53.7158,0.431908,374.518,0.0493459,15.3963,6.37581,14866.9,0.111834,14.6995,129525,132870,71.9187,0.490918,226.931,0.054969,7.71671,7.33304,9810.59,0.187156,12.3125,55825.8,89692.2,20.3178,0.330195,110.002,0.0612538,17.0561,4.33338,1539.62,0.183034,12.1335,118289,135644,80.885,0.426825,43.6542,0.0784438,7.02205,5.42321,636.565,0.185105,11.9265,67988.7,98947.4,58.4286,0.36685,134.362,0.0653436,18.7778,4.67131,2066.65,0.1819,12.1589,102495,128288,76.3533,0.401362,47.9236,0.072589,7.68773,5.11485,700.302,0.179434,13.8443,76643.3,97481.1,23.4728,0.379019,85.3745,0.0676225,13.6424,5.50662,1105.99,0.185056,13.5435,134644,125996,82.9959,0.464123,40.3109,0.0866575,5.86365,6.55402,578.344,0.176976,13.722,83193.1,103118,66.9651,0.384322,70.2594,0.0681609,10.743,5.49887,995.285,0.181928,13.6257,124576,123536,80.9762,0.447269,41.3916,0.0815854,6.20184,6.36198,587.129,0.192875,11.8595,79349.3,103125,22.6786,0.396434,104.038,0.0720488,17.724,5.20533,1169.67,0.192781,11.4637,129961,142452,82.3432,0.450239,46.6121,0.0857239,8.10668,5.56714,555.272,0.197814,10.9406,63949,99453.1,55.8747,0.36406,152.519,0.0709176,24.252,4.27733,1898.64,0.18851,11.5981,129889,142711,82.2359,0.449751,46.9846,0.0825773,8.53701,5.63013,522.512
Monastery of Batalha (pereiraalexandre20),0.0532401,29.2721,1918.89,1296.95,2.59861,0.535101,1902.7,0.0315678,56.4013,14.9162,68707.6,0.0532236,29.9504,2281.78,1595.81,4.37061,0.523493,492.209,0.0339034,14.023,13.8516,18134.1,0.0535783,30.1828,1646.66,1343.93,3.70459,0.480177,690.509,0.03217,19.6528,12.5264,25346.3,0.0525968,29.9072,2223.35,1616.98,4.37744,0.515856,498.624,0.0327414,14.1766,13.5604,18338.9,0.0563378,26.951,5056.53,2891.78,5.39003,0.607038,492.529,0.0372519,14.9523,15.6463,17751.4,0.058306,26.7205,6193.05,3292.39,8.46191,0.620592,177.679,0.0414676,5.06036,15.1337,6677.71,0.0587757,26.338,4657.88,2797.28,7.19336,0.580274,301.368,0.0387321,8.56483,13.9171,11258.3,0.0576274,26.8375,5813.91,3246.7,8.26025,0.607674,212.041,0.0397004,6.06313,15.0104,7911.86,0.077111,22.9853,3447.94,2396.14,5.02493,0.51014,391.631,0.041459,22.1844,11.5947,11056.5,0.0779089,23.2012,4230.61,2654.81,7.56934,0.540821,117.572,0.0446236,7.33565,12.2918,2993.58,0.0787159,22.9508,2700.74,2225.61,6.33447,0.456695,170.122,0.0386001,10.5828,10.1692,4329.34,0.0771125,23.2551,4504.17,2670.29,7.58301,0.558288,147.43,0.0446557,9.10527,12.7999,3743.56,0.0585432,24.6989,6979.47,4841.26,8.5,0.561763,170.361,0.0340129,4.10315,13.6046,7970.42,0.0605558,24.4804,9451.53,5463.24,13.2202,0.610569,116.486,0.0394273,2.77069,14.4181,5469.27,0.06374,23.622,6501.16,4241.42,10.3955,0.567719,227.398,0.0393543,5.56481,12.7582,10580.4,0.0601404,24.5465,9734.13,5611.84,13.5459,0.61188,103.211,0.0392321,2.46483,14.474,4839.64,0.0597375,24.2822,13397.3,8323.96,13.9373,0.612184,13.2316,0.0386195,0.586498,14.6957,422.081,0.0612802,23.9091,18240.2,9487.06,21.5547,0.666651,8.98537,0.0436177,0.377253,15.5465,291.393,0.0643048,23.06,12529.6,7432.14,16.8838,0.622183,25.3977,0.0427988,0.948469,14.0058,870.507,0.0608799,24.0201,16916.6,9275.4,20.8896,0.65127,9.40489,0.0421436,0.399938,15.3239,302.601,0.0678671,22.8494,8763.27,5129,9.60227,0.595047,128.582,0.0424262,3.16292,13.1194,5751.78,0.0694162,22.6979,12391.4,5985.6,15.2134,0.65419,46.2743,0.0488992,1.22212,14.0504,2005.31,0.0715085,22.2749,8760.52,4919.25,12.4917,0.603653,78.8627,0.0472114,2.11699,12.5902,3421.83,0.0685501,23.0032,10682.5,5648.9,14.4146,0.622138,49.3699,0.0458711,1.32155,13.5407,2136.34,0.0727884,19.3536,5514.82,5442.04,8.37133,0.495859,60.2868,0.0370182,4.09348,9.58284,1086.96,0.0728099,19.1466,8654.56,7517.13,15.1108,0.537569,19.5322,0.0402065,1.35669,10.2688,365.222,0.0737756,18.7508,6479.43,6589.01,12.9346,0.497509,29.6621,0.0383052,2.0859,9.17791,571.02,0.0726418,19.1576,9628.54,7864.71,15.7622,0.558834,18.0986,0.0415259,1.25005,10.6833,338.529,0.060401,24.3981,6561.86,5633.68,9.07368,0.525002,54.8127,0.0316518,3.82295,12.5457,1339.48,0.0600661,24.3011,10060.6,7592.67,16.061,0.566157,19.6291,0.0345653,1.76907,13.3983,475.457,0.058103,24.0888,6086.72,6004.29,12.4102,0.489736,37.5547,0.030357,4.65453,11.3432,878.758,0.0601511,24.2914,9637.15,7496.66,15.8159,0.556731,20.201,0.0341341,1.8021,13.1739,492.614,0.0723694,21.3569,5323.28,5369.35,8.07698,0.50017,62.8859,0.0358666,3.58806,10.7423,1457.78,0.0726888,20.7992,9504.31,8045.31,15.5645,0.560037,18.6421,0.0419614,1.10639,11.4855,456.644,0.0743767,20.2463,5856.15,6362.76,12.0039,0.49202,36.6298,0.0382755,2.1369,9.69991,915.649,0.0715834,20.8707,8343.88,7656.31,14.7651,0.534783,20.4757,0.0390962,1.25622,11.0248,499.132
National Museum of Art of Romania (Laurap),0.0589423,26.3876,1217.93,1779.02,3.12387,0.367699,736.986,0.0215039,14.4039,9.43924,41732.7,0.0590284,26.4242,2499.17,2700.36,6.17659,0.445135,263.912,0.026952,5.11189,10.7119,15112.7,0.0602564,25.9344,1205.09,1855.01,4.1746,0.358465,685.776,0.0216681,13.1646,8.80262,39441.8,0.0615629,27.3928,1141.06,1546.43,3.91865,0.369651,889.179,0.0230203,16.727,9.78189,51834.2,0.0859299,22.2151,306.163,677.975,1.35248,0.234292,1868.32,0.0226663,122.297,5.04129,45827.7,0.0893907,22.3296,635.645,1078.73,2.95585,0.310517,442.152,0.0316952,28.287,6.35249,10806.7,0.0918653,21.8465,381.905,813.377,2.22619,0.260596,897.152,0.0259837,56.2809,5.25231,22161.2,0.0895953,22.0811,767.303,1023.01,2.77679,0.353914,1083.42,0.032291,64.4701,7.51152,26530.9,0.10891,33.8047,602.669,433.437,1.04767,0.469238,7974.71,0.0531345,151.003,13.2659,432314,0.0961343,36.7514,885.98,698.887,1.9256,0.493506,2145.71,0.0504748,41.692,14.729,114298,0.0925456,35.4952,623.606,524.739,1.55258,0.454688,3233.14,0.04579,63.3006,12.6102,172842,0.0993745,36.1819,841.957,654.484,1.85119,0.489178,2495.98,0.0523107,48.1654,14.4246,133575,0.0800007,21.7458,2035.62,3647.01,5.78941,0.341239,81.8094,0.0317693,3.79346,6.60303,2694.14,0.0784742,21.9406,3312.8,4705.29,9.8001,0.397423,39.741,0.0353746,1.96299,7.85883,1207.47,0.0848542,21.1462,1466.24,2559.64,5.49504,0.343852,248.844,0.0315587,10.8614,6.8262,7421.56,0.0794244,21.8859,2986.15,4531.96,9.50149,0.377742,41.3414,0.0351276,2.02359,7.39427,1271.77,0.061805,24.6445,1358.03,2807.2,4.25338,0.317046,436.542,0.0221597,10.8562,7.02848,22742.9,0.0608169,25.0712,2692.33,4299.8,8.70337,0.372362,60.9949,0.025885,1.95772,8.46333,2676.88,0.0623885,24.9319,1412.11,2793.9,5.73611,0.327722,173.921,0.0223808,6.08645,7.6729,6529.57,0.0599119,25.3244,2363.39,4041.06,8.16667,0.355878,70.1763,0.0241345,2.2874,8.2658,3066.04,0.0839504,22.6253,4648.54,3784.88,7.41554,0.482813,296.519,0.0395664,7.30013,11.0732,14022.3,0.0817531,22.9008,6745.71,4647.42,12.0159,0.53606,64.2139,0.042508,2.03843,12.2228,2901.69,0.0791532,23.2196,4434.88,3806.77,9.89881,0.464808,88.9215,0.0359715,3.17923,11.0681,3939.2,0.082235,22.9977,6609.95,4594.55,11.9653,0.530493,64.7982,0.0422264,2.05779,12.2742,2903.04,0.0574861,24.0628,1164.81,2744.54,3.67492,0.322801,388.917,0.0208927,15.7961,7.52422,9911.5,0.0553781,24.2431,3124.6,4800.17,8.27728,0.429867,95.9994,0.026421,3.93013,9.84782,2429.93,0.0546954,23.8477,2694.37,4836.18,7.89683,0.396835,106.713,0.0240909,4.3689,8.9182,2717.24,0.0546021,24.0204,3929.04,5653.66,9.38046,0.45423,77.3788,0.027155,3.15894,10.3627,1965.25,0.083282,25.2705,2227.95,4174.61,6.1006,0.335263,82.5075,0.0323636,7.74895,7.83198,2248.75,0.083514,25.3312,4990.85,5864.14,11.8765,0.453474,27.3504,0.038219,1.96616,10.9561,781.289,0.0797145,25.4865,3511.11,5180.31,10.2024,0.392814,38.3867,0.0297332,2.74625,9.70126,1112.03,0.0779284,25.5694,5860.56,6869.81,13.1984,0.460747,21.1752,0.0355716,1.63645,11.2502,604.464,0.127446,21.8849,2041.98,3164.7,5.51464,0.338847,172.188,0.049192,15.4217,6.90379,5276.21,0.106527,23.29,6715.63,6521.01,13.7292,0.483731,26.2786,0.0508689,2.77561,10.7569,731.136,0.105459,23.3477,4076.66,5180.08,11.0496,0.398024,37.9878,0.038462,4.0449,9.0516,1045.27,0.12189,22.4946,4072.26,4500.8,10.5263,0.426581,45.2464,0.0523697,4.11543,9.29455,1296.68
Philopappos Monument (Templar52),0.0640811,27.172,684.319,914.977,1.77813,0.389465,6449.31,0.0276703,158.668,10.4911,272531,0.0658485,26.1603,1158.13,1269.32,2.42188,0.445288,3431.41,0.0344026,81.1141,11.1251,150546,0.0685869,25.4054,565.585,869.317,1.22887,0.367373,5602.06,0.0321752,134.097,8.35159,244781,0.065091,26.6418,964.739,1226.83,2.35312,0.410944,2481.01,0.0319826,59.9353,10.4104,107181,0.0725724,18.2531,2445.03,5552.82,6.49492,0.377395,505.366,0.0307371,16.7774,6.58175,20112.1,0.0735738,18.0613,4371.27,7927.06,9.57109,0.421049,155.811,0.0350422,5.2163,7.17041,6033.9,0.0738732,17.8529,3020.14,6477.98,5.80839,0.376064,263.013,0.0310473,9.21872,6.40593,9861.28,0.0736536,18.0268,4449.5,8156.79,9.83789,0.414748,130.856,0.0343928,4.56613,7.04916,4949.71,0.0540065,31.3953,660.586,876.467,1.84609,0.376124,4871.78,0.0209034,131.01,12.1334,203783,0.0560958,30.9534,1004.97,1164.2,2.49727,0.408748,1868.86,0.0243602,50.7785,12.9509,79771.5,0.0609688,30.167,559.148,812.941,1.33157,0.347257,4816.12,0.0250977,127.077,10.2368,210165,0.0579289,30.5214,1091.35,1146.69,2.46797,0.428686,2736.99,0.0275343,70.8741,13.3113,120139,0.087806,21.5708,2143.53,2735.79,4.8668,0.419236,963.398,0.0378769,24.9915,9.18764,50260.8,0.0904633,20.6201,3625.63,3773.64,6.52969,0.478936,516.4,0.0456745,11.9232,9.52452,28563.6,0.0936076,19.1452,2272.78,2973.5,3.67782,0.430344,1238.49,0.0444126,27.3549,7.64934,71036,0.0897378,20.8183,3788.85,3926.17,6.76445,0.480946,458.412,0.0470957,10.6633,9.4913,25471.4,0.0507402,31.4652,7150.24,8323.93,13.3625,0.456056,48.1584,0.027598,2.31547,13.3302,1713.8,0.0517601,30.8227,11917.9,10486.9,17.4852,0.52714,22.1915,0.0318509,0.823615,14.9394,846.51,0.0524638,30.3391,8318.75,7970.36,10.2597,0.495862,50.0815,0.0300605,1.75536,13.8171,1925.79,0.0518209,30.9975,12552.9,10821.9,17.9473,0.534536,21.0616,0.0325369,0.778086,15.2739,801.723,0.105239,17.4296,2211.81,3892.98,5.96602,0.379205,317.736,0.042649,18.987,6.52575,9847.58,0.114874,16.4895,3780.92,5461.58,8.28594,0.427181,150.321,0.0562017,8.11637,6.52963,5053.63,0.124781,14.915,2486.07,4260.84,4.72124,0.389039,494.6,0.0555652,18.9686,5.39845,22284.7,0.117752,16.1562,3852.21,5491.68,8.2918,0.430193,176.325,0.0566927,8.90273,6.57541,6326.54,0.0868466,20.8357,3744.2,4568.57,7.56133,0.445808,495.088,0.0369292,54.7892,10.0492,4975.66,0.0941668,19.2774,4254.66,5487.1,8.78594,0.44099,150.571,0.0402645,15.2726,9.21903,1801.26,0.109242,15.0546,1627.15,3647.04,3.85065,0.336452,418.382,0.040947,38.5337,4.51594,6360.29,0.0934415,19.4626,4604.44,5803.23,9.2457,0.44627,134.223,0.0411052,13.7245,9.19485,1581.8,0.0746609,19.3972,6351.58,7419.55,11.4879,0.468087,106.883,0.0380304,6.94104,8.68334,2225.62,0.0764371,19.0767,9760.36,9467.89,14.7891,0.520467,40.4889,0.0434833,2.56015,9.3891,852.736,0.0790217,18.5241,6854.21,7556,8.87676,0.479572,116.11,0.0412985,6.06744,8.37089,2667.31,0.0769043,19.0002,9605.91,9437.47,14.7773,0.515712,39.5208,0.0438369,2.51778,9.17817,830.978,0.128091,10.5351,3568.24,8143.15,8.51914,0.391296,305.011,0.0546121,34.6977,4.15852,2800.8,0.132278,10.3192,6094.3,10723.6,11.4965,0.459062,85.5216,0.0668014,9.45964,4.7147,811.188,0.137985,10.0029,3680.42,7772.23,6.3483,0.408187,165.438,0.0628172,18.1966,3.96943,1587.67,0.134057,10.2299,5276.71,10082.2,10.8527,0.434237,94.2293,0.0654105,10.4101,4.35594,895.728
Quinta Vergara Vina del Mar Chile (Dario Alpern),0.0453666,35.8188,1562.17,4426.99,2.26417,0.189977,45289.4,0.0104933,737.494,5.61491,2.83785e+006,0.051739,32.6964,9104.27,8659.77,6.31355,0.415758,10966.9,0.026419,177.124,10.815,689138,0.0554335,29.9663,6321.1,7077.77,5.07323,0.381355,18339.5,0.0259377,296.41,8.72238,1.15034e+006,0.0506365,33.0661,6760.77,8197.47,5.87512,0.360301,13249.1,0.0223638,213.442,9.65813,833453,0.0547551,25.2611,8506.73,15480.4,6.13725,0.321408,15703.1,0.0178901,268.883,8.01325,970012,0.0584352,24.1897,35392.1,29726.8,16.0169,0.523174,3228.88,0.0321795,53.4048,12.0714,202780,0.0600089,23.3276,27665.4,26170.7,13.7719,0.495891,4934.48,0.0313732,81.0802,11.1097,310601,0.0586311,24.1526,34606.3,29644.5,15.9736,0.517343,3189.24,0.0321016,52.8102,11.94,200280,0.0614099,28.3228,2443.95,4839.26,2.61625,0.256012,43886.7,0.0166222,721.625,6.49035,2.7536e+006,0.0671213,26.512,9585.13,9121.47,6.52868,0.420225,12412.5,0.0316899,202.517,9.53685,779550,0.0711557,24.507,9011.27,8574.09,5.83745,0.431764,17900.3,0.0347043,294.834,8.95862,1.1131e+006,0.0685035,26.3612,12345.1,9734.74,7.08675,0.464035,10617.1,0.0364401,172.93,10.3791,668210,0.104584,16.5838,9417.86,22148.1,8.29899,0.282209,2575.91,0.033024,116.687,4.65161,75483.9,0.104705,16.7997,34335.4,36686,19.1926,0.464057,831.002,0.0516899,38.1975,7.89238,23789.3,0.10248,16.7926,25380.8,30413,15.7632,0.435012,1533.28,0.0456372,70.9429,7.46288,43741.2,0.104814,16.4841,31691.8,37513.4,19.1314,0.445061,851.508,0.0490767,36.1024,7.53488,26559.9,0.0893165,20.9043,45126.8,47142.4,19.9719,0.440877,540.512,0.0411579,54.6165,9.15654,9891.19,0.0912508,20.5156,91010.9,64151.5,37.4529,0.548202,183.291,0.0516125,19.6751,11.2047,3305.79,0.0865645,20.4117,60437.4,49847.2,28.8251,0.503051,359.561,0.0423538,34.3459,10.3187,7034.82,0.0909423,20.4699,92304.6,65071.5,37.9285,0.548774,174.959,0.0513571,18.501,11.1847,3209.26,0.120359,16.6747,15016.3,25384.2,10.7184,0.329461,1573.49,0.0378188,107.492,5.96031,34804.4,0.121222,16.3617,39414.8,40814,22.8916,0.453681,525.164,0.0519725,37.6302,7.9882,11635.4,0.116051,16.5501,27393.7,32473.5,18.1585,0.417048,1078.2,0.0447086,74.6066,7.34003,23838.9,0.121102,16.3925,40593.1,39532.4,22.3708,0.46715,592.928,0.0537064,40.2094,8.16641,13300.9,0.137361,16.3733,24153.7,27465.1,12.7967,0.412152,1092.31,0.0499071,195.924,6.86818,14338.2,0.123971,17.0825,42210.1,39618.1,24.2813,0.458395,319.408,0.0498192,102.462,8.26044,3491.31,0.113761,17.5645,21374.9,27063.6,16.0337,0.389478,1068.63,0.0366514,364.238,7.75614,13341.6,0.127411,17.0052,51403.5,43718.5,27.0761,0.482293,245.684,0.0539889,77.1775,8.73666,2709.37,0.194406,15.9087,45141.8,31430.7,16.5541,0.50174,873.042,0.0952635,218.955,8.26889,9704.3,0.174134,16.2696,73849.7,45742.9,31.462,0.539335,236.423,0.0896618,98.7698,9.20713,1948.14,0.13779,16.8823,31293.2,29426.2,18.7234,0.44496,1026.61,0.0508091,436.23,8.21486,10089.3,0.172265,16.4748,77965.8,46482,32.0917,0.549687,229.429,0.0891114,95.3361,9.58762,1904.74,0.163069,15.505,22010.8,25838.2,12.3626,0.398597,1204.3,0.0561982,234.931,6.59457,12991.7,0.149781,15.9542,41539.1,40192.9,25.2971,0.44409,240.899,0.0583486,82.8198,7.75005,2338.18,0.128804,16.5821,16729.6,24752.8,14.8329,0.347803,1194.27,0.0376914,464.795,6.56006,13329.8,0.143374,16.2385,37811.3,37739.2,23.5233,0.438525,298.503,0.0539499,104.517,7.74953,2864.29
Royal Palace of Caserta (Tango7174),0.108542,24.3497,88.3241,315.013,0.720221,0.201571,2835.11,0.02343,421.226,4.7767,61080,0.117308,25.4413,166.735,560.889,2.33,0.184289,644.467,0.0177692,62.3355,5.91225,15114.7,0.124272,25.3624,96.3064,426.952,1.84,0.141095,875.538,0.0122774,81.2883,5.32262,21318.1,0.120265,25.4197,168.838,526.152,2.21312,0.192257,641.34,0.0174269,59.9514,6.21718,15738.6,0.262772,12.6591,92.5528,294.799,0.598529,0.194805,6148.98,0.0560236,1751.71,2.0379,65527.5,0.247151,15.2943,145.592,488.262,1.89875,0.202504,1043.21,0.0508931,263.49,3.41336,10454.9,0.233403,16.1368,76.1376,413.103,1.64938,0.131105,1023.48,0.0290858,278.347,2.84804,10071.5,0.234212,15.6867,120.741,523.105,2.065,0.158126,663.312,0.0431406,191.49,2.76036,6377.16,0.175063,20.8703,118.562,307.086,0.768015,0.224759,3153.22,0.0413684,722.853,4.19013,51751,0.165037,21.9539,222.074,553.508,2.45438,0.22364,578.039,0.0308224,108.556,6.13066,11831.9,0.155374,22.7997,120.674,467.444,2.07187,0.159681,749.821,0.019881,149.51,5.12835,14228,0.154998,22.9126,234.399,596.503,2.60312,0.222394,514.283,0.0340116,115.386,5.85377,8834.43,0.0541105,30.1975,3701.51,2795.14,5.16324,0.523482,293.14,0.028121,19.4045,15.7904,5288.55,0.0578725,29.2208,7612.36,4155.21,13.5406,0.613748,50.9837,0.0359333,3.40022,17.8506,950.463,0.0614107,28.1399,5341.42,3209.78,10.6831,0.578984,77.7734,0.0363434,4.96567,16.1674,1629.07,0.057602,29.3969,7492.01,4146.65,13.505,0.609491,48.1949,0.0355775,3.20748,17.883,902.245,0.04638,32.8568,5861.72,3887.16,6.87132,0.577609,161.072,0.0285995,12.531,18.7848,2590.56,0.0463122,32.1053,10457.1,5454.45,16.8612,0.646313,22.3384,0.0315485,1.36604,20.4543,467.624,0.0485524,30.8792,7222.63,4132.02,13.14,0.60828,43.4597,0.0311503,2.24829,18.359,1127.48,0.0464783,32.061,10570.1,5493.97,16.9937,0.647273,22.1064,0.0317831,1.35625,20.4725,460.822,0.0575688,29.4412,3883.55,2892.14,5.33088,0.531201,189.929,0.031454,14.8868,15.41,3951.5,0.0581587,28.6105,7635.45,4313.45,13.9738,0.60535,39.3587,0.0356315,2.21729,17.0519,1029.85,0.0606531,27.3663,5509.22,3388.37,11.2519,0.572127,67.7573,0.0351152,3.51959,15.3763,1925.16,0.0580468,28.5593,7771.14,4390.7,14.1994,0.606031,38.0934,0.0356056,2.09985,17.0604,1027.23,0.125114,19.2022,1520.36,1553.52,3.33566,0.404318,285.396,0.0493593,28.379,8.09616,4758.93,0.118574,19.3822,2372.3,2179.02,7.67188,0.443413,113.938,0.0555697,12.442,8.72441,1956.09,0.110331,21.3135,2224.61,1978.7,7.4225,0.431614,124.744,0.0471323,14.6364,9.99035,1984.14,0.115294,20.8545,3345.81,2415.62,9.09938,0.490745,75.9538,0.0567964,8.84367,11.075,1174.24,0.0448945,29.8803,1575.51,1811.29,2.72169,0.470383,754.387,0.0214568,30.2074,14.2752,19468.8,0.0435539,30.148,2662.3,2839.64,7.1575,0.491201,179.335,0.0208719,7.24637,15.4118,4603.8,0.0418211,31.2041,2230.51,2541.83,6.5075,0.467953,220.46,0.0182608,8.98832,15.7082,5615.82,0.0433958,30.3374,2795.25,2852.5,7.2725,0.502536,170.911,0.0212875,6.93615,15.9753,4367.32,0.148288,18.6724,1635.56,1422.07,3.04007,0.446464,617.273,0.0704969,50.1367,8.33136,10388.4,0.129395,21.5639,2908.06,1883.1,7.52875,0.505821,142.669,0.0675016,11.6303,11.8162,2485.52,0.124873,22.5151,2069.66,1512.54,6.21375,0.465629,221.021,0.0556915,17.3844,11.8969,4002.64,0.135712,20.1269,2303.96,1717.23,6.56438,0.478092,210.664,0.0684734,15.3367,9.84026,4073.08
Tottenham High Cross (Fin Fahey),0.0634816,19.3143,3009.69,3810.94,9.52124,0.502552,16.7373,0.0335134,0.964971,9.59772,332.88,0.0632262,19.4059,5020.51,4761.22,11.9379,0.604575,9.44463,0.0396124,0.543286,11.6763,186.923,0.063393,19.362,3158.66,3932.47,7.09507,0.50344,14.5531,0.0332875,0.838661,9.66833,287.82,0.0634364,19.3366,4879.1,4664.55,11.6642,0.603477,10.2608,0.0396746,0.584454,11.6013,204.993,0.060725,29.4001,939.224,529.851,2.36029,0.591711,744.763,0.0420971,15.6551,15.3094,36338.4,0.0692296,29.3983,1138.2,608.994,2.73856,0.605519,543.751,0.053405,11.2154,14.9279,26559.2,0.0802364,27.9974,743.07,409.802,1.37441,0.582764,2270.39,0.0591162,46.6455,14.4635,110964,0.0693766,29.377,1135.66,610.914,2.74755,0.603838,507.649,0.053509,10.4743,14.8779,24792.8,0.0849663,13.8648,1852.98,3328.04,7.04984,0.454455,41.251,0.0397221,3.62099,6.44048,514.81,0.0847619,13.8637,3364.87,4215.88,8.88807,0.574675,26.0097,0.0496887,2.29657,8.10882,322.381,0.0846342,13.9244,2086.41,3462.96,5.28521,0.471108,43.442,0.0409019,3.92631,6.71793,525.082,0.0846002,13.8884,3424.32,4229.88,8.93137,0.578656,26.411,0.049793,2.3507,8.19836,324.651,0.124202,24.3309,2894.68,1151.15,6.48366,0.626381,193.671,0.0856382,5.98109,14.7847,8246.69,0.118056,25.3243,4154.76,1468.77,8.125,0.671992,61.1313,0.0862047,2.19114,16.5539,2527.28,0.10528,25.0664,2712.25,1211.76,4.57512,0.611442,106.25,0.0657542,4.49028,15.0928,4380.18,0.113925,25.4811,4103.23,1473.28,8.07843,0.669566,67.3003,0.082191,2.42812,16.7039,2795.03,0.0997306,21.6884,4664.79,2050.38,9.85703,0.644488,40.3383,0.0708174,1.37372,13.7026,1696.41,0.0983154,22.3406,6206.52,2362.8,11.6095,0.686907,25.7167,0.0745485,0.848282,15.122,1093.4,0.100531,22.3923,3422.43,1615.9,5.7588,0.610212,77.5774,0.0663058,3.07659,13.5016,2971.14,0.0964779,22.4531,5979.11,2342.58,11.4526,0.678164,27.0022,0.0712172,0.890779,15.0789,1150.03,0.178861,25.8182,4487.04,1592.13,9.52941,0.64408,33.9011,0.121976,3.98122,16.4041,1082.06,0.167656,27.0567,6669.17,1982.85,11.7435,0.708352,21.0877,0.120992,2.68072,19.1544,655.905,0.14009,27.7635,3488.44,1431.68,5.75998,0.617899,83.2531,0.0832561,11.5389,16.9184,2541.08,0.168254,26.9642,6585.26,1978.91,11.6871,0.705524,20.8013,0.122109,2.76368,18.9834,638.278,0.19028,15.2246,2969.27,1710.78,7.03268,0.608343,100.864,0.126646,20.9942,10.166,590.291,0.18699,14.6025,3944.07,2271.34,8.80147,0.628975,36.9038,0.127788,7.65365,10.3342,223.406,0.17663,13.744,2048.22,1780.01,4.57512,0.527406,67.5083,0.0965841,14.0376,8.306,463.965,0.186432,14.7077,3867.58,2215.56,8.62827,0.628963,40.5531,0.126882,8.49849,10.3708,241.265,0.175226,15.7029,3413.51,1772.53,8.00163,0.61257,54.3048,0.115055,7.97037,10.6274,522.657,0.171879,14.9118,5099.57,2522.05,10.6732,0.649577,18.3868,0.117642,2.84032,10.6269,180.28,0.161928,14.0376,2484.78,1958.36,5.40493,0.533174,39.0483,0.0880401,6.35322,8.07481,410.191,0.172883,14.8665,4978.92,2470.94,10.4657,0.648222,19.5906,0.118259,2.97554,10.5023,192.938,0.260881,17.6586,2626.18,1284.94,6.52533,0.595668,84.5513,0.147458,21.6342,12.0903,511.504,0.262019,16.5055,4266.53,1931.04,9.26389,0.637883,29.781,0.162909,7.57494,12.1836,180.046,0.241115,16.1091,2371.49,1416.76,4.76056,0.557679,76.6799,0.130017,28.3905,10.2877,463.298,0.256871,16.629,3985.38,1866.86,8.98938,0.625455,31.8834,0.151102,8.12127,12.1509,190.006
Trento Cathedral (Markus Bernet),0.0854679,21.2706,1107.12,925.013,1.74771,0.501962,3872.27,0.0404192,63.6019,10.0172,246073,0.0920592,20.9585,1850.03,1259.43,3.02051,0.567549,1720.77,0.054741,28.0119,9.9812,109492,0.0953266,18.9421,1845.45,1202.54,2.71533,0.597365,2817.2,0.0594254,45.5826,10.1495,179454,0.0972028,20.1276,1492.62,1273.95,2.83838,0.522832,1929.18,0.0567796,31.2365,8.07778,122833,1,1,256,256,0.0978593,9.352e-006,106929,9.352e-006,106929,9.352e-006,106929,1,1,10.6598,582,0.28418,0.00564113,27213,0.00564113,27213,0.00564113,27213,1,1,327,327,0.159668,1.52588e-005,65536,1.52588e-005,65536,1.52588e-005,65536,1,1,10.6598,582,0.28418,0.00564113,27213,0.00564113,27213,0.00564113,27213,0.102982,22.7513,881.862,730.578,1.65979,0.462434,2392.84,0.05542,56.8309,8.86051,146291,0.100939,22.6077,1169.3,1058.55,2.93896,0.449201,1223.28,0.0507849,24.2042,8.22619,76382.9,0.103716,20.5707,779.539,828.144,2.20557,0.414659,3193.06,0.0438608,57.6292,7.88114,201199,0.101692,22.3741,1130.71,1075.81,2.96045,0.438863,1177.21,0.0506085,23.0545,7.94762,73614.2,0.0963119,16.7663,2952.79,3534.36,5.5669,0.452655,215.689,0.0471842,9.48745,7.11906,6953.62,0.091328,17.1732,5724.16,5272.69,10.5249,0.524897,72.5125,0.0510279,2.99463,8.57442,2693.37,0.0885791,17.3145,3427.55,3971.44,7.80713,0.461042,160.523,0.0427095,6.46211,7.77252,6651.4,0.0916796,17.1454,5730.76,5268.92,10.5273,0.525461,73.0898,0.051479,3.02561,8.51259,2671.85,0.103187,16.1628,2169.8,3035.91,4.46407,0.414659,911.833,0.0501716,26.8991,6.16019,51107.1,0.101286,16.4416,4517.97,4530.81,8.98877,0.495483,144.515,0.0546211,4.13317,7.30869,7899.61,0.106797,15.8588,2743.39,3270.29,6.7168,0.445133,226.739,0.0507767,6.99919,6.38081,11933,0.105774,16.1657,3809.8,3984.46,8.12451,0.483611,163.875,0.0564296,4.75235,7.00952,8902.62,0.0747996,20.2802,1694.45,2402.64,3.7068,0.40916,471.312,0.0327059,18.9414,7.63498,18826.4,0.0771019,19.8168,3481.42,3601.23,7.22461,0.492278,167.351,0.040349,5.37199,8.80328,7452.52,0.0795293,18.7586,2099.25,2764.75,5.47412,0.428073,489.798,0.0355809,12.4735,7.56166,25733.7,0.077629,19.8028,3020.72,3267.99,6.65674,0.478617,188.196,0.0397933,6.16122,8.5433,8382.77,0.149941,14.2529,3486.96,3714.44,6.39297,0.461518,90.2907,0.0763612,11.4392,6.75985,1207.49,0.144691,14.5538,5587.3,5023.34,10.752,0.51558,46.3127,0.0815699,6.34457,7.75648,585.749,0.142203,14.8576,3224.95,3732.32,7.92627,0.443405,116.652,0.0686291,16.4205,6.74492,1455.27,0.145543,14.4618,5445.55,5009.16,10.688,0.509443,46.6977,0.0820861,6.38985,7.49867,588.22,0.128716,14.4345,4223.97,4414.63,7.25153,0.475554,81.8812,0.0611625,13.1207,7.23774,882.858,0.134578,14.0361,7735.06,6347.08,13.3584,0.544013,28.2839,0.0756599,4.34346,8.05559,332.205,0.142268,13.7435,4828.39,4883.61,10.4243,0.475339,57.6518,0.0730628,8.73146,6.78439,675.095,0.13648,13.9062,7649.06,6322.98,13.3325,0.540993,27.6897,0.0775334,4.19341,7.87776,328.442,0.138243,16.0617,4579,3740.38,7.14335,0.505547,89.2906,0.0781398,7.50439,8.09083,1815.47,0.130624,16.3679,7524.65,5191.4,12.4614,0.5594,36.7838,0.0794666,3.18788,9.10576,744.877,0.132014,16.4985,4401.3,3740.06,8.99805,0.497552,84.9455,0.0726841,8.08514,8.10445,1596.01,0.130983,16.3144,7156.75,5076.49,12.1436,0.552227,37.571,0.0790705,3.30769,8.95693,756.797
Tuskegee University (US Library of Congress),0.0284005,39.2804,787.929,3444.96,1.4988,0.176031,2281.48,0.00531444,66.4692,6.87484,85464.5,0.0282439,39.5101,1992.2,5721.03,10.9931,0.286921,428.893,0.00816865,11.2523,11.5019,17477.5,0.0283875,39.4564,852.477,3891.39,7.50461,0.184743,815.633,0.00525403,21.1442,7.55084,33569.5,0.0281549,39.6102,1983.66,5694.14,10.8635,0.287567,486.632,0.00815465,12.6084,11.5699,20068.4,0.0218967,55.0513,389.186,2610.12,0.753198,0.174248,14865.9,0.00472111,294.987,8.96115,755574,0.0223509,54.9958,833.182,4533.28,5.54608,0.266301,1782.06,0.00640015,34.333,14.2474,93895.4,0.02313,54.6315,370.502,3104.6,3.8318,0.164537,3088.15,0.00449065,59.2312,8.36775,163545,0.0219142,55.0461,853.2,4543.07,5.55012,0.267794,1836.21,0.00617455,35.43,14.3256,96609.9,0.0311743,36.3128,599.371,2694.91,1.27878,0.168528,2237.88,0.00558686,60.6639,6.08429,88894.8,0.0311434,36.1544,1471.97,4617.58,9.3485,0.264546,587.812,0.00857916,16.4783,9.54229,22762,0.0312574,36.1203,645.2,3206.54,6.49366,0.166425,1104.52,0.00574361,31.0979,5.88712,42674.1,0.0311546,36.1244,1488.63,4698.03,9.48733,0.262523,626.534,0.00856382,17.3582,9.425,24550.2,0.125968,17.8251,2350.4,3616.83,2.68443,0.301909,1529.16,0.0334512,54.7296,5.84903,85934,0.115622,19.5316,5785.57,5692.08,19.2062,0.408882,149.76,0.0417759,13.6442,8.22589,5831.41,0.108078,20.6102,3665.37,4397.73,15.1987,0.353961,231.899,0.0319307,24.8413,7.60315,7919.64,0.114139,19.7098,5951.18,5768.19,19.5403,0.411802,142.153,0.0410607,12.4928,8.43976,5661.39,0.107632,20.7775,2469.21,3466.2,2.83342,0.313088,717.041,0.0288873,31.6031,6.74986,34785.5,0.0992249,21.6737,7719.87,6481.54,23.0772,0.436876,94.6614,0.038394,6.76534,9.29759,3864.15,0.0926794,22.2122,5346.61,5347.87,18.8946,0.393263,138.843,0.032734,12.4728,8.40791,5177.49,0.0984586,21.8091,7817.52,6515.44,23.2581,0.437334,94.6764,0.0381202,6.85209,9.40256,3843.61,0.110174,22.1256,2583.61,3417.33,2.91911,0.314484,1163,0.0310526,49.2643,7.46249,48874.1,0.0987538,23.143,8113.66,6389.82,23.1135,0.451203,90.2247,0.0390914,8.01813,10.9815,2634.42,0.093305,23.2975,5605.08,5505.91,19.2794,0.401986,125.089,0.0318668,12.4523,9.90193,3451.83,0.0996598,22.9485,8113.72,6497.96,23.4159,0.448333,84.9794,0.0394094,7.41532,10.8084,2527.3,0.186424,14.4994,3537.84,5055.73,3.71988,0.330336,257.665,0.0537986,58.115,5.13286,2130.41,0.178746,14.7819,8130.09,8038.95,25.5282,0.417492,68.7545,0.0664396,15.458,6.64821,627.923,0.174709,15.1887,4838.31,6240.33,20.1636,0.335046,109.518,0.0492427,24.7012,5.63647,986.109,0.177251,14.7581,8811.49,8371.12,26.4418,0.429187,65.2874,0.0683965,15.2207,6.79091,571.33,0.182203,15.3019,4500.79,5268.27,3.91844,0.381774,225.542,0.0563785,49.822,7.08153,2951.18,0.171723,15.6653,10172.8,8841.86,28.7471,0.447206,49.0521,0.0636024,11.9652,8.11093,575.798,0.162955,16.2974,7082.61,7190.05,23.8393,0.399289,76.8078,0.0505099,19.083,7.77089,839.033,0.17376,15.6238,10150.1,8723.75,28.3756,0.451668,52.4807,0.0651176,12.1168,8.29286,613.133,0.140396,17.0507,2251.36,4176.41,2.94763,0.282847,358.283,0.036611,49.4521,5.12266,5910.88,0.125806,17.9919,7208.76,7766.71,23.7702,0.407198,77.6548,0.0449802,11.6073,7.87516,1209.96,0.118592,18.412,5201.17,6819.62,20.6601,0.355525,102.572,0.0345426,16.0773,7.26006,1561.18,0.12629,17.9913,7450.4,7946.84,24.4228,0.407598,74.5689,0.0451745,11.0061,7.92541,1165.45
Villa della Regina Turin (Marco Plassio),0.0581376,32.0637,2668.21,3978.4,2.84375,0.273191,26288.5,0.0153054,497.307,8.48709,1.45328e+006,0.0594301,31.9171,5505.34,5721.54,5.46477,0.377626,5924.77,0.0220398,116.787,11.55,317221,0.0617598,30.471,2946.17,4162.17,4.04703,0.294134,10241.3,0.0175602,202.979,8.45616,543984,0.0582407,32.2552,5233.14,5639.24,5.36183,0.367935,7417.42,0.0205771,146.577,11.5281,393036,0.0384171,45.5731,1994.05,4894.4,1.98024,0.297253,43036.8,0.0156106,761.461,11.3341,2.47584e+006,0.0361408,46.9481,3809.48,7443.04,3.71875,0.381473,11086,0.0178874,196.484,15.941,636849,0.0368858,46.4025,1952.04,5032.09,2.59804,0.299192,18272.7,0.0143538,324.407,12.0415,1.04827e+006,0.0359645,46.8836,3832.44,7428.04,3.73238,0.382005,10625.8,0.0175084,188.4,16.0172,610199,0.0233973,53.3794,1200.59,5473.88,1.48736,0.247181,59528.8,0.00702039,1091.19,12.5233,3.30517e+006,0.0237198,53.5009,2408.24,8019.4,2.88021,0.335847,15735.8,0.00949589,293.006,17.2804,859400,0.0249053,52.8393,1172.92,5313.45,1.98882,0.251457,25416.7,0.00811325,475.098,12.3094,1.38243e+006,0.023758,53.3008,2381.49,7908.27,2.87194,0.33673,14280,0.00947358,265.917,17.1719,779855,0.239598,9.79325,8095.44,18519.4,9.14005,0.261249,853.223,0.0569268,190.173,2.89492,6374.39,0.225252,10.287,19372.5,28877.1,19.1748,0.373396,309.847,0.0763034,73.5907,4.28581,2097.41,0.22247,10.4066,12592.8,23306.8,15.5155,0.312619,519.992,0.0603341,119.232,3.74751,3783.03,0.229192,10.1779,20024.6,29242.1,19.4416,0.377649,314.744,0.0781856,73.9274,4.27961,2144,0.12275,14.4327,17839.9,28169.5,13.666,0.362642,412.853,0.0422278,34.7906,5.49546,8070.58,0.118414,14.7664,36720,42608.5,27.6829,0.443457,128.604,0.050084,11.0163,6.8406,2285.96,0.116443,15.1071,19670.9,29596.1,19.3537,0.369308,376.116,0.0410192,31.1969,5.90593,6277.88,0.11845,14.786,36426.2,42296.7,27.5438,0.443471,127.91,0.050399,10.6582,6.84818,2303.37,0.148141,14.8908,9889.65,18037.6,10.0958,0.281822,987.805,0.0359843,65.4628,4.5168,28038.8,0.142283,14.9973,26020.2,30776.2,22.5299,0.405336,192.114,0.0496418,16.4914,6.43849,4347.44,0.139955,15.1455,16968,24631.9,17.9329,0.35192,325.777,0.0412463,29.1335,5.6974,6868.14,0.140839,15.0793,25566.6,30505.1,22.3378,0.404996,187.408,0.0493298,16.5518,6.46597,4252.33,0.236696,15.4509,10683.5,21228.3,13.3564,0.22635,178.428,0.0427453,51.4081,3.97398,2665.3,0.237406,15.1821,20229.8,29140.3,24.4309,0.312468,84.1039,0.0601424,23.8962,5.23284,1313.66,0.225501,15.7076,15013.9,25393.3,21.2941,0.263252,110.339,0.0448858,32.7756,4.68706,1661.58,0.231526,15.5846,27491.9,33497.8,28.0263,0.356519,61.551,0.0638702,18.3133,6.30648,923.247,0.0628631,20.7825,12363.9,32908.3,13.4743,0.253264,212.402,0.0163435,11.1277,5.3829,4832.7,0.0626234,20.9829,26328.2,47886.5,26.5887,0.357548,79.0246,0.02288,4.24748,7.63552,1732.09,0.061765,21.0858,16592.6,38757.9,21.4972,0.28067,128.216,0.0179638,7.28407,6.05286,2788.04,0.062422,20.9541,28489,49641.1,27.3551,0.370245,75.8153,0.0236629,4.12723,7.87839,1650.49,0.247426,13.8756,8398.15,17193.2,11.0949,0.214953,358.598,0.0408456,96.4892,3.44624,6055.01,0.242051,13.9566,20053.4,26426.2,22.6572,0.331997,138.187,0.0579627,34.0016,5.39764,2444.57,0.233945,14.1436,11434.5,20406.2,17.4763,0.249713,233.272,0.0406239,59.0333,4.13799,4084.27,0.243431,13.8825,17333.3,24609.9,21.1555,0.312727,159.165,0.056207,39.4766,5.03025,2814.14
Wupatki National Monument Arizona (Stephen M Alden),0.115764,23.4756,2471.88,1818.21,3.98825,0.553512,314.094,0.0662311,26.076,13.1552,4772.01,0.116108,23.3027,3507.04,2151.33,7.45435,0.596499,99.7204,0.0743375,8.8691,14.23,1595.01,0.116556,23.5269,2600.2,1869.37,6.44242,0.545937,148.03,0.0708971,13.6631,13.0213,2345.58,0.119938,22.977,3180.81,2035.7,7.19101,0.577194,116.429,0.0765231,10.2363,13.3147,1830.06,0.110208,18.854,797.554,809.765,1.75047,0.468957,1688.99,0.0505529,145.969,9.17887,21970.3,0.108072,18.873,1516.35,1208.15,3.98174,0.534334,401.047,0.0570832,32.8204,10.843,5613.31,0.107806,19.0077,1317.52,1099.44,3.64115,0.519761,434.696,0.0561259,35.999,10.5894,6068.38,0.112931,18.609,1410.31,1177.81,3.95506,0.517387,320.448,0.061058,27.292,10.2984,4330.73,0.0977529,20.8609,217.719,345.654,0.891917,0.325597,2588.74,0.0406646,106.436,6.19242,70240.9,0.103856,19.8193,1218.02,683.465,2.71278,0.582977,883.702,0.0723463,36.2582,10.2656,23528.4,0.105497,19.5984,1082.97,656.858,2.60534,0.560336,726.305,0.0717474,29.7427,9.60577,19627.9,0.100032,20.3005,1024.41,734.284,2.89326,0.51602,440.335,0.0660709,17.9987,8.9034,11937.3,0.118588,16.4166,6013.28,3751.02,8.56438,0.588494,22.1679,0.0641723,5.09303,10.0949,213.951,0.132862,15.6198,9485.59,4678.2,16.5386,0.657779,8.2146,0.079659,1.50433,10.7859,97.6001,0.133172,15.5158,8273.5,4433.16,15.5204,0.632174,10.0456,0.077668,1.85477,10.2388,120.442,0.133433,15.5739,8725.77,4518.08,15.9024,0.642737,9.01373,0.0786434,1.64742,10.4971,108.232,0.114169,17.9663,7601.08,3861.14,9.64145,0.627781,20.8298,0.066557,4.9524,11.8141,163.365,0.122658,17.1754,11350.7,4771.42,18.0274,0.689961,7.06135,0.0777802,1.52211,12.4733,74.488,0.123241,17.1409,9322.95,4382.7,16.5162,0.651249,8.4842,0.0741603,1.79376,11.7189,91.4425,0.124542,17.1369,9800.44,4463.81,16.9185,0.660355,7.89374,0.0758352,1.63413,11.8693,85.3662,0.131859,16.9391,6545.73,3546.71,9.07284,0.59705,20.3534,0.0710867,4.71648,11.0492,147.894,0.138834,16.061,11346.2,4840.78,18.198,0.68631,6.60763,0.0848229,1.45184,12.0679,58.4584,0.137406,16.0936,9281.75,4445.82,16.632,0.646933,8.25367,0.0793252,1.82127,11.3845,73.4557,0.141113,15.8994,9901.44,4568.54,17.1313,0.659237,7.71609,0.0848516,1.67338,11.3804,69.5667,0.256551,12.2983,4029.44,2519.22,6.37265,0.558877,64.748,0.124382,26.8114,8.04824,256.203,0.277793,11.3592,5286.22,3247.67,11.606,0.583459,24.1294,0.145641,9.5404,7.72916,108.926,0.279469,11.2164,4347.52,2991.42,10.6643,0.546823,28.7427,0.139271,11.5608,7.14033,132.234,0.284333,11.1191,5255.41,3289,11.6426,0.580029,23.1155,0.151707,9.16019,7.44124,106.67,0.318473,8.7204,2689.14,2483.67,4.84211,0.520033,141.877,0.152393,41.4173,5.60755,569.621,0.336268,8.01036,3726.47,3413.88,9.28511,0.54719,48.8515,0.180115,14.6663,5.3769,199.096,0.332375,8.05009,2936.16,3054.12,8.38343,0.505604,58.7008,0.164929,18.2839,5.01016,237.555,0.33546,7.95462,3512.37,3366.55,9.11517,0.534505,45.8518,0.176368,14.0363,5.17565,187.503,0.263392,11.7681,3719.8,2524.63,6.1438,0.544573,69.7673,0.130967,29.3321,7.47725,268.514,0.282716,10.9462,5255.57,3281.35,11.3357,0.589518,26.1603,0.157625,10.7674,7.41723,111.725,0.284038,10.9546,3970.21,2868.75,10.0007,0.538638,35.9973,0.146431,14.9553,6.81884,153.577,0.28636,10.8925,4606.62,3082.44,10.6791,0.566491,31.5325,0.154403,13.5643,7.14068,132.77
Wurzburg Residence Germany (Rainer Lippert),0.0327911,39.689,10695.9,17370.7,3.16252,0.520889,4781.33,0.0170702,124.479,21.201,189492,0.0348158,38.9714,13081.6,19362.3,15.4157,0.535031,1521.07,0.0193453,39.7394,21.1877,60133.1,0.0347285,38.9455,11119.2,17620,14.0783,0.513909,2137.11,0.0184465,55.9683,20.3662,84079.5,0.0348197,38.9615,12938.7,19196.4,15.2973,0.53397,1857.98,0.0195395,48.663,21.1238,73085.8,0.0737585,31.9126,25442.1,16937,6.01621,0.582573,3504.3,0.0441276,76.384,17.9894,168047,0.0876415,30.6876,41960.7,20287.5,33.3208,0.65307,731.06,0.0630132,16.0382,19.1533,34845,0.0891875,30.3536,36467.8,18345.1,30.7199,0.633286,859.435,0.0620677,18.8996,18.2709,40893.2,0.0880896,30.6705,42072.6,20280.6,33.291,0.654319,733.13,0.0639371,16.043,19.1603,34927.1,0.031828,40.9472,15559.7,26813.8,4.48432,0.524759,3043.48,0.0168598,64.8578,21.2424,146491,0.0338181,40.4126,18746.2,29635.7,21.5266,0.539548,1020.11,0.0185911,21.7186,21.4908,49093,0.0338603,40.3905,15989.3,27235.1,19.834,0.516131,1150.42,0.0178856,24.5513,20.5541,55296.1,0.0341328,40.4107,18984.8,29964.1,21.7848,0.540069,927.801,0.0188902,19.7993,21.4619,44626.8,0.0753621,29.0754,56079.8,25848,11.9584,0.615105,323.066,0.0462303,12.3867,17.671,11326.3,0.081608,29.0113,115247,39137.5,76.6707,0.713322,85.5771,0.0602006,3.06746,20.3686,3078.36,0.0851161,28.4472,81481.9,31617.2,61.4323,0.66999,162.214,0.0593695,5.5802,18.6648,6111.2,0.0815706,29.0518,116022,39116.7,76.6573,0.715784,92.0119,0.0607025,3.34525,20.4517,3286.94,0.0693589,33.073,72094.1,35221.7,15.3484,0.616115,63.8002,0.0464924,2.91954,19.5507,2650.86,0.0764044,32.5627,143472,50761.5,95.1707,0.714585,20.2092,0.0609785,0.654666,22.1945,880.297,0.0785678,31.6575,103265,40449.9,75.865,0.678993,56.9998,0.0589123,1.74319,20.3634,2549.69,0.0760808,32.5915,142849,50716.4,94.9746,0.713789,20.0993,0.0606701,0.660537,22.178,872.753,0.0790667,28.0755,65542.5,28254.6,13.2529,0.632382,206.891,0.0510971,8.34073,17.5919,7312.89,0.0847017,27.7976,124273,41217.1,81.7224,0.717439,72.5017,0.0645384,2.5165,19.521,2635.55,0.0857869,27.0857,82374.9,33218,63.7679,0.660916,133.556,0.0602475,4.53669,17.3486,5058.45,0.0843484,27.8918,121471,41060.8,81.1707,0.711698,72.3626,0.06352,2.47812,19.4647,2628.11,0.138966,21.6206,41614.9,21993.5,10.7837,0.555875,149.142,0.0714564,36.6789,12.445,2136.17,0.133177,23.16,70677.8,32335.3,68.2719,0.589701,33.8701,0.0718861,9.38233,14.3331,430.167,0.133583,23.0053,44764.4,25635.5,53.4875,0.525292,74.1227,0.0623523,19.2848,12.8776,1178.56,0.133768,23.05,71359.1,32737.1,68.9474,0.58957,32.4781,0.0724703,8.93522,14.2471,413.107,0.0941355,28.3082,49176.8,22348,11.537,0.58563,175.31,0.056296,18.4769,16.3198,3731.55,0.0935737,29.375,93998.5,35300.7,75.2835,0.650284,29.0493,0.0626084,3.00826,19.1176,653.614,0.0910941,29.4684,66410.1,29011.8,61.4066,0.603949,50.1364,0.0541987,4.62425,17.9814,1330.82,0.0930855,29.395,93758.1,35232.4,75.0558,0.650384,29.9261,0.0621428,3.12949,19.1193,673.169,0.181312,21.0711,44173.4,19182.3,10.2477,0.588351,295.951,0.100113,125.005,12.4749,2409.69,0.168499,23.0926,75439.6,28876.6,66.058,0.621033,44.1094,0.0925351,20.9691,14.8075,351.449,0.171328,23.2508,47431.8,22417.7,51.3456,0.555772,93.2608,0.0810803,43.5377,13.5736,864.454,0.167967,23.1976,74849.2,28551.1,65.4859,0.621242,46.0744,0.0920977,21.7081,14.8734,365.11
